Name,DP_num,QUVA 07_187 (ALEXA) - 1,QUVA 07_187 (ALEXA) - 2,QUVA 02_127 - 1,QUVA 02_127 - 2,QUVA 03_250 - 1,QUVA 03_250 - 2,QUVA 02_876 (ALEXA) - 1,QUVA 02_876 (ALEXA) - 2,QUVA 03_284 (ALEXA) - 1,QUVA 03_284 (ALEXA) - 2,QUVA 02_774 (ALEXA) - 1,QUVA 02_774 (ALEXA) - 2,QUVA 02_829 (ALEXA) - 1,QUVA 02_829 (ALEXA) - 2,QUVA 03_101 (ALEXA) - 1,QUVA 03_101 (ALEXA) - 2,QUVA 05_282 (ALEXA) - 1,QUVA 05_282 (ALEXA) - 2,QUVA 05_468 (ALEXA) - 1,QUVA 05_468 (ALEXA) - 2,QUVA 02_754 (ALEXA) - 1,QUVA 02_754 (ALEXA) - 2,num_loci_polyploid
SH-Q3291,DP11,158,178,139,139,222,222,116,124,174,184,160,172,154,159,208,211,159,176,131,143,231,243,0
SH-Q3292,DP11,180,180,124,139,222,222,118,118,174,184,160,202,134,134,205,223,146,154,127,147,246,246,0
SH-Q3293,DP01,170,188,127,136,204,204,106,128,182,184,160,174,134,134,208,223,174,176,131,131,231,246,0
SH-Q3293_B,DP11,170,188,127,136,204,204,106,128,182,184,160,174,134,134,208,223,174,176,131,131,231,246,0
SH-Q3294,DP11,146,162,130,130,222,222,118,124,184,188,188,188,154,154,205,211,161,176,145,145,231,243,0
SH-Q3295,DP11,168,174,139,139,204,222,116,128,174,184,172,174,134,144,208,223,167,176,143,145,225,246,0
SH-Q3296,DP11,170,176,130,136,204,222,106,116,172,174,172,172,144,152,208,211,154,176,131,149,225,231,0
SH-Q3298,DP11,184,184,127,139,204,222,118,124,172,184,172,206,134,154,208,211,154,156,131,131,243,246,0
SH-Q3299,DP02,180,180,130,139,220,222,116,118,174,182,168,168,134,154,211,223,159,177,143,143,231,243,0
SH-Q3299_B,DP11,180,180,130,139,220,222,116,118,174,182,168,168,134,154,211,223,159,177,143,143,231,243,0
SH-Q3300,DP11,160,178,118,133,204,222,118,124,172,174,168,172,154,165,208,223,158,177,131,141,231,243,0
SH-Q3301,DP11,176,176,139,142,222,224,118,124,174,192,172,192,154,156,208,223,156,178,117,141,246,253,0
SH-Q3302,DP01,158,178,118,139,220,224,108,128,182,184,172,192,134,134,211,211,154,174,131,131,231,246,0
SH-Q3302_B,DP11,158,178,118,139,220,224,108,128,182,184,172,192,134,134,211,211,154,174,131,131,231,246,0
SH-Q3303,DP01,180,180,130,139,220,222,116,118,174,182,168,168,134,154,211,223,159,177,143,143,231,243,0
SH-Q3303_B,DP11,180,180,130,139,220,222,116,118,174,182,168,168,No peaks,No peaks,No peaks,No peaks,159,177,143,143,No peaks in locus,No peaks in locus,0
SH-Q3304,DP11,170,188,118,127,204,222,106,128,174,182,174,198,134,134,208,223,176,177,131,131,231,231,0
SH-Q3305,DP11,200,200,127,139,204,222,106,124,172,184,172,174,134,154,211,223,156,156,131,131,243,246,0
SH-Q3308,DP05,182,182,127,139,222,224,118,124,182,184,172,174,134,154,208,211,154,154,131,149,231,243,0
SH-Q3308_B,DP11,182,182,127,139,222,224,118,124,182,184,172,174,134,154,208,211,154,154,131,149,231,243,0
SH-Q3309,DP11,180,202,124,139,222,222,118,118,174,184,160,202,134,134,205,223,146,154,127,147,246,246,0
SH-Q3310,DP11,174,180,139,139,222,222,116,124,174,184,160,192,134,134,205,208,154,156,131,161,243,246,0
SH-Q3311,DP04,178,178,139,139,220,222,116,118,182,184,192,206,134,156,208,223,154,167,131,143,231,246,0
SH-Q3311_B,DP11,178,178,139,139,220,222,116,118,182,184,192,206,134,156,208,223,154,167,131,143,231,246,0
SH-Q3312,DP11,Too many alleles,Too many alleles,Too many alleles,Too many alleles,222,224,Too many alleles,Too many alleles,Too many alleles,Too many alleles,176,190,134,134,211,223,Too many alleles,Too many alleles,Too many alleles,Too many alleles,225,231,6
SH-Q3313,DP11,178,178,139,139,220,222,116,118,182,184,192,206,134,156,208,223,154,167,131,143,231,246,0
SH-Q3314,DP11,158,172,130,142,222,222,106,106,184,184,160,200,134,134,211,223,174,176,131,134,225,246,0
SH-Q3315,DP11,178,198,118,139,220,222,116,116,174,184,174,192,134,144,205,211,154,176,131,131,225,246,0
SH-Q3316,DP11,128,188,136,139,204,222,124,124,182,184,174,174,134,154,205,211,158,167,131,165,225,231,0
SH-Q3317,DP11,180,198,118,139,220,222,118,124,174,182,172,192,134,156,205,211,152,167,143,155,231,255,0
SH-Q3318,DP01,128,160,118,139,204,204,116,116,172,172,160,174,134,134,208,211,159,176,131,147,231,246,0
SH-Q3318_B,DP11,128,160,118,139,204,204,116,116,172,172,160,174,134,134,208,211,159,176,131,147,231,246,0
SH-Q3319,DP11,180,200,Too many alleles,Too many alleles,222,222,106,118,Too many alleles,Too many alleles,Too many alleles,Too many alleles,154,154,Too many alleles,Too many alleles,Too many alleles,Too many alleles,131,133,225,225,5
SH-Q3320,DP11,160,172,118,136,222,222,116,118,156,184,172,212,134,156,205,223,154,158,131,155,231,231,0
SH-Q3321,DP11,164,164,130,139,222,222,106,118,156,184,172,202,134,152,211,211,154,158,133,143,231,231,0
SH-Q3322,DP11,180,198,Too many alleles,Too many alleles,222,222,106,118,Too many alleles,Too many alleles,Too many alleles,Too many alleles,154,154,Too many alleles,Too many alleles,Too many alleles,Too many alleles,131,133,225,225,5
SH-Q3323,DP11,172,200,127,139,204,222,106,108,184,184,172,172,134,181,205,223,156,177,155,157,243,243,0
SH-Q3324,DP11,Too many alleles,Too many alleles,Too many alleles,Too many alleles,222,222,106,118,Too many alleles,Too many alleles,Too many alleles,Too many alleles,154,154,Too many alleles,Too many alleles,Too many alleles,Too many alleles,131,133,225,225,6
SH-Q3325,DP11,190,192,118,124,222,222,106,122,174,186,182,190,154,159,205,223,161,163,131,143,231,231,0
SH-Q3326,DP01,146,160,118,127,222,226,106,116,184,190,172,174,134,134,205,211,176,179,131,155,243,246,0
SH-Q3327,DP01,146,190,127,130,204,222,106,106,172,182,178,190,159,159,208,211,158,174,127,133,231,246,0
SH-Q3328,DP01,166,208,118,118,204,224,116,118,174,184,172,172,138,154,205,223,154,163,133,143,231,243,0
SH-Q3329,DP01,166,170,118,127,204,222,108,116,174,184,190,208,134,134,205,205,161,176,131,135,243,243,0
SH-Q3330,DP01,146,160,118,127,222,226,106,116,184,190,172,174,134,134,205,211,176,179,131,155,243,246,0
SH-Q3331,DP01,192,196,Too many alleles,Too many alleles,222,222,106,118,Too many alleles,Too many alleles,Too many alleles,Too many alleles,154,154,Too many alleles,Too many alleles,Too many alleles,Too many alleles,131,133,225,225,5
SH-Q3332,DP01,170,194,118,139,222,222,108,124,176,182,172,192,134,154,205,208,154,178,131,153,231,231,0
SH-Q3333,DP01,148,178,124,139,222,222,118,118,174,184,168,214,134,169,211,223,176,177,143,143,228,231,0
SH-Q3334,DP01,170,182,118,139,222,222,108,124,176,182,172,204,134,154,205,208,154,178,131,153,231,231,0
SH-Q3335,DP01,170,194,118,139,222,222,108,124,176,182,172,204,134,154,205,208,154,178,131,143,231,231,0
SH-Q3336,DP01,170,194,118,139,222,222,108,124,176,182,172,196,134,154,205,208,154,178,131,153,231,231,0
SH-Q3337,DP01,Too many alleles,Too many alleles,118,139,220,222,106,108,174,184,Too many alleles,Too many alleles,134,154,205,205,Too many alleles,Too many alleles,Too many alleles,Too many alleles,225,231,4
SH-Q3338,DP01,160,170,118,139,222,222,106,108,176,184,174,206,134,134,208,211,154,174,153,157,231,243,0
SH-Q3339,DP01,Too many alleles,Too many alleles,118,139,220,222,106,108,174,184,Too many alleles,Too many alleles,134,154,205,205,Too many alleles,Too many alleles,Too many alleles,Too many alleles,225,231,4
SH-Q3340,DP01,178,182,127,130,222,222,106,116,184,190,182,208,144,159,208,223,177,178,131,131,243,258,0
SH-Q3341,DP01,166,170,118,127,204,222,108,116,174,184,190,208,134,134,205,205,161,176,131,135,243,243,0
SH-Q3342,DP01,156,176,127,130,220,222,106,108,174,188,190,192,159,159,205,208,154,158,127,157,225,231,0
SH-Q3343,DP01,188,196,Too many alleles,Too many alleles,220,222,106,118,Too many alleles,Too many alleles,Too many alleles,Too many alleles,154,154,Too many alleles,Too many alleles,Too many alleles,Too many alleles,131,133,225,225,5
SH-Q3344,DP01,146,160,118,127,222,226,106,116,184,190,172,174,134,134,205,211,176,179,131,155,243,246,0
SH-Q3345,DP01,164,184,127,127,204,222,106,124,176,184,172,176,134,154,211,223,154,154,131,131,225,243,0
SH-Q3346,DP01,178,182,127,130,222,222,106,116,184,190,182,206,144,159,208,223,177,178,131,131,243,258,0
SH-Q3347,DP01,180,198,Too many alleles,Too many alleles,222,222,106,118,Too many alleles,Too many alleles,Too many alleles,Too many alleles,154,154,Too many alleles,Too many alleles,Too many alleles,Too many alleles,131,133,225,225,5
SH-Q3348,DP01,Too many alleles,Too many alleles,Too many alleles,Too many alleles,222,222,106,118,Too many alleles,Too many alleles,Too many alleles,Too many alleles,154,154,Too many alleles,Too many alleles,Too many alleles,Too many alleles,131,133,225,225,6
SH-Q3349,DP01,Too many alleles,Too many alleles,Too many alleles,Too many alleles,222,222,106,118,Too many alleles,Too many alleles,Too many alleles,Too many alleles,154,154,Too many alleles,Too many alleles,Too many alleles,Too many alleles,131,133,225,225,6
SH-Q3350,DP01,148,176,127,139,222,222,108,118,184,190,168,172,169,185,211,211,154,177,131,143,228,231,0
SH-Q3351,DP01,Too many alleles,Too many alleles,Too many alleles,Too many alleles,222,222,106,118,Too many alleles,Too many alleles,Too many alleles,Too many alleles,154,154,Too many alleles,Too many alleles,Too many alleles,Too many alleles,131,133,225,225,6
SH-Q3352,DP01,Too many alleles,Too many alleles,Too many alleles,Too many alleles,222,222,106,118,Too many alleles,Too many alleles,Too many alleles,Too many alleles,154,154,Too many alleles,Too many alleles,Too many alleles,Too many alleles,131,133,225,225,6
SH-Q3353,DP01,164,196,127,127,204,224,106,108,Too many alleles,Too many alleles,184,206,134,134,205,208,154,154,131,151,231,243,1
SH-Q3354,DP01,156,180,127,136,222,224,108,124,174,176,174,178,134,154,205,208,154,156,129,141,225,231,0
SH-Q3355,DP01,146,184,133,139,224,224,106,106,176,192,174,174,134,148,205,211,156,178,131,155,243,243,0
SH-Q3356,DP01,128,182,127,133,222,222,124,124,172,182,160,188,134,157,205,211,154,158,129,163,225,231,0
SH-Q3357,DP02,182,182,118,127,224,224,122,124,176,176,160,172,134,154,208,211,154,156,129,131,225,231,0
SH-Q3357_B,DP01,182,182,118,127,224,224,122,124,176,176,160,172,134,154,208,211,154,156,129,131,225,231,0
SH-Q3358,DP01,172,174,118,139,222,224,113,126,184,184,160,168,134,183,205,211,158,177,163,163,225,231,0
SH-Q3359,DP01,180,182,118,130,222,224,122,124,172,192,160,174,134,154,205,205,158,178,131,165,225,243,0
SH-Q3360,DP01,154,186,133,133,222,222,106,106,174,182,172,174,134,156,205,211,156,178,131,135,231,253,0
SH-Q3361,DP01,180,198,118,130,224,226,122,124,172,176,160,174,134,152,205,205,156,177,135,145,231,231,0
SH-Q3362,DP01,168,192,118,130,220,224,106,120,174,174,172,174,134,154,205,208,158,158,131,161,231,243,0
SH-Q3363,DP01,180,198,118,130,224,226,122,124,172,176,160,174,134,152,205,205,156,177,135,145,231,231,0
SH-Q3364,DP01,184,190,127,133,224,224,124,124,176,176,172,174,134,154,205,205,154,156,119,131,243,243,0
SH-Q3365,DP03,180,198,118,130,224,226,122,124,172,176,160,174,134,152,205,205,156,177,135,145,231,231,0
SH-Q3365_B,DP01,180,198,118,130,224,226,122,124,172,176,160,174,134,152,205,205,156,177,135,145,231,231,0
SH-Q3366,DP05,194,194,118,133,224,224,122,124,176,192,168,200,134,138,205,211,154,159,133,163,225,246,0
SH-Q3366_B,DP01,194,194,118,133,224,224,122,124,176,192,168,200,134,138,205,211,154,159,133,163,225,246,0
SH-Q3367,DP01,184,190,127,133,224,224,124,124,176,176,172,174,134,154,205,205,154,156,119,131,243,243,0
SH-Q3368,DP01,162,202,130,139,204,204,106,124,172,174,174,192,154,156,211,223,174,177,131,131,246,246,0
SH-Q3369,DP01,128,172,130,133,204,224,106,108,174,184,160,168,134,144,205,208,179,180,143,143,246,246,0
SH-Q3370,DP01,128,192,139,139,222,222,124,128,174,184,172,172,134,144,205,205,177,179,127,131,231,243,0
SH-Q3371,DP01,184,190,118,139,204,222,118,124,172,174,160,186,134,134,211,211,176,176,143,145,228,246,0
SH-Q3372,DP01,128,172,136,139,204,222,118,124,172,184,174,192,134,134,208,211,167,177,131,143,231,246,0
SH-Q3373,DP01,128,178,127,139,222,222,116,124,172,184,192,206,134,134,208,223,154,177,131,143,231,246,0
SH-Q3374,DP02,172,190,127,136,204,204,106,128,182,184,160,174,134,134,208,223,174,176,131,131,231,246,0
SH-Q3374_B,DP01,172,190,127,136,204,204,106,128,182,184,160,174,134,134,208,223,174,176,131,131,231,246,0
SH-Q3375,DP01,178,190,118,127,220,222,116,118,174,182,172,174,134,156,211,223,158,167,143,163,231,231,0
SH-Q3376,DP01,170,170,139,139,204,204,108,118,172,172,168,192,134,144,205,208,146,177,127,131,243,246,0
SH-Q3377,DP01,170,170,139,139,204,204,108,118,172,172,168,192,134,144,205,208,146,177,127,131,243,246,0
SH-Q3378,DP01,184,186,124,139,220,222,106,108,174,184,Too many alleles,Too many alleles,134,152,Too many alleles,Too many alleles,177,177,131,131,Too many alleles,Too many alleles,3
SH-Q3379,DP01,184,186,124,139,220,222,106,108,174,184,Too many alleles,Too many alleles,134,152,Too many alleles,Too many alleles,176,178,131,131,Too many alleles,Too many alleles,3
SH-Q3380,DP02,186,188,127,139,220,224,116,118,174,182,174,174,134,134,205,211,158,176,131,165,231,231,0
SH-Q3380_B,DP01,186,188,127,139,220,224,116,118,174,182,174,174,134,134,205,211,158,176,131,165,231,231,0
SH-Q3381,DP01,182,182,127,139,222,224,118,124,182,184,172,174,134,154,208,211,154,154,131,149,231,243,0
SH-Q3382,DP01,180,184,118,127,204,222,116,118,172,174,172,174,134,134,208,223,158,167,153,165,231,243,0
SH-Q3383,DP01,156,170,130,139,220,222,106,106,182,184,190,208,150,154,208,223,174,176,131,131,231,246,0
SH-Q3384,DP01,176,176,139,142,222,224,118,124,174,192,172,192,154,156,208,223,156,178,117,141,246,253,0
SH-Q3385,DP01,174,200,118,139,220,222,116,116,182,184,174,174,134,134,205,211,154,176,141,143,225,231,0
SH-Q3386,DP01,158,170,118,136,204,222,108,124,172,174,160,172,134,157,208,211,167,176,131,131,243,246,0
SH-Q3387,DP01,158,200,124,139,222,224,106,124,184,184,160,200,134,159,208,223,154,176,131,134,225,243,0
SH-Q3388,DP01,182,204,136,139,220,222,116,116,182,184,174,174,134,134,205,211,154,154,141,143,225,231,0
SH-Q3389,DP01,178,180,118,139,204,220,116,116,172,174,160,174,134,159,211,223,176,176,143,153,225,243,0
SH-Q3390,DP01,180,180,130,139,220,222,116,118,174,182,168,168,134,154,211,223,159,177,143,143,231,243,0
SH-Q3391,DP01,184,190,118,139,204,222,118,124,172,174,160,186,134,134,211,211,176,176,143,145,228,246,0
SH-Q3392,DP01,128,188,130,136,220,224,106,106,174,188,172,172,134,156,208,211,156,158,131,133,231,243,0
SH-Q3393,DP01,170,194,139,139,204,222,108,124,172,174,168,172,144,144,208,211,167,177,131,143,231,243,0
SH-Q3394,DP01,178,204,124,139,222,224,108,118,184,184,160,174,134,159,205,208,154,167,141,143,243,246,0
SH-Q3395,DP01,128,170,136,139,204,222,118,124,172,184,174,192,134,134,208,211,167,177,131,143,231,246,0
SH-Q3396,DP04,160,180,118,133,204,222,118,124,172,174,168,172,154,165,208,223,158,177,131,141,231,243,0
SH-Q3396_B,DP01,160,180,118,133,204,222,118,124,172,174,168,172,154,165,208,223,158,177,131,141,231,243,0
SH-Q3397,DP01,178,196,118,139,222,222,124,124,174,174,160,172,159,159,205,223,154,167,131,143,225,243,0
SH-Q3398,DP01,170,178,127,139,222,222,106,116,174,174,160,190,154,159,211,223,176,178,143,153,231,243,0
SH-Q3399,DP01,168,174,130,136,204,222,106,116,172,174,172,172,144,152,208,211,154,176,131,149,225,231,0
SH-Q3400,DP01,128,168,118,124,222,222,108,128,172,174,168,174,134,156,208,223,154,161,141,161,231,231,0
SH-Q3401,DP01,194,194,124,139,222,224,108,118,184,184,160,174,134,159,205,208,154,167,141,143,243,246,0
SH-Q3402,DP01,176,176,139,142,222,224,118,124,174,192,172,192,154,156,208,223,156,178,117,141,246,253,0
SH-Q3403,DP01,186,188,127,139,220,224,116,118,174,182,174,174,134,134,205,211,158,176,131,165,231,231,0
SH-Q3404,DP02,168,180,130,136,204,222,106,116,172,174,172,172,144,152,208,211,154,176,131,149,225,231,0
SH-Q3405,DP02,178,200,139,139,220,222,116,118,182,184,172,206,134,134,208,211,158,167,141,143,231,243,0
SH-Q3406,DP02,128,158,127,139,204,204,108,124,172,194,188,194,134,134,208,223,172,172,131,131,231,258,0
SH-Q3407,DP02,172,178,127,136,204,204,108,118,172,194,178,204,134,154,208,223,154,167,131,131,243,249,0
SH-Q3408,DP02,168,174,139,139,204,222,116,128,174,184,172,174,134,144,208,223,167,176,143,145,225,246,0
SH-Q3409,DP02,186,194,127,139,220,224,116,118,174,182,174,174,134,134,205,211,158,176,131,165,231,231,0
SH-Q3410,DP02,146,162,130,130,222,222,118,124,184,188,188,188,154,154,205,211,161,176,145,145,231,243,0
SH-Q3411,DP02,156,178,118,139,222,222,108,118,174,184,176,186,134,134,205,208,167,176,131,135,228,253,0
SH-Q3412,DP02,168,174,130,136,204,222,106,116,172,174,172,172,144,152,208,211,154,176,131,149,225,231,0
SH-Q3413,DP02,164,192,124,142,222,224,106,126,174,192,188,188,134,154,208,208,174,177,131,131,231,231,0
SH-Q3414,DP02,Too many alleles,Too many alleles,Too many alleles,Too many alleles,Too many alleles,Too many alleles,Too many alleles,Too many alleles,Too many alleles,Too many alleles,172,192,Too many alleles,Too many alleles,208,211,Too many alleles,Too many alleles,Too many alleles,Too many alleles,Too many alleles,Too many alleles,9
SH-Q3415,DP02,190,192,124,139,222,224,108,118,184,184,160,174,134,159,205,208,154,167,141,143,243,246,0
SH-Q3416,DP02,158,176,136,139,204,220,124,124,172,184,160,172,134,134,208,208,176,177,131,131,243,246,0
SH-Q3417,DP02,170,190,118,127,204,222,106,128,174,182,174,198,134,134,208,223,176,177,131,131,231,231,0
SH-Q3418,DP02,174,200,118,139,220,222,116,116,182,184,174,174,134,134,205,211,154,176,141,143,225,231,0
SH-Q3419,DP02,128,172,136,139,204,222,118,124,172,184,174,192,134,134,208,211,167,177,131,143,231,246,0
SH-Q3420,DP02,128,158,127,139,204,204,108,124,172,194,188,194,134,134,208,223,172,172,131,131,231,258,0
SH-Q3421,DP02,172,184,139,139,222,224,108,124,174,174,172,174,134,144,205,208,167,167,131,131,231,231,0
SH-Q3422,DP02,170,188,127,136,204,204,106,128,182,184,160,174,134,134,208,223,174,176,131,131,231,246,0
SH-Q3423,DP02,156,192,130,139,204,224,106,122,172,174,172,198,144,154,208,211,158,179,143,145,231,246,0
SH-Q3424,DP02,180,202,124,139,222,222,118,118,174,184,160,202,134,134,205,223,146,154,127,147,246,246,0
SH-Q3425,DP02,180,202,124,139,222,222,118,118,174,184,160,202,134,134,205,223,146,154,127,147,246,246,0
SH-Q3426,DP02,Too many alleles,Too many alleles,118,139,222,222,108,118,174,184,176,186,134,134,205,208,167,176,131,135,228,253,1
SH-Q3427,DP02,172,180,130,139,204,220,116,118,172,182,168,168,134,154,223,223,159,180,131,143,231,243,0
SH-Q3428,DP02,168,174,139,139,204,222,116,128,174,184,172,174,134,144,208,223,167,176,143,145,225,246,0
SH-Q3429,DP02,166,178,130,130,204,222,108,118,172,174,172,192,134,144,223,223,177,177,143,143,228,243,0
SH-Q3430,DP02,182,194,139,139,220,224,106,108,174,184,160,168,134,156,205,211,158,177,131,133,243,246,0
SH-Q3431,DP02,128,188,136,139,204,222,124,124,182,184,174,174,134,154,205,211,158,167,131,165,225,231,0
SH-Q3432,DP02,186,190,127,139,220,224,116,118,174,182,174,174,134,134,205,211,158,176,131,165,231,231,0
SH-Q3433,DP02,128,192,118,130,204,222,106,106,184,184,160,172,134,154,208,223,167,176,117,145,243,246,0
SH-Q3434,DP02,Too many alleles,Too many alleles,118,139,220,222,118,124,174,182,172,192,134,156,205,211,152,167,145,153,231,246,1
SH-Q3435,DP08,170,194,139,139,204,222,108,124,172,174,168,172,144,144,208,211,167,177,131,143,231,243,0
SH-Q3435_B,DP02,170,194,139,139,204,222,108,124,172,174,168,172,144,144,208,211,167,177,131,143,231,243,0
SH-Q3436,DP02,158,192,130,130,222,224,106,122,174,194,160,178,134,167,208,211,167,177,117,157,231,246,0
SH-Q3437,DP02,158,202,124,139,222,224,106,124,184,184,160,200,134,159,208,223,154,176,131,134,225,243,0
SH-Q3438,DP02,182,192,139,139,220,224,106,108,174,184,160,168,134,156,205,211,158,177,131,133,243,246,0
SH-Q3439,DP02,128,158,127,139,204,204,108,124,172,194,188,196,134,134,208,223,172,172,131,131,231,258,0
SH-Q3440,DP02,128,188,136,139,204,222,124,124,182,184,174,174,134,154,205,211,158,167,131,165,225,231,0
SH-Q3441,DP03,128,188,136,139,204,222,124,124,182,184,174,174,134,154,205,211,158,167,131,165,225,231,0
SH-Q3441_B,DP02,128,188,136,139,204,222,124,124,182,184,174,174,134,154,205,211,158,167,131,165,225,231,0
SH-Q3442,DP02,128,188,118,130,204,222,106,106,184,184,160,172,134,154,208,223,167,176,117,145,243,246,0
SH-Q3443,DP02,162,192,130,139,204,224,106,108,172,174,160,160,134,157,208,208,158,167,117,131,246,246,0
SH-Q3444,DP02,Too many alleles,Too many alleles,118,139,220,222,118,124,174,182,172,192,134,156,205,211,152,167,145,153,231,246,1
SH-Q3445,DP02,128,188,136,139,204,222,124,124,182,184,174,174,134,154,205,211,158,167,131,165,225,231,0
SH-Q3446,DP02,178,202,118,139,220,222,118,124,174,182,172,192,134,156,205,211,152,167,143,153,231,246,0
SH-Q3447,DP04,178,178,139,139,220,222,116,118,182,184,192,206,134,156,208,223,154,167,131,143,231,246,0
SH-Q3447_B,DP02,156,178,139,139,220,222,116,118,182,184,192,206,134,156,208,223,154,167,131,143,231,246,0
SH-Q3448,DP02,182,194,118,139,220,222,118,124,174,182,172,192,134,156,205,211,152,167,143,155,231,246,0
SH-Q3449,DP02,186,188,127,139,220,224,116,118,174,182,174,174,134,134,205,211,158,176,131,165,231,231,0
SH-Q3450,DP02,182,204,124,139,222,222,118,118,174,184,160,202,134,134,205,223,146,154,127,147,246,246,0
SH-Q3451,DP02,184,184,127,139,204,222,118,124,172,184,172,206,134,154,208,211,154,156,131,131,243,246,0
SH-Q3452,DP02,192,202,124,139,222,224,108,118,184,184,160,174,134,159,205,208,154,167,141,143,243,246,0
SH-Q3453,DP02,128,188,136,139,204,222,124,124,182,184,174,174,134,154,205,211,158,167,131,165,225,231,0
SH-Q3454,DP02,128,188,136,139,204,222,124,124,182,184,174,174,134,154,205,211,158,167,131,165,225,231,0
SH-Q3455,DP02,170,186,127,130,204,222,106,118,174,184,168,172,154,154,223,223,167,176,117,143,231,243,0
SH-Q3456,DP02,128,188,136,139,204,222,124,124,182,184,174,174,134,154,205,211,158,167,131,165,225,231,0
SH-Q3457,DP02,172,188,133,139,204,204,108,118,172,184,168,168,144,157,205,211,167,179,141,143,243,246,0
SH-Q3458,DP02,128,180,118,139,204,222,106,106,184,184,172,192,152,154,205,223,158,167,145,159,231,243,0
SH-Q3459,DP02,128,178,118,139,204,204,116,124,172,172,174,194,134,159,208,208,156,176,147,147,231,258,0
SH-Q3460,DP02,170,192,127,130,204,222,106,118,174,184,168,172,154,154,223,223,167,176,117,143,231,243,0
SH-Q3461,DP02,180,196,118,139,220,222,118,124,174,182,172,192,134,156,205,211,152,167,143,153,231,246,0
SH-Q3462,DP02,128,128,136,139,222,224,108,118,174,184,172,192,134,134,208,211,158,177,131,165,243,246,0
SH-Q3463,DP02,178,184,118,133,204,204,106,118,172,172,174,186,134,154,208,211,154,167,129,153,228,246,0
SH-Q3464,DP02,184,186,127,139,220,224,116,118,174,182,174,174,134,134,205,211,158,176,131,165,231,231,0
SH-Q3465,DP02,176,202,124,139,222,224,108,118,184,184,160,174,134,159,205,208,154,167,141,143,243,246,0
SH-Q3466,DP02,182,182,127,139,222,224,118,124,182,184,172,174,134,154,208,211,154,154,131,147,231,243,0
SH-Q3467,DP02,180,180,127,139,222,224,118,124,182,184,172,174,134,154,208,211,154,154,131,147,231,243,0
SH-Q3468,DP02,174,192,130,136,204,222,106,108,172,184,160,176,138,157,208,208,158,174,117,131,243,246,0
SH-Q3469,DP02,180,184,118,133,204,204,106,118,172,172,174,186,134,154,208,211,154,167,129,153,228,246,0
SH-Q3470,DP02,Too many alleles,Too many alleles,118,139,220,222,118,124,174,182,172,192,134,156,205,211,152,167,145,153,231,246,1
SH-Q3471,DP02,160,170,118,124,204,222,106,118,172,174,172,194,154,165,205,208,176,178,131,147,231,246,0
SH-Q3472,DP02,Too many alleles,Too many alleles,Too many alleles,Too many alleles,222,224,Too many alleles,Too many alleles,Too many alleles,Too many alleles,176,190,134,134,211,223,Too many alleles,Too many alleles,Too many alleles,Too many alleles,Too many alleles,Too many alleles,7
SH-Q3473,DP02,168,174,139,139,204,222,116,128,174,184,172,174,134,144,208,223,167,176,143,145,225,246,0
SH-Q3474,DP02,182,190,118,139,204,222,118,124,172,174,160,186,134,134,211,211,176,176,143,145,228,246,0
SH-Q3475,DP02,180,180,127,139,222,224,118,124,182,184,172,174,134,154,208,211,154,154,131,147,231,243,0
SH-Q3476,DP02,156,178,118,139,222,222,108,118,174,184,176,186,134,134,205,208,167,176,131,135,228,256,0
SH-Q3477,DP02,180,180,127,139,222,224,118,124,182,184,172,174,134,154,208,211,154,154,131,147,231,243,0
SH-Q3478,DP02,182,190,118,139,204,222,118,124,172,174,160,186,134,134,211,211,176,176,143,145,228,246,0
SH-Q3479,DP02,128,188,130,136,220,224,106,106,174,188,172,172,134,156,208,211,156,158,131,133,231,243,0
SH-Q3480,DP02,180,198,118,139,220,222,118,124,174,182,172,192,134,156,205,211,152,167,143,153,231,246,0
SH-Q3481,DP02,180,200,118,139,220,222,118,124,174,182,172,192,134,156,205,211,152,167,143,155,231,246,0
SH-Q3482,DP02,184,184,127,139,204,222,118,124,172,184,172,204,134,154,208,211,154,156,131,131,243,246,0
SH-Q3483,DP02,186,188,127,139,220,224,116,118,174,182,174,174,134,134,205,211,158,176,131,165,231,231,0
SH-Q3484,DP02,168,174,139,139,204,222,116,128,174,184,172,174,134,144,208,223,167,176,143,145,225,246,0
SH-Q3485,DP02,128,188,136,139,204,222,124,124,182,184,174,174,134,154,205,211,158,167,131,165,225,231,0
SH-Q3486,DP02,180,180,127,139,222,224,118,124,182,184,172,174,134,154,208,211,154,154,131,147,231,243,0
SH-Q3487,DP02,168,174,139,139,204,222,116,128,174,184,172,174,134,144,208,223,167,176,143,145,225,246,0
SH-Q3488,DP02,170,192,118,127,220,222,108,124,184,184,172,184,154,179,211,223,154,170,131,131,225,243,0
SH-Q3489,DP02,128,172,139,139,204,222,118,124,172,174,172,192,134,144,208,211,167,167,131,143,231,246,0
SH-Q3490,DP03,174,174,127,139,222,224,118,124,182,184,172,174,134,154,208,211,154,154,131,147,231,243,0
SH-Q3490_B,DP02,174,182,127,139,222,224,118,124,182,184,172,174,134,154,208,211,154,154,131,147,231,243,0
SH-Q3491,DP02,168,174,139,139,204,222,116,128,174,184,172,174,134,144,208,223,167,176,143,145,225,246,0
SH-Q3492,DP02,Too many alleles,Too many alleles,124,139,222,224,108,118,184,186,160,174,134,159,205,208,154,167,141,143,243,246,1
SH-Q3493,DP02,180,198,118,139,220,222,118,124,174,182,172,192,Too many alleles,Too many alleles,205,211,Too many alleles,Too many alleles,Too many alleles,Too many alleles,231,246,3
SH-Q3494,DP03,168,174,130,136,204,222,106,116,172,174,172,172,144,152,208,211,154,176,131,149,225,231,0
SH-Q3494_B,DP02,168,174,130,136,204,222,106,116,172,174,172,172,144,152,208,211,154,176,131,149,225,231,0
SH-Q3495,DP03,176,184,124,139,222,224,108,118,184,184,160,174,134,159,205,208,154,167,141,143,243,246,0
SH-Q3496,DP03,128,158,127,139,204,204,108,124,172,194,188,194,134,134,208,223,172,172,131,131,231,258,0
SH-Q3497,DP03,170,202,130,136,204,222,124,124,172,174,160,190,134,154,208,211,174,177,131,135,225,246,0
SH-Q3498,DP03,182,182,118,118,204,224,106,118,172,184,160,190,134,152,208,211,158,167,153,163,228,243,0
SH-Q3499,DP03,190,190,118,127,204,204,106,118,172,172,174,186,134,154,208,211,154,176,129,143,228,246,0
SH-Q3500,DP03,180,194,118,139,204,222,118,124,172,174,160,186,134,134,211,211,176,176,143,145,228,246,0
SH-Q3501,DP03,192,192,130,139,204,204,106,118,172,184,174,198,134,154,208,223,156,156,117,131,246,246,0
SH-Q3502,DP03,182,182,127,139,222,224,118,124,182,184,172,174,134,154,208,211,154,154,131,147,231,243,0
SH-Q3503,DP03,180,186,118,139,220,222,116,118,174,182,172,172,150,156,211,223,167,177,131,143,231,246,0
SH-Q3504,DP05,176,206,124,139,222,224,108,118,184,184,160,174,134,159,205,208,154,167,141,143,243,246,0
SH-Q3504_B,DP03,176,206,124,139,222,224,108,118,184,184,160,174,134,159,205,208,154,167,141,143,243,246,0
SH-Q3505,DP03,196,196,127,139,222,224,118,124,182,184,172,174,134,154,208,211,154,154,131,151,231,243,0
SH-Q3506,DP03,168,174,139,139,204,222,116,128,174,184,172,174,134,144,208,223,167,176,143,145,225,246,0
SH-Q3507,DP03,182,182,127,139,222,224,118,124,182,184,172,174,134,154,208,211,154,154,131,147,231,243,0
SH-Q3508,DP03,176,180,139,139,222,222,116,124,174,184,160,192,134,134,205,208,154,156,131,161,243,246,0
SH-Q3509,DP03,180,180,127,139,222,224,118,124,182,184,172,174,134,154,208,211,154,154,131,147,231,243,0
SH-Q3510,DP03,180,180,127,139,222,224,118,124,182,184,172,174,134,154,208,211,154,154,131,147,231,243,0
SH-Q3511,DP07,162,176,124,139,222,224,108,118,184,184,160,174,134,159,205,208,154,167,141,143,243,246,0
SH-Q3511_B,DP03,162,176,124,139,222,224,108,118,184,184,160,174,134,159,205,208,154,167,141,143,243,246,0
SH-Q3512,DP03,180,180,127,139,222,224,118,124,182,184,172,174,134,154,208,211,154,154,131,147,231,243,0
SH-Q3513,DP06,176,192,124,139,222,224,108,118,184,184,160,174,134,159,205,208,154,167,141,143,243,246,0
SH-Q3513_B,DP03,176,192,124,139,222,224,108,118,184,184,160,174,134,159,205,208,154,167,141,143,243,246,0
SH-Q3514,DP03,180,202,124,139,222,222,118,118,174,184,160,202,134,134,205,223,146,154,127,147,246,246,0
SH-Q3515,DP03,180,202,124,139,222,222,118,118,174,184,160,202,134,134,205,223,146,154,127,147,246,246,0
SH-Q3516,DP03,192,192,130,139,204,204,106,118,172,184,174,198,134,154,208,223,156,156,117,131,246,246,0
SH-Q3517,DP03,180,190,118,139,204,222,118,124,172,174,160,186,134,134,211,211,176,176,143,145,228,246,0
SH-Q3518,DP03,180,202,124,139,222,222,118,118,174,184,160,204,134,134,205,223,146,154,127,147,246,246,0
SH-Q3519,DP03,182,182,127,139,222,224,118,124,182,184,172,174,134,154,208,211,154,154,131,149,231,243,0
SH-Q3520,DP03,168,174,139,139,204,222,116,128,174,184,172,174,134,144,208,223,167,176,143,145,225,246,0
SH-Q3521,DP03,Too many alleles,Too many alleles,Too many alleles,Too many alleles,222,224,Too many alleles,Too many alleles,Too many alleles,Too many alleles,176,190,134,134,211,223,Too many alleles,Too many alleles,Too many alleles,Too many alleles,Too many alleles,Too many alleles,7
SH-Q3522,DP03,158,172,130,142,222,222,106,106,184,184,160,202,134,134,211,223,174,176,131,134,225,246,0
SH-Q3523,DP03,170,174,139,139,222,222,116,124,174,184,160,192,134,134,205,208,154,156,131,149,243,246,0
SH-Q3524,DP03,156,194,124,127,204,204,108,124,172,182,168,188,154,156,208,211,177,177,131,131,231,243,0
SH-Q3525,DP03,198,202,124,139,222,224,108,118,184,184,160,174,134,159,205,208,154,167,141,143,243,246,0
SH-Q3526,DP03,184,192,124,139,222,224,108,118,184,184,160,174,134,159,205,208,154,167,141,143,243,246,0
SH-Q3527,DP03,168,174,130,136,204,222,106,116,172,174,172,172,144,152,208,211,154,176,131,149,225,231,0
SH-Q3528,DP03,128,128,127,127,222,222,108,124,172,184,172,192,134,134,205,208,159,177,131,143,246,253,0
SH-Q3529,DP03,128,194,118,130,204,222,106,106,184,184,160,172,134,154,208,223,167,176,117,147,243,246,0
SH-Q3530,DP03,128,176,127,136,204,222,124,128,172,184,172,202,134,165,205,211,158,177,131,131,231,231,0
SH-Q3531,DP03,184,186,124,139,220,222,106,108,174,184,Too many alleles,Too many alleles,134,152,Too many alleles,Too many alleles,177,177,131,131,Too many alleles,Too many alleles,3
SH-Q3532,DP03,172,192,139,139,204,220,118,124,172,184,172,186,134,134,208,211,174,176,145,153,243,243,0
SH-Q3533,DP03,128,176,127,136,204,222,124,128,172,184,172,202,134,165,205,211,158,177,131,131,231,231,0
SH-Q3534,DP03,192,192,124,139,222,224,108,118,184,184,160,174,134,159,205,208,154,167,141,143,243,246,0
SH-Q3535,DP03,180,192,118,139,204,222,118,124,172,174,160,186,134,134,211,211,176,176,143,145,228,246,0
SH-Q3536,DP03,160,196,118,133,220,224,106,124,184,184,160,172,159,165,208,223,158,177,131,163,231,243,0
SH-Q3537,DP03,178,198,118,139,220,222,116,116,174,184,174,192,134,144,205,211,154,176,131,131,225,246,0
SH-Q3538,DP03,178,186,118,127,220,222,116,118,174,182,172,174,134,156,211,223,158,167,143,163,231,231,0
SH-Q3539,DP03,186,200,127,139,220,222,116,116,174,174,172,174,134,154,211,223,176,177,143,145,225,231,0
SH-Q3540,DP03,158,176,136,139,204,220,124,124,172,184,160,172,134,134,208,208,176,177,131,131,243,246,0
SH-Q3541,DP03,194,194,124,127,204,224,106,124,172,174,174,202,154,167,205,208,158,167,143,165,225,231,0
SH-Q3542,DP03,182,192,139,139,220,224,106,108,174,184,160,168,134,156,205,211,158,177,131,133,243,246,0
SH-Q3543,DP03,158,170,118,139,222,222,106,124,174,174,160,190,154,159,208,211,159,176,143,143,231,243,0
SH-Q3544,DP03,168,174,130,136,204,222,106,116,172,174,172,172,144,152,208,211,154,176,131,149,225,231,0
SH-Q3545,DP03,128,158,118,124,204,222,106,106,184,184,172,200,134,154,208,223,176,176,117,134,225,243,0
SH-Q3546,DP03,162,200,130,139,204,204,106,124,172,174,174,192,154,156,211,223,174,177,131,131,246,246,0
SH-Q3547,DP03,158,200,124,139,222,224,106,124,184,184,160,200,134,159,208,223,154,176,131,134,225,243,0
SH-Q3548,DP04,180,180,127,136,204,224,108,124,174,182,172,174,134,154,205,208,158,174,131,165,225,243,0
SH-Q3548_B,DP03,168,180,127,136,204,224,108,124,174,182,172,174,134,154,205,208,158,174,131,165,225,243,0
SH-Q3549,DP03,158,200,124,139,222,224,106,124,184,184,160,200,134,159,208,223,154,176,131,134,225,243,0
SH-Q3550,DP03,178,194,118,139,220,222,118,124,174,182,172,192,134,156,205,211,152,167,145,153,231,246,0
SH-Q3551,DP03,128,158,127,139,204,204,108,124,172,194,188,194,134,134,208,223,172,172,131,131,231,258,0
SH-Q3552,DP03,128,174,127,127,222,222,108,124,172,184,172,192,134,134,205,208,159,177,131,143,246,253,0
SH-Q3553,DP03,128,190,136,139,204,222,124,124,182,184,174,174,134,154,205,211,158,167,131,165,225,231,0
SH-Q3554,DP03,128,158,127,139,204,204,108,124,172,194,188,194,134,134,208,223,172,172,131,131,231,258,0
SH-Q3555,DP03,180,188,118,139,222,224,106,106,174,184,160,168,134,144,205,211,174,177,131,131,243,246,0
SH-Q3556,DP03,172,200,139,139,204,220,118,124,172,184,172,176,134,134,208,211,174,176,145,153,243,243,0
SH-Q3557,DP03,188,188,127,139,204,224,108,116,174,184,168,174,134,144,205,205,158,179,131,141,231,243,0
SH-Q3558,DP03,178,184,118,139,204,222,106,116,172,184,160,206,134,152,208,211,167,167,143,153,231,243,0
SH-Q3559,DP03,156,178,139,139,220,222,116,118,182,184,Too many alleles,Too many alleles,134,156,208,223,154,167,131,143,231,246,1
SH-Q3560,DP03,128,176,127,136,204,222,124,128,172,184,172,202,134,165,205,211,158,177,131,131,231,231,0
SH-Q3561,DP03,164,166,127,139,204,222,108,116,184,184,194,202,134,165,208,211,154,176,131,131,231,253,0
SH-Q3562,DP03,Too many alleles,Too many alleles,Too many alleles,Too many alleles,Too many alleles,Too many alleles,Too many alleles,Too many alleles,Too many alleles,Too many alleles,172,192,Too many alleles,Too many alleles,208,211,Too many alleles,Too many alleles,Too many alleles,Too many alleles,Too many alleles,Too many alleles,9
SH-Q3563,DP03,156,174,127,127,222,222,118,124,182,184,Too many alleles,Too many alleles,134,152,205,223,165,172,131,131,231,243,1
SH-Q3564,DP03,168,176,130,136,204,222,106,116,172,174,172,172,144,152,208,211,154,176,131,149,225,231,0
SH-Q3565,DP03,178,178,118,139,222,222,108,118,174,184,176,186,134,134,205,208,167,176,131,135,228,253,0
SH-Q3566,DP03,188,190,118,124,204,222,106,124,174,184,172,190,134,159,205,211,158,161,117,131,231,243,0
SH-Q3567,DP03,152,196,118,139,204,204,106,106,184,184,172,200,134,134,205,211,173,178,131,131,243,243,0
SH-Q3568,DP03,Too many alleles,Too many alleles,Too many alleles,Too many alleles,220,222,106,118,Too many alleles,Too many alleles,Too many alleles,Too many alleles,154,154,Too many alleles,Too many alleles,Too many alleles,Too many alleles,131,133,225,225,6
SH-Q3569,DP03,156,174,127,127,222,222,118,124,182,184,172,182,134,152,205,223,165,172,131,131,231,243,0
SH-Q3570,DP03,174,190,124,139,204,222,106,118,184,190,168,200,134,169,205,211,177,179,143,157,228,243,0
SH-Q3571,DP03,176,200,124,139,204,222,118,124,156,172,172,202,134,154,205,205,163,177,149,157,225,243,0
SH-Q3572,DP03,156,178,124,139,222,222,118,118,174,184,168,212,134,169,211,223,176,177,143,143,228,231,0
SH-Q3573,DP03,164,182,124,139,222,222,106,106,156,156,172,192,134,152,211,214,161,177,143,153,243,243,0
SH-Q3574,DP03,146,156,127,127,222,222,106,116,184,184,172,172,154,183,211,223,156,173,133,143,243,243,0
SH-Q3575,DP03,156,178,124,139,222,222,118,118,174,184,168,212,134,169,211,223,176,177,143,143,228,231,0
SH-Q3576,DP03,146,156,127,127,222,222,106,116,184,184,172,172,154,183,211,223,156,173,133,143,243,243,0
SH-Q3577,DP03,164,168,118,127,204,222,124,124,174,184,172,190,161,167,211,223,154,158,131,131,231,231,0
SH-Q3578,DP03,164,168,118,127,204,222,124,124,174,184,172,190,159,167,211,223,154,158,131,131,231,231,0
SH-Q3579,DP03,190,194,Too many alleles,Too many alleles,220,222,106,118,Too many alleles,Too many alleles,Too many alleles,Too many alleles,154,154,Too many alleles,Too many alleles,Too many alleles,Too many alleles,131,133,225,225,5
SH-Q3580,DP03,174,192,124,139,204,222,106,118,184,190,168,200,134,169,205,211,177,179,143,157,228,243,0
SH-Q3581,DP03,174,200,124,139,204,222,118,124,156,172,172,200,134,154,205,205,163,177,149,157,225,243,0
SH-Q3582,DP03,168,196,127,127,222,224,108,118,184,186,182,202,134,134,208,214,154,154,131,131,231,243,0
SH-Q3583,DP03,170,198,118,139,222,222,108,124,176,182,172,204,134,154,205,208,154,178,131,155,231,231,0
SH-Q3584,DP03,156,200,127,127,220,222,106,108,184,188,172,204,134,154,208,223,156,176,133,155,243,243,0
SH-Q3585,DP03,160,172,118,136,222,222,116,118,156,184,172,192,134,156,205,223,154,158,131,155,231,231,0
SH-Q3586,DP04,156,200,127,127,220,222,106,108,184,188,172,204,134,154,208,223,156,176,133,155,243,243,0
SH-Q3587,DP04,Too many alleles,Too many alleles,Too many alleles,Too many alleles,222,222,106,118,Too many alleles,Too many alleles,Too many alleles,Too many alleles,154,154,Too many alleles,Too many alleles,Too many alleles,Too many alleles,131,133,225,225,6
SH-Q3588,DP04,188,192,118,124,204,222,106,124,174,184,172,190,134,159,205,211,158,161,117,131,231,243,0
SH-Q3589,DP06,164,168,118,127,204,222,124,124,174,184,172,190,159,167,211,223,154,158,131,131,231,231,0
SH-Q3589_B,DP04,164,168,118,127,204,222,124,124,174,184,172,190,159,167,211,223,154,158,131,131,231,231,0
SH-Q3590,DP04,164,168,118,127,204,222,124,124,174,184,172,190,159,167,211,223,154,158,131,131,231,231,0
SH-Q3591,DP04,172,200,124,139,204,222,118,124,156,172,172,200,134,154,205,205,163,177,149,157,225,243,0
SH-Q3592,DP04,190,192,118,124,222,222,106,122,174,186,182,190,154,159,205,223,161,163,131,143,231,231,0
SH-Q3593,DP04,166,208,118,118,204,224,116,118,174,184,172,172,138,154,205,223,154,163,133,143,231,243,0
SH-Q3594,DP04,164,168,118,127,204,222,124,124,174,184,172,190,159,167,211,223,154,158,131,131,231,231,0
SH-Q3595,DP04,164,204,127,136,204,222,106,124,174,184,172,184,134,134,205,208,154,167,133,151,231,243,0
SH-Q3596,DP04,176,200,124,139,204,222,118,124,156,172,172,200,134,154,205,205,163,177,149,157,225,243,0
SH-Q3597,DP04,164,168,118,127,204,222,124,124,174,184,172,190,159,167,211,223,154,158,131,131,231,231,0
SH-Q3598,DP04,156,200,124,127,226,226,108,128,176,184,160,172,144,154,211,223,156,156,133,147,240,243,0
SH-Q3599,DP04,156,190,118,136,222,226,106,124,174,184,170,174,134,134,208,211,158,174,131,157,231,243,0
SH-Q3600,DP07,164,164,130,139,222,222,106,118,156,184,172,202,134,152,211,211,154,158,133,143,231,231,0
SH-Q3600_B,DP04,164,164,130,139,222,222,106,118,156,184,172,202,134,152,211,211,154,158,133,143,231,231,0
SH-Q3601,DP04,174,200,124,139,204,222,118,124,156,172,172,202,134,154,205,205,163,177,149,159,225,243,0
SH-Q3602,DP04,164,164,127,136,204,222,106,124,174,184,172,184,134,134,205,208,154,167,133,151,231,243,0
SH-Q3603,DP04,172,200,127,139,204,222,106,108,184,184,172,172,134,181,205,223,156,177,155,157,243,243,0
SH-Q3604,DP04,176,200,124,139,204,222,118,124,156,172,172,200,134,154,205,205,163,177,149,157,225,243,0
SH-Q3605,DP04,156,160,127,127,226,226,106,128,176,184,172,174,134,154,211,211,142,179,127,131,243,243,0
SH-Q3606,DP07,170,194,118,139,222,222,108,124,176,182,172,196,134,154,205,208,154,178,131,155,231,231,0
SH-Q3606_B,DP04,170,194,118,139,222,222,108,124,176,182,172,196,134,154,205,208,154,178,131,155,231,231,0
SH-Q3607,DP04,188,194,Too many alleles,Too many alleles,222,222,106,118,Too many alleles,Too many alleles,Too many alleles,Too many alleles,154,154,Too many alleles,Too many alleles,Too many alleles,Too many alleles,131,133,225,225,5
SH-Q3608,DP04,164,168,118,127,204,222,124,124,174,184,172,190,159,167,211,223,154,158,131,131,231,231,0
SH-Q3609,DP04,146,160,118,127,222,226,106,116,184,190,172,174,134,134,205,211,176,179,131,155,243,246,0
SH-Q3610,DP04,160,172,118,136,222,222,116,118,156,184,172,212,134,156,205,223,154,158,131,155,231,231,0
SH-Q3611,DP04,178,182,127,130,222,222,106,116,184,190,182,208,144,159,208,223,177,178,131,131,243,258,0
SH-Q3612,DP04,170,194,118,139,222,222,108,124,176,182,172,196,134,154,205,208,154,178,131,153,231,231,0
SH-Q3613,DP04,146,160,118,127,222,226,106,116,184,190,172,174,134,134,205,211,176,179,131,155,243,246,0
SH-Q3614,DP04,164,184,127,127,204,222,106,124,176,184,172,176,134,154,211,223,154,154,131,131,225,243,0
SH-Q3615,DP04,156,174,127,127,222,222,118,124,182,184,172,182,134,152,205,223,165,172,131,131,231,243,0
SH-Q3616,DP04,164,186,127,127,204,222,106,124,176,184,172,172,134,154,211,223,154,154,131,131,225,243,0
SH-Q3617,DP04,164,164,127,136,204,222,106,124,174,184,172,184,134,134,205,208,154,167,133,151,231,243,0
SH-Q3618,DP05,156,174,127,127,222,222,118,124,182,184,172,182,134,152,205,223,165,172,131,131,231,243,0
SH-Q3618_B,DP04,156,174,127,127,222,222,118,124,182,184,172,182,134,152,205,223,165,172,131,131,231,243,0
SH-Q3619,DP04,164,164,127,136,204,222,106,124,174,184,172,184,134,134,205,208,154,167,133,151,231,243,0
SH-Q3620,DP04,164,202,130,139,204,222,106,118,174,184,Too many alleles,Too many alleles,Too many alleles,Too many alleles,205,211,158,177,133,143,231,243,2
SH-Q3621,DP04,164,168,118,127,204,222,124,124,174,184,172,190,159,167,211,223,154,158,131,131,231,231,0
SH-Q3622,DP04,166,172,127,139,204,204,106,124,172,184,182,192,134,148,205,223,158,158,131,143,225,225,0
SH-Q3623,DP04,164,184,127,127,204,222,106,124,176,184,172,176,134,154,211,223,154,154,131,131,225,243,0
SH-Q3624,DP04,164,164,130,139,222,222,106,118,156,184,172,202,134,152,211,211,154,158,133,143,231,231,0
SH-Q3625,DP04,164,164,130,139,222,222,106,118,156,184,172,202,134,152,211,211,154,158,133,143,231,231,0
SH-Q3626,DP04,182,196,124,127,222,224,106,118,184,186,168,182,134,134,205,214,154,158,131,147,228,243,0
SH-Q3627,DP04,176,176,127,139,222,222,118,124,184,184,184,202,134,152,205,208,158,176,131,147,231,243,0
SH-Q3628,DP04,166,186,127,136,204,222,106,124,184,184,172,182,134,157,211,223,154,158,131,151,243,243,0
SH-Q3629,DP04,164,168,118,127,204,222,124,124,174,184,172,190,159,169,211,223,154,158,131,131,231,231,0
SH-Q3630,DP04,188,194,Too many alleles,Too many alleles,222,222,106,118,Too many alleles,Too many alleles,Too many alleles,Too many alleles,154,154,Too many alleles,Too many alleles,Too many alleles,Too many alleles,131,133,225,225,5
SH-Q3631,DP04,164,168,118,127,204,222,124,126,174,184,172,190,159,167,211,223,154,158,131,131,231,231,0
SH-Q3632,DP04,Too many alleles,Too many alleles,Too many alleles,Too many alleles,222,222,106,118,Too many alleles,Too many alleles,Too many alleles,Too many alleles,154,154,Too many alleles,Too many alleles,Too many alleles,Too many alleles,131,133,225,225,6
SH-Q3633,DP04,166,186,127,136,204,222,106,124,184,184,172,182,134,157,211,223,154,158,131,151,243,243,0
SH-Q3634,DP04,164,194,127,139,222,222,106,108,184,184,202,202,134,134,208,211,154,158,131,143,231,231,0
SH-Q3635,DP04,170,194,118,139,222,222,108,124,176,182,172,204,134,154,205,208,154,178,131,153,231,231,0
SH-Q3636,DP04,164,164,130,139,222,222,106,118,156,184,172,202,134,152,211,211,154,158,133,143,231,231,0
SH-Q3637,DP04,164,168,118,127,204,222,124,124,174,184,172,190,159,169,211,223,154,158,131,131,231,231,0
SH-Q3638,DP04,170,194,118,139,222,222,108,124,176,182,172,204,134,154,205,208,154,178,131,153,231,231,0
SH-Q3639,DP04,166,186,127,136,204,222,106,124,184,184,172,182,134,157,211,223,154,158,131,151,243,243,0
SH-Q3640,DP04,156,178,124,139,222,222,118,118,174,184,168,214,134,169,211,223,176,177,143,143,228,231,0
SH-Q3641,DP04,174,190,124,139,204,222,106,118,184,190,168,202,134,169,205,211,177,179,143,157,228,243,0
SH-Q3642,DP04,180,188,118,139,204,224,118,118,184,184,172,190,134,134,211,211,158,158,131,131,231,243,0
SH-Q3643,DP04,Too many alleles,Too many alleles,127,133,204,222,Too many alleles,Too many alleles,184,190,Too many alleles,Too many alleles,134,134,Too many alleles,Too many alleles,Too many alleles,Too many alleles,Too many alleles,Too many alleles,231,231,6
SH-Q3644,DP04,164,194,127,139,222,222,106,108,184,184,202,202,134,134,208,211,154,158,131,143,231,231,0
SH-Q3645,DP04,196,198,Too many alleles,Too many alleles,222,222,106,118,Too many alleles,Too many alleles,194,198,154,154,Too many alleles,Too many alleles,Too many alleles,Too many alleles,131,133,225,225,4
SH-Q3646,DP04,166,172,127,139,204,222,124,124,172,184,188,192,134,148,205,205,158,158,137,143,225,231,0
SH-Q3647,DP04,Too many alleles,Too many alleles,Too many alleles,Too many alleles,222,222,106,118,Too many alleles,Too many alleles,Too many alleles,Too many alleles,154,154,Too many alleles,Too many alleles,Too many alleles,Too many alleles,131,133,225,225,6
SH-Q3648,DP04,190,196,Too many alleles,Too many alleles,222,222,106,118,Too many alleles,Too many alleles,Too many alleles,Too many alleles,154,154,Too many alleles,Too many alleles,Too many alleles,Too many alleles,131,133,225,225,5
SH-Q3649,DP04,166,186,127,136,204,222,106,124,184,184,172,182,134,157,211,223,154,158,131,151,243,243,0
SH-Q3650,DP04,Too many alleles,Too many alleles,Too many alleles,Too many alleles,204,222,Too many alleles,Too many alleles,Too many alleles,Too many alleles,172,194,Too many alleles,Too many alleles,205,211,171,173,Too many alleles,Too many alleles,231,243,6
SH-Q3651,DP04,174,200,127,139,204,222,106,108,184,184,172,172,134,181,205,223,156,177,155,157,243,243,0
SH-Q3652,DP04,Too many alleles,Too many alleles,139,139,204,222,Too many alleles,Too many alleles,174,184,166,172,Too many alleles,Too many alleles,211,223,Too many alleles,Too many alleles,Too many alleles,Too many alleles,231,243,5
SH-Q3653,DP04,174,192,124,139,204,222,106,118,184,190,168,200,134,169,205,211,177,179,143,157,228,243,0
SH-Q3654,DP04,164,168,118,127,204,222,124,124,174,184,172,190,159,167,211,223,154,158,131,131,231,231,0
SH-Q3655,DP04,152,212,127,130,204,222,106,106,184,186,172,202,134,152,205,208,154,176,131,131,231,243,0
SH-Q3656,DP04,152,214,127,130,204,222,106,106,184,186,172,202,134,152,205,208,154,176,131,131,231,243,0
SH-Q3657,DP04,164,168,118,127,204,222,124,126,174,184,172,190,159,169,211,223,154,158,131,131,231,231,0
SH-Q3658,DP04,Too many alleles,Too many alleles,Too many alleles,Too many alleles,204,222,Too many alleles,Too many alleles,Too many alleles,Too many alleles,172,194,Too many alleles,Too many alleles,205,211,171,173,Too many alleles,Too many alleles,231,243,6
SH-Q3659,DP04,156,190,118,136,222,226,106,124,174,184,174,174,134,134,208,211,158,174,131,157,231,243,0
SH-Q3660,DP04,156,156,Too many alleles,Too many alleles,222,222,Too many alleles,Too many alleles,184,190,Too many alleles,Too many alleles,134,154,Too many alleles,Too many alleles,Too many alleles,Too many alleles,Too many alleles,Too many alleles,231,243,6
SH-Q3661,DP04,164,182,124,139,222,222,106,106,156,156,172,192,134,152,211,214,161,177,143,153,243,243,0
SH-Q3662,DP04,156,160,118,127,204,220,116,124,172,188,172,188,134,156,205,208,156,158,143,147,231,243,0
SH-Q3663,DP04,164,192,136,139,204,222,106,116,184,184,182,194,134,165,211,211,154,176,131,151,243,253,0
SH-Q3664,DP04,Too many alleles,Too many alleles,127,133,204,222,Too many alleles,Too many alleles,184,190,Too many alleles,Too many alleles,134,134,Too many alleles,Too many alleles,Too many alleles,Too many alleles,Too many alleles,Too many alleles,231,243,6
SH-Q3665,DP04,164,164,130,139,204,222,106,116,184,184,194,202,134,165,211,211,154,154,133,151,231,231,0
SH-Q3666,DP04,174,192,124,139,204,222,106,118,184,190,168,202,134,169,205,211,177,179,143,157,228,243,0
SH-Q3667,DP06,174,192,124,139,204,222,106,118,184,190,168,200,134,169,205,211,177,179,143,157,228,243,0
SH-Q3667_B,DP04,174,192,124,139,204,222,106,118,184,190,168,200,134,169,205,211,177,179,143,157,228,243,0
SH-Q3668,DP04,164,168,118,127,204,222,124,126,174,184,172,190,159,167,211,223,154,158,131,131,231,231,0
SH-Q3669,DP04,156,174,127,127,222,222,118,124,182,184,172,182,134,152,205,223,165,172,131,131,231,243,0
SH-Q3670,DP04,Too many alleles,Too many alleles,127,133,204,222,Too many alleles,Too many alleles,184,190,Too many alleles,Too many alleles,134,134,Too many alleles,Too many alleles,Too many alleles,Too many alleles,Too many alleles,Too many alleles,231,243,6
SH-Q3671,DP04,198,198,118,127,220,220,106,118,184,186,172,172,134,134,214,223,163,176,143,143,231,231,0
SH-Q3672,DP04,174,190,124,139,204,222,106,118,184,190,168,200,134,169,205,211,177,179,143,157,228,243,0
SH-Q3673,DP04,166,196,127,127,222,224,108,118,184,186,182,206,134,134,208,214,154,154,131,131,231,243,0
SH-Q3674,DP04,152,212,127,130,204,222,106,106,184,186,172,202,134,152,205,208,154,176,131,131,231,243,0
SH-Q3675,DP04,180,180,136,139,222,222,116,118,184,184,168,202,134,152,205,211,154,158,133,147,231,240,0
SH-Q3676,DP04,166,196,127,127,222,224,108,118,184,186,182,202,134,134,208,214,154,154,131,131,231,243,0
SH-Q3677,DP05,172,202,127,133,204,222,Too many alleles,Too many alleles,184,190,Too many alleles,Too many alleles,134,134,Too many alleles,Too many alleles,Too many alleles,Too many alleles,Too many alleles,Too many alleles,231,243,5
SH-Q3678,DP05,178,208,118,139,222,226,108,116,184,184,172,172,154,154,205,208,154,161,131,155,243,243,0
SH-Q3679,DP05,156,156,127,139,220,222,106,118,156,186,172,182,134,152,211,214,154,176,133,143,231,243,0
SH-Q3680,DP05,166,180,124,133,222,222,106,116,184,184,168,182,134,134,205,208,158,177,131,147,240,243,0
SH-Q3681,DP05,178,188,118,139,220,226,106,108,184,184,166,172,134,175,205,211,158,176,141,155,231,231,0
SH-Q3682,DP05,148,176,127,139,222,222,108,118,184,190,168,172,169,183,211,211,154,177,131,143,228,231,0
SH-Q3683,DP05,156,190,118,136,222,226,106,124,174,184,174,174,134,134,208,211,158,174,131,157,231,243,0
SH-Q3684,DP05,166,172,127,139,204,222,124,124,172,184,188,192,134,148,205,205,158,158,137,143,225,231,0
SH-Q3685,DP05,164,168,118,127,204,222,124,124,174,184,172,190,No peaks,No peaks,No peaks,No peaks,154,158,131,131,231,231,0
SH-Q3686,DP05,156,172,127,139,222,222,106,118,174,186,172,200,156,165,205,208,154,156,131,135,231,243,0
SH-Q3687,DP05,172,176,127,127,222,222,108,124,182,184,172,190,134,154,205,205,158,176,131,133,243,243,0
SH-Q3688,DP05,176,176,127,139,222,222,116,124,184,190,182,204,134,134,205,211,158,163,131,155,231,231,0
SH-Q3689,DP05,166,196,127,127,222,224,108,118,184,186,182,202,134,134,208,214,154,154,131,131,231,243,0
SH-Q3690,DP05,160,178,139,139,222,222,106,116,184,184,172,182,134,152,211,223,154,174,131,157,243,243,0
SH-Q3691,DP05,166,196,127,127,222,224,108,118,184,186,182,204,134,134,208,214,154,154,131,131,231,243,0
SH-Q3692,DP05,156,190,118,136,222,226,106,124,174,184,170,174,134,134,208,211,158,174,131,157,231,243,0
SH-Q3693,DP05,160,176,127,139,222,222,116,118,184,184,182,196,134,157,205,211,154,176,131,133,243,243,0
SH-Q3694,DP05,178,180,118,139,204,224,118,118,184,184,172,190,134,134,211,211,158,158,131,131,231,243,0
SH-Q3695,DP05,164,168,118,127,204,222,124,124,174,184,172,190,159,167,211,214,154,158,131,131,231,231,0
SH-Q3696,DP05,176,176,127,139,222,222,106,118,156,156,172,182,134,134,211,214,158,176,131,143,231,243,0
SH-Q3697,DP05,166,190,127,133,204,222,106,106,184,184,182,204,134,134,208,211,177,177,131,131,231,243,0
SH-Q3698,DP05,178,182,127,130,222,222,106,116,184,190,182,206,144,159,208,223,177,178,131,131,243,258,0
SH-Q3699,DP05,152,192,118,139,204,204,106,106,184,184,172,200,134,134,205,211,173,178,131,131,243,243,0
SH-Q3700,DP05,172,202,127,133,204,222,Too many alleles,Too many alleles,184,190,Too many alleles,Too many alleles,134,134,Too many alleles,Too many alleles,Too many alleles,Too many alleles,Too many alleles,Too many alleles,231,243,5
SH-Q3701,DP05,Too many alleles,Too many alleles,139,139,204,222,Too many alleles,Too many alleles,174,184,166,172,Too many alleles,Too many alleles,211,223,Too many alleles,Too many alleles,Too many alleles,Too many alleles,231,243,5
SH-Q3702,DP05,166,192,118,127,204,222,106,108,176,184,172,218,134,134,208,211,154,176,131,131,243,258,0
SH-Q3703,DP05,166,194,118,127,204,222,106,108,176,184,172,206,134,134,208,211,154,176,131,131,243,258,0
SH-Q3704,DP05,178,200,127,139,204,222,106,108,184,184,172,172,134,181,205,223,156,177,143,157,243,243,0
SH-Q3705,DP05,190,192,118,124,222,222,106,122,174,186,182,190,152,159,205,223,161,163,133,143,228,228,0
SH-Q3706,DP05,172,200,127,139,204,222,106,108,184,184,172,172,134,181,205,223,156,177,155,157,243,243,0
SH-Q3707,DP05,148,176,127,139,222,222,108,118,184,190,168,172,169,183,211,211,154,177,131,143,228,231,0
SH-Q3708,DP05,172,188,124,130,220,224,106,128,184,184,176,210,154,156,205,211,161,177,133,141,231,231,0
SH-Q3709,DP05,156,166,127,130,222,224,106,118,184,184,172,204,134,134,208,223,154,177,131,131,231,231,0
SH-Q3710,DP05,164,192,136,139,204,222,106,116,184,184,182,194,134,165,211,211,154,176,131,151,243,253,0
SH-Q3711,DP05,166,176,127,139,204,222,124,124,172,184,188,194,134,148,205,205,158,158,137,143,225,231,0
SH-Q3712,DP05,174,190,124,139,204,222,106,118,184,190,168,200,134,169,205,211,177,179,143,157,228,243,0
SH-Q3713,DP05,192,194,118,124,222,222,106,122,174,186,182,190,154,159,205,223,161,163,131,143,231,231,0
SH-Q3714,DP05,160,190,118,139,222,224,106,118,184,184,172,190,134,134,211,214,158,161,131,131,243,243,0
SH-Q3715,DP05,156,190,118,136,222,226,106,124,174,184,174,174,134,134,208,211,158,174,131,157,231,243,0
SH-Q3716,DP05,152,192,118,139,204,204,106,106,184,184,172,186,134,134,205,211,173,178,131,131,243,243,0
SH-Q3717,DP05,Too many alleles,Too many alleles,139,139,204,222,Too many alleles,Too many alleles,174,184,166,172,Too many alleles,Too many alleles,211,223,Too many alleles,Too many alleles,Too many alleles,Too many alleles,231,243,5
SH-Q3718,DP05,178,190,118,139,220,226,106,108,184,184,166,172,134,175,205,211,158,176,141,155,231,231,0
SH-Q3719,DP05,172,188,124,130,220,224,106,128,184,184,176,210,154,156,205,211,161,177,133,141,231,231,0
SH-Q3720,DP05,152,214,127,130,204,222,106,106,184,186,172,202,134,152,205,208,154,176,131,131,231,243,0
SH-Q3721,DP05,172,182,127,127,204,222,106,118,156,174,182,182,134,163,211,214,158,173,131,131,231,243,0
SH-Q3722,DP05,176,188,127,139,222,222,108,116,184,184,172,182,134,154,205,223,154,176,133,157,243,243,0
SH-Q3723,DP05,152,212,127,130,204,222,106,106,184,186,172,202,134,152,205,208,154,176,131,131,231,243,0
SH-Q3724,DP05,166,178,124,133,222,222,106,116,184,184,168,182,134,134,205,208,158,177,131,147,240,243,0
SH-Q3725,DP05,Too many alleles,Too many alleles,139,139,204,222,Too many alleles,Too many alleles,174,184,166,172,Too many alleles,Too many alleles,211,223,Too many alleles,Too many alleles,Too many alleles,Too many alleles,231,243,5
SH-Q3726,DP05,172,176,127,127,222,222,108,124,182,184,172,190,134,154,205,205,158,176,131,133,243,243,0
SH-Q3727,DP05,160,176,127,139,222,222,116,118,184,184,182,194,134,157,205,211,154,176,131,133,243,243,0
SH-Q3728,DP05,156,190,118,136,222,226,106,124,174,184,170,174,134,134,208,211,158,174,131,157,231,243,0
SH-Q3729,DP05,166,196,127,127,222,224,108,118,184,186,182,202,134,134,208,214,154,154,131,131,231,243,0
SH-Q3730,DP05,174,190,124,139,204,222,106,118,184,190,168,200,134,169,205,211,177,179,143,157,228,243,0
SH-Q3731,DP05,172,178,136,139,204,222,116,118,184,184,168,188,134,134,211,223,158,176,135,147,231,240,0
SH-Q3732,DP05,174,192,124,139,204,222,106,118,184,190,168,202,134,169,205,211,177,179,143,157,228,243,0
SH-Q3733,DP05,178,178,136,139,222,222,116,118,184,184,168,202,134,152,205,211,154,158,133,147,231,240,0
SH-Q3734,DP05,164,168,118,127,204,222,124,124,174,184,172,190,159,167,211,214,154,158,131,131,231,231,0
SH-Q3735,DP05,156,156,139,139,222,222,106,108,182,186,170,194,152,165,205,208,154,154,131,131,231,243,0
SH-Q3736,DP05,152,216,127,130,204,222,106,106,184,186,172,204,134,152,205,208,154,176,131,131,231,243,0
SH-Q3737,DP05,Too many alleles,Too many alleles,139,139,204,222,Too many alleles,Too many alleles,174,184,166,172,Too many alleles,Too many alleles,211,223,Too many alleles,Too many alleles,Too many alleles,Too many alleles,231,243,5
SH-Q3738,DP05,164,176,127,136,204,222,106,118,156,174,184,188,134,134,208,214,167,176,131,133,231,243,0
SH-Q3739,DP05,190,196,127,133,220,222,106,118,184,184,172,204,134,134,208,223,176,177,131,143,231,231,0
SH-Q3740,DP05,166,174,127,139,204,222,124,124,172,184,188,192,134,148,205,205,158,158,137,143,225,231,0
SH-Q3741,DP05,160,176,127,139,222,222,116,118,184,184,182,194,134,157,205,211,154,176,131,133,243,243,0
SH-Q3742,DP05,188,194,127,139,222,222,106,116,156,184,182,182,134,134,205,208,173,177,131,157,243,243,0
SH-Q3743,DP05,164,168,118,127,204,222,124,124,174,184,172,190,159,167,211,223,154,158,131,131,231,231,0
SH-Q3744,DP05,178,178,136,139,222,222,116,118,184,184,168,202,134,152,205,211,154,158,133,147,231,240,0
SH-Q3745,DP05,182,188,130,130,220,222,106,124,174,182,172,174,134,154,208,211,154,158,131,161,243,243,0
SH-Q3746,DP05,154,172,118,133,220,222,106,106,174,182,172,174,134,156,205,208,178,178,131,135,231,253,0
SH-Q3747,DP05,178,184,127,130,224,224,108,124,172,182,172,188,134,156,205,223,156,178,117,131,225,253,0
SH-Q3748,DP05,184,184,127,127,222,222,124,124,182,186,172,174,134,154,205,208,178,178,131,131,225,231,0
SH-Q3749,DP05,174,192,130,130,222,224,124,124,184,184,174,174,134,156,205,211,154,159,131,147,225,231,0
SH-Q3750,DP05,180,198,118,130,224,226,122,124,172,176,160,174,134,152,205,205,156,177,135,145,231,231,0
SH-Q3751,DP05,146,168,118,139,222,224,106,126,172,176,172,174,134,154,205,211,156,177,119,155,243,243,0
SH-Q3752,DP05,188,194,133,139,220,224,106,124,174,176,172,174,144,156,208,208,176,176,131,133,225,253,0
SH-Q3753,DP05,146,184,133,139,224,224,106,106,176,192,174,174,134,148,205,211,156,178,131,155,243,243,0
SH-Q3754,DP05,174,190,130,130,222,224,124,124,184,184,174,174,134,156,205,211,154,159,131,147,225,231,0
SH-Q3755,DP05,180,198,118,130,224,226,122,124,172,176,160,174,134,152,205,205,156,177,135,145,231,231,0
SH-Q3756,DP07,172,178,130,130,224,224,106,122,176,176,174,178,144,148,208,211,156,176,119,131,243,243,0
SH-Q3756_B,DP05,172,178,130,130,224,224,106,122,176,176,174,178,144,148,208,211,156,176,119,131,243,243,0
SH-Q3757,DP05,180,186,118,127,224,224,106,124,176,192,174,212,134,156,208,211,156,170,119,129,225,225,0
SH-Q3758,DP06,128,182,127,133,222,222,124,124,172,182,160,188,134,157,205,211,154,158,129,163,225,231,0
SH-Q3758_B,DP05,128,182,127,133,222,222,124,124,172,182,160,188,134,157,205,211,154,158,129,163,225,231,0
SH-Q3759,DP05,182,182,118,127,224,224,122,124,176,176,160,172,134,154,208,211,154,156,129,131,225,231,0
SH-Q3760,DP05,190,194,133,139,220,224,106,124,174,176,172,174,144,156,208,208,176,176,131,133,225,253,0
SH-Q3761,DP05,186,188,118,127,224,224,106,124,176,192,174,212,134,156,208,211,156,170,119,129,225,225,0
SH-Q3762,DP05,172,180,118,130,222,224,111,124,172,174,172,208,134,156,211,223,156,178,131,153,225,253,0
SH-Q3763,DP05,128,188,118,130,224,232,106,106,176,184,174,192,148,156,208,211,156,176,119,131,225,231,0
SH-Q3764,DP05,166,184,127,127,222,224,124,126,176,198,168,174,134,185,205,205,154,158,129,133,231,231,0
SH-Q3765,DP05,168,188,130,139,222,224,108,124,172,184,188,200,154,156,205,205,158,177,133,145,225,246,0
SH-Q3766,DP05,180,180,124,133,222,222,122,124,172,186,174,174,148,154,205,208,158,158,131,131,243,243,0
SH-Q3767,DP05,178,186,127,130,224,224,108,124,172,182,172,188,134,156,205,223,156,178,117,131,225,253,0
SH-Q3768,DP06,180,198,133,139,222,224,106,124,174,176,174,174,156,156,208,211,158,178,131,131,225,243,0
SH-Q3769,DP06,174,184,130,139,224,224,108,124,184,192,160,174,134,138,205,211,159,177,119,163,225,231,0
SH-Q3770,DP06,182,182,133,139,224,224,106,124,176,182,174,196,154,156,208,214,178,178,131,143,225,225,0
SH-Q3771,DP06,170,186,118,118,224,224,106,108,176,176,168,174,156,156,205,208,161,170,119,135,225,231,0
SH-Q3772,DP06,154,172,118,133,220,222,106,106,174,182,172,174,134,156,205,208,178,178,131,135,231,253,0
SH-Q3773,DP06,186,188,118,127,224,224,106,124,176,192,174,212,134,156,208,211,156,170,119,129,225,225,0
SH-Q3774,DP06,172,180,118,130,222,224,111,124,172,174,172,208,134,156,211,223,156,178,131,153,225,253,0
SH-Q3775,DP06,128,188,118,130,224,232,106,106,176,184,174,192,No peaks,No peaks,No peaks,No peaks,No peaks,No peaks,No peaks,No peaks,No peaks,No peaks,0
SH-Q3776,DP06,176,192,130,130,222,224,124,124,184,184,174,174,134,156,205,211,154,159,131,147,225,231,0
SH-Q3777,DP06,168,202,130,139,222,224,108,124,172,184,188,200,154,156,205,205,158,177,133,145,225,246,0
SH-Q3778,DP06,172,190,130,133,222,224,116,124,176,184,170,174,134,157,205,208,159,161,131,155,225,233,0
SH-Q3779,DP06,170,186,118,118,224,224,106,108,176,176,168,174,156,156,205,208,161,170,119,135,225,231,0
SH-Q3780,DP06,146,170,118,139,222,224,106,126,172,176,172,174,134,154,205,211,156,177,119,155,243,243,0
SH-Q3781,DP06,186,192,118,127,224,224,106,124,176,192,174,212,134,156,208,211,156,170,119,129,225,225,0
SH-Q3782,DP06,146,184,133,139,224,224,106,106,176,192,174,174,134,148,205,211,156,178,131,155,243,243,0
SH-Q3783,DP06,174,190,130,130,222,224,124,124,184,184,174,174,134,156,205,211,154,159,131,147,225,231,0
SH-Q3784,DP06,172,180,118,130,222,224,111,124,172,174,172,208,134,156,211,223,156,178,131,153,225,253,0
SH-Q3785,DP06,186,188,118,127,224,224,106,124,176,192,174,212,134,156,208,211,156,170,119,129,225,225,0
SH-Q3786,DP06,184,186,118,133,222,222,106,126,184,184,174,188,156,159,211,211,156,156,135,155,225,225,0
SH-Q3787,DP06,186,188,118,127,224,224,106,124,176,192,174,212,134,156,208,211,156,170,119,129,225,225,0
SH-Q3788,DP06,128,188,118,130,224,232,106,106,176,184,174,192,148,156,208,211,156,176,119,131,225,231,0
SH-Q3789,DP06,154,186,133,133,222,222,106,106,174,182,172,174,134,156,205,211,156,178,131,135,231,253,0
SH-Q3790,DP06,154,186,133,133,222,222,106,106,174,182,172,174,134,156,205,211,156,178,131,135,231,253,0
SH-Q3791,DP06,184,190,118,133,222,222,106,126,184,184,174,188,156,159,211,211,156,156,135,155,225,225,0
SH-Q3792,DP06,154,186,133,133,222,222,106,106,174,182,172,174,134,156,205,211,156,178,131,135,231,253,0
SH-Q3793,DP06,164,164,127,127,224,224,124,124,176,192,174,174,134,134,205,211,158,159,131,133,231,231,0
SH-Q3794,DP06,170,186,118,118,224,224,106,108,176,176,168,174,156,156,205,208,161,170,119,135,225,231,0
SH-Q3795,DP06,172,180,118,130,222,224,111,124,172,174,172,208,134,156,211,223,156,178,131,153,225,253,0
SH-Q3796,DP06,182,184,118,133,222,222,106,126,184,184,174,188,156,159,211,211,156,156,135,155,225,225,0
SH-Q3797,DP06,186,188,118,127,224,224,106,124,176,192,174,212,134,156,208,211,156,170,119,129,225,225,0
SH-Q3798,DP06,180,180,127,127,224,224,106,116,176,192,174,174,134,134,208,211,158,159,131,131,231,231,0
SH-Q3799,DP06,184,186,118,133,222,222,106,126,184,184,174,188,156,159,211,211,156,156,135,155,225,225,0
SH-Q3800,DP06,184,188,118,133,224,232,106,124,184,192,174,192,148,156,208,211,176,176,119,131,231,243,0
SH-Q3801,DP06,174,190,130,130,222,224,124,124,184,184,174,174,134,156,205,211,154,159,131,147,225,231,0
SH-Q3802,DP06,168,172,130,139,222,222,113,124,184,184,160,200,134,154,205,205,158,177,133,163,225,246,0
SH-Q3803,DP06,184,192,127,133,224,224,124,124,176,176,172,174,134,154,205,205,154,156,119,131,243,243,0
SH-Q3804,DP06,180,182,127,133,222,224,106,122,172,184,174,196,154,154,208,211,154,176,129,143,225,243,0
SH-Q3805,DP06,166,166,127,127,222,224,124,124,176,186,160,174,134,148,208,211,159,159,131,131,231,243,0
SH-Q3806,DP06,164,182,124,133,222,224,124,124,172,174,168,172,154,156,211,211,159,178,131,131,243,253,0
SH-Q3807,DP06,182,182,118,133,224,224,122,124,176,192,168,200,134,138,205,211,154,159,133,163,225,246,0
SH-Q3808,DP06,128,128,130,133,220,224,124,124,174,174,172,174,134,154,205,208,159,159,131,145,243,243,0
SH-Q3809,DP06,174,190,124,130,220,224,124,124,174,176,170,174,134,167,211,211,158,161,131,131,225,233,0
SH-Q3810,DP06,194,194,118,133,224,224,122,124,176,192,168,200,134,138,205,211,154,159,133,163,225,246,0
SH-Q3811,DP06,190,190,127,127,224,224,122,124,174,176,160,178,134,144,205,211,150,158,131,131,231,243,0
SH-Q3812,DP06,194,194,118,133,224,224,122,124,176,192,168,200,134,138,205,211,154,159,133,163,225,246,0
SH-Q3813,DP06,164,182,124,133,222,224,124,124,172,174,168,172,154,156,211,211,159,178,131,131,243,253,0
SH-Q3814,DP06,182,188,130,130,220,222,106,124,174,182,172,174,134,154,208,211,154,158,131,161,243,243,0
SH-Q3815,DP06,182,188,130,130,220,222,106,124,174,182,172,174,134,154,208,211,154,158,131,161,243,243,0
SH-Q3816,DP06,186,186,118,127,224,224,122,124,176,176,160,172,134,154,208,211,154,156,129,131,225,231,0
SH-Q3817,DP06,182,188,130,130,220,222,106,124,174,182,172,174,134,154,208,211,154,158,131,161,243,243,0
SH-Q3818,DP06,154,180,130,133,220,224,106,124,174,192,172,210,154,154,205,205,154,178,119,145,225,243,0
SH-Q3819,DP08,182,182,118,127,224,224,122,124,176,176,160,172,134,154,208,211,154,156,129,131,225,231,0
SH-Q3819_B,DP06,182,182,118,127,224,224,122,124,176,176,160,172,134,154,208,211,154,156,129,131,225,231,0
SH-Q3820,DP06,182,188,130,130,220,222,106,124,174,182,172,174,134,154,208,211,154,158,131,161,243,243,0
SH-Q3821,DP06,184,184,118,130,224,224,124,124,176,176,168,172,134,154,205,208,159,178,131,143,243,246,0
SH-Q3822,DP08,182,182,130,130,220,222,120,124,174,182,174,208,134,134,205,208,158,177,163,163,225,243,0
SH-Q3822_B,DP06,182,182,130,130,220,222,120,124,174,182,174,208,134,134,205,208,158,177,163,163,225,243,0
SH-Q3823,DP06,182,188,130,130,220,222,106,124,174,182,172,174,134,154,208,211,154,158,131,161,243,243,0
SH-Q3824,DP06,154,180,130,133,220,224,106,124,174,192,172,210,154,154,205,205,154,178,119,145,225,243,0
SH-Q3825,DP06,182,188,130,130,220,222,106,124,174,182,172,174,134,154,208,211,154,158,131,161,243,243,0
SH-Q3826,DP06,178,182,124,130,222,224,124,124,172,182,168,188,134,156,205,211,156,158,117,163,225,231,0
SH-Q3827,DP06,186,186,127,130,222,224,124,124,176,182,160,174,134,134,211,211,158,158,131,161,231,243,0
SH-Q3828,DP06,146,168,118,139,222,224,106,126,172,176,172,174,134,154,205,211,156,177,119,155,243,243,0
SH-Q3829,DP06,182,188,130,130,220,222,106,124,174,182,172,174,134,154,208,211,154,158,131,161,243,243,0
SH-Q3830,DP06,166,166,127,127,222,224,124,124,176,186,160,174,134,148,208,211,159,159,131,131,231,243,0
SH-Q3831,DP06,188,188,118,127,224,224,122,124,176,176,160,172,134,154,208,211,154,156,129,131,225,231,0
SH-Q3832,DP06,182,194,127,139,222,224,106,106,172,186,172,174,134,159,211,211,170,173,129,169,243,246,0
SH-Q3833,DP06,180,180,118,124,224,224,122,124,174,176,168,174,154,156,205,211,158,177,131,140,243,253,0
SH-Q3834,DP06,166,180,124,127,222,224,108,116,176,184,160,170,156,157,205,208,158,159,131,147,233,246,0
SH-Q3835,DP06,164,182,124,133,222,224,124,124,172,174,168,172,154,156,211,211,159,178,131,131,243,253,0
SH-Q3836,DP06,184,190,127,133,224,224,124,124,176,176,172,174,134,154,205,205,154,156,119,131,243,243,0
SH-Q3837,DP06,168,188,118,130,220,224,106,120,174,174,172,174,134,154,205,208,158,158,131,161,231,243,0
SH-Q3838,DP06,154,180,130,133,220,224,106,124,174,192,172,212,154,154,205,205,154,178,119,145,225,243,0
SH-Q3839,DP06,146,174,118,139,224,224,106,124,184,192,174,200,148,154,205,211,178,178,131,163,225,243,0
SH-Q3840,DP06,172,178,130,130,224,224,106,122,176,176,174,178,144,148,208,211,156,176,119,131,243,243,0
SH-Q3841,DP06,192,194,118,133,224,224,122,124,176,192,168,200,134,138,205,211,154,159,133,163,225,246,0
SH-Q3842,DP06,170,184,127,139,224,224,108,108,174,176,174,208,138,156,205,208,159,178,129,153,225,231,0
SH-Q3843,DP06,128,190,118,118,222,222,122,124,182,184,174,174,134,134,205,211,158,161,163,163,243,243,0
SH-Q3844,DP06,164,182,124,133,222,224,124,124,172,174,168,168,154,156,211,211,159,178,131,131,243,253,0
SH-Q3845,DP06,128,194,127,130,220,230,124,124,174,184,174,188,134,157,205,211,161,176,135,155,225,243,0
SH-Q3846,DP06,194,194,118,133,224,224,122,124,176,192,168,200,134,138,205,211,154,159,133,163,225,246,0
SH-Q3847,DP06,146,198,130,139,224,224,106,122,172,192,174,174,148,152,205,211,156,178,145,163,231,243,0
SH-Q3848,DP06,154,174,118,133,220,222,106,106,174,182,172,174,134,156,205,208,178,178,131,135,231,253,0
SH-Q3849,DP06,182,188,130,130,220,222,106,124,174,182,172,174,134,154,208,211,154,158,131,161,243,243,0
SH-Q3850,DP06,194,194,118,133,224,224,122,124,176,192,168,202,134,138,205,211,154,159,133,163,225,246,0
SH-Q3851,DP06,176,190,124,130,220,224,124,124,174,176,170,174,134,167,211,214,158,161,131,131,225,233,0
SH-Q3852,DP06,172,172,127,127,224,224,106,124,176,184,172,208,134,152,205,208,156,161,151,155,225,231,0
SH-Q3853,DP06,178,182,124,130,222,224,124,124,172,182,168,188,134,156,205,211,156,158,117,163,225,231,0
SH-Q3854,DP06,146,174,118,139,224,224,106,124,184,192,174,200,148,154,205,211,178,178,131,163,225,243,0
SH-Q3855,DP06,184,198,118,130,226,232,106,124,176,188,160,198,134,134,205,205,156,159,133,135,225,231,0
SH-Q3856,DP06,128,188,118,130,224,232,106,106,176,184,174,192,148,156,208,211,156,176,119,131,225,231,0
SH-Q3857,DP06,176,198,139,139,222,224,108,124,174,184,174,200,138,154,205,205,154,158,145,145,231,246,0
SH-Q3858,DP06,156,180,127,136,222,224,108,124,174,176,174,178,134,154,205,208,154,156,129,141,225,231,0
SH-Q3859,DP07,146,196,124,127,204,220,124,124,174,176,168,174,134,134,205,211,154,177,131,131,231,240,0
SH-Q3860,DP07,128,182,118,118,222,222,106,122,182,182,172,174,134,154,205,208,156,158,131,163,243,243,0
SH-Q3861,DP07,182,188,130,130,220,222,106,124,174,182,172,174,134,154,208,211,154,158,131,161,243,243,0
SH-Q3862,DP07,186,188,118,127,224,224,106,124,176,192,174,212,134,156,208,211,156,170,119,129,225,225,0
SH-Q3863,DP07,128,180,133,133,222,224,116,122,172,184,174,202,134,154,208,211,154,154,129,131,243,246,0
SH-Q3864,DP07,170,182,130,139,222,224,108,124,172,184,188,200,154,156,205,205,158,177,133,145,225,246,0
SH-Q3865,DP07,180,186,130,133,224,224,106,124,176,176,160,174,134,156,208,208,176,178,131,131,225,231,0
SH-Q3866,DP07,154,186,133,133,222,222,106,106,174,182,172,174,134,156,205,211,156,178,131,135,231,253,0
SH-Q3867,DP07,174,190,130,130,222,224,124,124,184,184,174,174,134,156,205,211,154,159,131,147,225,231,0
SH-Q3868,DP07,182,184,118,133,222,222,106,126,184,184,174,188,156,159,211,211,156,156,135,155,225,225,0
SH-Q3869,DP07,174,184,130,139,224,224,108,124,184,192,160,174,134,138,205,211,159,177,119,163,225,231,0
SH-Q3870,DP07,172,180,136,139,224,226,124,124,176,176,172,202,134,134,205,211,178,178,131,131,249,258,0
SH-Q3871,DP07,188,198,133,139,220,224,106,124,174,176,172,174,144,156,208,208,176,176,131,133,225,253,0
SH-Q3872,DP07,172,178,130,130,224,224,106,122,176,176,174,178,144,148,208,211,156,176,119,131,243,243,0
SH-Q3873,DP07,176,190,124,130,220,224,124,124,174,176,170,174,134,167,211,214,158,161,131,131,225,233,0
SH-Q3874,DP07,172,174,118,139,222,224,113,126,184,184,160,168,134,183,205,211,158,177,163,163,225,231,0
SH-Q3875,DP07,146,168,118,139,222,224,106,126,172,176,172,174,134,154,205,211,156,176,119,155,243,243,0
SH-Q3876,DP07,190,190,124,130,220,224,108,124,174,176,168,170,134,138,205,211,161,173,131,153,233,246,0
SH-Q3877,DP07,164,182,124,133,222,224,124,124,172,174,168,172,154,156,211,211,159,178,131,131,243,253,0
SH-Q3878,DP07,128,196,127,130,220,230,124,124,174,184,174,188,134,157,205,211,161,176,135,155,225,243,0
SH-Q3879,DP07,128,180,127,133,224,224,106,116,174,184,174,202,134,134,205,208,154,177,131,131,243,246,0
SH-Q3880,DP07,146,164,130,139,222,224,116,124,174,182,160,174,134,171,205,211,178,178,131,131,231,246,0
SH-Q3881,DP07,172,184,118,130,222,224,106,113,184,192,160,172,134,154,211,211,158,158,133,165,225,243,0
SH-Q3882,DP07,174,184,118,130,222,224,106,113,184,192,160,172,134,154,211,211,158,158,133,165,225,243,0
SH-Q3883,DP07,192,194,118,133,224,224,122,124,176,192,168,200,134,138,205,211,154,159,133,163,225,246,0
SH-Q3884,DP07,172,174,118,139,222,224,113,126,184,184,160,168,134,183,205,211,158,177,163,163,225,231,0
SH-Q3885,DP07,182,192,127,130,222,224,106,124,174,182,172,174,148,154,205,211,Too many alleles,Too many alleles,131,165,225,243,1
SH-Q3886,DP07,128,128,130,133,220,224,124,124,174,174,172,174,134,154,205,208,154,159,131,145,243,243,0
SH-Q3887,DP07,172,184,118,130,222,224,106,113,184,192,160,172,134,154,211,211,158,158,133,165,225,243,0
SH-Q3888,DP07,182,188,130,130,220,222,106,124,174,182,172,174,134,154,208,211,154,158,131,161,243,243,0
SH-Q3889,DP07,182,190,127,127,222,224,106,122,172,174,172,178,144,154,205,211,156,158,131,131,243,243,0
SH-Q3890,DP07,172,174,118,139,222,224,113,126,184,184,160,168,134,183,205,211,158,177,163,163,225,231,0
SH-Q3891,DP07,128,128,130,133,220,224,124,124,174,174,172,174,134,154,205,208,154,159,131,145,243,243,0
SH-Q3892,DP07,176,186,118,130,222,224,106,113,184,192,160,172,134,154,211,211,158,158,133,167,225,225,0
SH-Q3893,DP07,154,180,130,133,220,224,106,124,174,192,172,210,154,154,205,205,154,178,119,145,225,243,0
SH-Q3894,DP07,128,128,130,133,220,224,124,124,174,174,172,174,134,154,205,208,154,159,131,145,243,243,0
SH-Q3895,DP07,172,174,118,139,222,224,113,126,184,184,160,168,134,183,205,211,158,177,163,163,225,231,0
SH-Q3896,DP07,146,182,127,139,222,224,124,126,176,182,160,172,134,154,205,211,156,156,119,131,231,243,0
SH-Q3897,DP07,166,180,118,130,222,224,124,124,172,176,172,174,134,154,205,211,154,176,131,135,231,243,0
SH-Q3898,DP07,194,194,118,133,224,224,122,124,176,192,168,200,134,138,205,211,154,159,133,163,225,246,0
SH-Q3899,DP07,178,184,127,130,224,224,108,124,172,182,172,188,134,156,205,223,156,178,117,131,225,253,0
SH-Q3900,DP07,168,168,130,139,222,224,116,124,174,184,174,200,134,154,205,205,158,178,131,133,243,246,0
SH-Q3901,DP07,154,172,118,133,220,222,106,106,174,182,172,174,134,156,205,208,178,178,131,135,231,253,0
SH-Q3902,DP07,182,190,130,130,220,222,106,124,174,182,172,174,134,154,208,211,154,158,131,161,243,243,0
SH-Q3903,DP07,128,190,130,133,204,224,106,108,176,176,168,184,138,154,205,208,159,173,153,159,246,246,0
SH-Q3904,DP07,166,166,130,133,204,222,124,124,172,184,172,174,134,154,205,211,154,159,131,131,243,243,0
SH-Q3905,DP07,172,174,118,139,222,224,113,126,184,184,160,168,134,183,205,211,158,177,163,163,225,231,0
SH-Q3906,DP07,166,172,118,130,222,222,124,124,182,184,168,174,134,138,205,211,156,161,119,155,225,246,0
SH-Q3907,DP07,166,166,130,133,204,222,124,124,172,184,172,174,134,154,205,211,154,159,131,131,243,243,0
SH-Q3908,DP07,146,170,118,139,222,224,106,126,172,176,172,174,134,154,205,211,156,177,119,155,243,243,0
SH-Q3909,DP08,186,188,118,127,224,224,106,124,176,192,174,212,134,156,208,211,156,170,119,129,225,225,0
SH-Q3909_B,DP07,186,188,118,127,224,224,106,124,176,192,174,212,134,156,208,211,156,170,119,129,225,225,0
SH-Q3910,DP07,166,166,118,127,222,224,124,124,172,176,172,174,134,154,205,205,154,158,131,133,225,231,0
SH-Q3911,DP07,172,172,130,139,224,224,106,124,174,192,172,202,134,154,205,211,158,173,153,165,225,243,0
SH-Q3912,DP07,182,188,130,130,220,222,106,124,174,182,172,174,134,154,208,211,154,158,131,161,243,243,0
SH-Q3913,DP07,182,188,130,130,220,222,106,124,174,182,172,174,134,154,208,211,154,158,131,161,243,243,0
SH-Q3914,DP07,182,188,130,130,220,222,106,124,174,182,172,174,134,154,208,211,154,158,131,161,243,243,0
SH-Q3915,DP07,186,186,118,127,224,224,122,124,176,176,160,172,134,154,208,211,154,156,129,131,225,231,0
SH-Q3916,DP07,154,180,130,133,220,224,106,124,174,192,172,212,154,154,205,205,154,178,119,145,225,243,0
SH-Q3917,DP07,128,194,127,130,220,230,124,124,174,184,174,188,134,157,205,211,161,176,135,157,225,243,0
SH-Q3918,DP07,154,180,130,133,220,224,106,124,174,192,172,210,154,154,205,205,154,178,119,145,225,243,0
SH-Q3919,DP07,154,180,130,133,220,224,106,124,174,192,172,210,154,154,205,205,154,178,119,145,225,243,0
SH-Q3920,DP07,180,180,133,139,224,224,120,124,176,184,168,208,134,134,205,211,154,177,131,143,225,231,0
SH-Q3921,DP07,128,128,130,133,220,224,124,124,174,174,172,174,134,154,205,208,154,159,131,145,243,243,0
SH-Q3922,DP07,156,180,127,136,222,224,108,124,174,176,174,178,134,154,205,208,154,156,129,141,225,231,0
SH-Q3923,DP07,154,164,130,133,220,224,106,124,174,192,172,210,154,154,205,205,154,178,119,145,225,243,0
SH-Q3924,DP07,154,174,118,133,220,222,106,106,174,182,172,174,134,156,205,208,178,178,131,135,231,253,0
SH-Q3925,DP07,168,190,118,130,220,224,106,120,174,174,172,174,134,154,205,208,158,158,131,161,231,243,0
SH-Q3926,DP07,156,180,127,136,222,224,108,124,174,176,174,178,134,154,205,208,154,156,129,141,225,231,0
SH-Q3927,DP07,164,182,124,133,222,224,124,124,172,174,168,172,154,156,211,211,159,178,131,131,243,253,0
SH-Q3928,DP07,128,174,130,139,222,222,106,124,184,184,168,174,134,159,211,223,159,176,131,147,225,231,0
SH-Q3929,DP07,128,184,130,130,222,232,106,124,184,188,172,198,134,154,205,211,158,159,133,163,225,243,0
SH-Q3930,DP07,146,184,133,139,224,224,106,106,176,192,174,174,134,148,205,211,156,178,131,155,243,243,0
SH-Q3931,DP07,172,184,118,130,222,224,106,113,184,192,160,172,134,154,211,211,158,158,133,165,225,243,0
SH-Q3932,DP07,172,188,118,130,222,224,106,124,176,184,160,174,134,154,205,211,156,158,131,133,225,231,0
SH-Q3933,DP07,154,180,130,133,220,224,106,124,174,192,172,212,154,154,205,205,154,178,119,145,225,243,0
SH-Q3934,DP07,172,180,136,139,224,226,124,124,176,176,172,202,134,134,205,211,178,178,131,131,249,258,0
SH-Q3935,DP07,164,164,127,127,222,224,124,124,176,182,172,174,134,154,205,205,158,178,131,133,225,231,0
SH-Q3936,DP07,194,194,118,133,224,224,122,124,176,192,168,200,134,138,205,211,154,159,133,163,225,246,0
SH-Q3937,DP07,186,188,118,127,224,224,106,124,176,192,174,212,134,156,208,211,156,170,119,129,225,225,0
SH-Q3938,DP07,154,180,130,133,220,224,106,124,174,192,172,212,154,154,205,205,154,178,119,145,225,243,0
SH-Q3939,DP07,174,184,118,130,222,224,106,113,184,192,160,172,134,154,211,211,158,158,133,165,225,243,0
SH-Q3940,DP07,172,184,118,130,222,224,106,113,184,192,160,172,134,154,211,211,158,158,133,165,225,243,0
SH-Q3941,DP07,172,184,118,130,222,224,106,113,184,192,160,172,134,154,211,211,158,158,133,165,225,243,0
SH-Q3942,DP07,154,180,130,130,224,224,124,126,174,192,172,174,134,154,205,205,178,178,119,131,231,243,0
SH-Q3943,DP07,186,186,118,127,224,224,122,124,176,176,160,172,134,154,208,211,154,156,129,131,225,231,0
SH-Q3944,DP07,172,174,118,139,222,224,113,126,184,184,160,168,134,183,205,211,158,177,163,163,225,231,0
SH-Q3945,DP07,178,182,124,130,222,224,124,124,172,182,168,188,134,156,205,211,156,158,117,163,225,231,0
SH-Q3946,DP07,186,186,118,127,224,224,122,124,176,176,160,172,134,154,208,211,154,156,129,131,225,231,0
SH-Q3947,DP07,186,186,118,127,224,224,122,124,176,176,160,172,134,154,208,211,154,156,129,131,225,231,0
SH-Q3948,DP07,186,186,127,139,224,224,124,124,176,192,168,174,134,138,205,211,159,177,131,163,231,243,0
SH-Q3949,DP07,154,180,130,130,224,224,124,126,174,192,172,174,134,154,205,205,178,178,119,131,231,243,0
SH-Q3950,DP08,128,128,130,133,220,224,124,124,174,174,172,174,134,154,205,208,154,159,131,145,243,243,0
SH-Q3951,DP08,166,188,118,130,222,224,124,124,172,176,172,174,134,154,205,211,154,176,131,135,231,243,0
SH-Q3952,DP08,186,186,118,133,224,224,122,124,176,192,Too many alleles,Too many alleles,134,138,205,211,154,159,133,163,225,246,1
SH-Q3953,DP08,166,186,118,130,222,224,124,124,172,176,172,174,134,154,205,211,154,176,131,135,231,243,0
SH-Q3954,DP01,172,184,118,130,222,224,106,113,184,192,160,172,134,154,211,211,158,158,133,165,225,243,0
SH-Q3955,DP01,154,180,130,133,220,224,106,124,174,192,172,210,154,154,205,205,154,178,119,145,225,243,0
SH-Q4011,DP01,164,196,127,127,204,224,106,118,Too many alleles,Too many alleles,182,184,134,134,208,214,154,154,131,151,243,243,1
SH-Q4012,DP01,178,182,118,118,204,220,106,118,172,182,160,172,152,156,211,211,167,167,143,153,231,243,0
SH-Q4013,DP01,182,202,118,139,220,224,118,118,182,184,172,190,134,156,208,211,152,158,153,153,228,231,0
SH-Q4014,DP01,178,180,118,139,220,222,118,118,174,182,172,186,134,156,211,211,167,176,143,143,228,231,0
SH-Q4015,DP01,164,164,127,139,222,224,106,108,184,186,184,202,134,134,208,211,154,154,131,131,231,243,0
SH-Q4016,DP01,200,200,139,139,222,222,116,118,174,184,172,174,134,154,211,211,154,177,131,145,231,231,0
SH-Q4017,DP01,194,198,127,139,222,224,116,116,174,184,174,174,134,144,205,205,158,176,131,165,225,231,0
SH-Q4018,DP01,152,172,127,130,204,204,118,118,174,184,172,182,134,163,205,211,173,173,131,149,231,243,0
SH-Q4019,DP01,164,166,127,127,204,224,106,108,184,186,176,202,134,154,214,223,154,177,131,131,225,231,0
SH-Q4020,DP01,164,172,127,127,204,222,106,106,156,174,182,184,134,134,205,214,154,158,131,131,243,243,0
SH-Q4021,DP01,164,164,127,139,222,222,106,108,184,184,182,202,134,134,205,208,158,176,131,133,231,243,0
SH-Q4022,DP01,166,196,118,130,220,222,106,106,184,184,172,204,134,134,208,223,154,163,131,143,231,231,0
SH-Q4022_B,DP03,166,196,118,130,220,222,106,106,184,184,172,204,134,134,208,223,154,163,131,143,231,231,0
SH-Q4023,DP01,164,174,127,136,204,222,Too many alleles,Too many alleles,Too many alleles,Too many alleles,172,184,134,152,205,208,Too many alleles,Too many alleles,Too many alleles,Too many alleles,231,243,4
SH-Q4024,DP01,146,196,118,136,204,204,106,124,172,172,174,190,134,159,205,208,154,158,131,153,231,231,0
SH-Q4025,DP01,194,194,118,139,224,224,118,118,174,184,174,190,134,134,205,208,158,176,131,163,228,231,0
SH-Q4026,DP01,164,174,127,136,204,222,Too many alleles,Too many alleles,Too many alleles,Too many alleles,172,184,134,152,Too many alleles,Too many alleles,Too many alleles,Too many alleles,Too many alleles,Too many alleles,231,243,5
SH-Q4027,DP01,170,178,118,130,222,224,106,124,174,192,160,174,154,159,205,205,156,167,131,139,243,246,0
SH-Q4028,DP01,182,186,118,127,204,220,116,118,172,182,174,190,134,134,211,211,158,176,131,163,228,231,0
SH-Q4029,DP01,164,182,127,139,222,222,106,116,156,184,182,194,134,165,208,214,154,158,131,131,243,253,0
SH-Q4030,DP01,172,178,127,136,204,222,106,118,174,184,168,182,134,134,214,223,158,176,131,135,240,243,0
SH-Q4031,DP01,164,186,124,127,222,222,106,124,156,184,172,172,152,157,214,223,158,161,131,143,243,243,0
SH-Q4032,DP01,164,194,127,139,222,224,106,108,184,186,184,202,134,134,205,208,154,154,131,131,231,243,0
SH-Q4033,DP01,166,172,127,136,204,222,108,118,184,184,188,202,134,134,208,223,154,158,131,147,231,231,0
SH-Q4034,DP01,184,190,118,139,220,222,116,118,174,182,174,186,134,134,211,211,176,176,131,143,228,231,0
SH-Q4035,DP01,164,182,127,130,204,222,106,118,174,184,172,182,134,152,211,211,158,158,131,143,231,243,0
SH-Q4036,DP01,182,182,124,127,222,222,106,118,156,172,168,182,163,163,214,223,173,177,131,131,228,231,0
SH-Q4037,DP01,172,172,118,127,204,220,106,118,174,184,172,182,134,163,211,223,173,176,131,143,231,231,0
SH-Q4038,DP01,180,180,127,139,220,222,106,106,184,184,172,182,134,134,205,223,163,177,131,143,231,243,0
SH-Q4039,DP01,196,196,127,127,220,224,118,118,184,186,172,182,134,134,214,223,154,163,131,143,231,243,0
SH-Q4039_B,DP05,194,196,127,127,220,224,118,118,184,186,172,182,134,134,214,223,154,163,131,143,231,243,0
SH-Q4040,DP01,188,188,127,127,220,222,106,118,184,184,172,204,134,134,208,223,163,177,131,143,231,231,0
SH-Q4041,DP01,174,178,118,139,222,222,116,128,174,182,174,174,134,134,223,223,167,176,143,145,231,246,0
SH-Q4042,DP06,NA,NA,NA,NA,NA,NA,NA,NA,182,184,NA,NA,NA,NA,NA,NA,NA,NA,NA,NA,NA,NA,NA
SH-Q4042_B,DP01,168,190,118,127,222,224,108,116,182,184,172,172,NA,NA,NA,NA,NA,NA,NA,NA,NA,NA,NA
SH-Q4043,DP01,164,168,127,139,222,222,106,124,174,184,172,202,134,167,208,211,154,158,131,131,231,231,0
SH-Q4044,DP01,174,178,127,139,204,220,118,128,174,182,172,174,134,156,211,223,167,167,143,143,231,246,0
SH-Q4045,DP01,186,186,127,127,222,222,116,124,174,184,174,188,134,157,205,223,158,177,131,163,231,231,0
SH-Q4045_B,DP02,186,186,127,127,222,222,116,124,174,184,174,188,134,157,205,223,158,177,131,163,231,231,0
SH-Q4046,DP01,174,174,118,133,222,224,106,124,172,174,174,188,134,134,205,205,154,178,131,135,225,231,0
SH-Q4047,DP01,182,196,127,127,204,222,108,118,156,174,182,206,134,163,208,214,154,173,131,131,231,231,0
SH-Q4048,DP01,128,176,127,139,222,222,124,124,172,184,192,192,134,134,205,208,154,159,131,143,246,246,0
SH-Q4049,DP01,174,202,124,127,222,222,106,116,156,184,168,172,134,152,211,214,176,177,131,143,240,243,0
SH-Q4049_B,DP02,174,202,124,127,222,222,106,116,156,184,168,172,134,152,211,214,176,177,131,143,240,243,0
SH-Q4050,DP01,182,184,118,118,204,222,106,118,172,184,160,186,134,152,208,208,167,167,129,143,228,243,0
SH-Q4051,DP01,182,184,127,139,204,222,106,124,172,184,160,172,152,154,211,211,156,167,131,143,243,243,0
SH-Q4052,DP01,164,196,127,130,222,224,108,116,184,186,202,202,134,134,211,214,154,154,131,133,231,231,0
SH-Q4053,DP01,182,196,118,139,204,222,118,124,172,174,160,172,134,156,205,211,152,176,143,145,231,246,0
SH-Q4054,DP01,172,196,127,127,222,224,106,106,Too many alleles,Too many alleles,182,184,134,134,208,214,154,173,131,151,243,243,1
SH-Q4055,DP01,166,168,127,130,204,222,106,106,184,184,182,196,134,159,208,211,154,158,151,151,243,243,0
SH-Q4056,DP01,166,166,127,127,204,222,106,124,184,184,172,182,134,134,208,223,154,158,131,133,231,243,0
SH-Q4057,DP01,174,182,124,127,222,222,106,118,156,190,172,182,152,163,211,214,161,173,131,143,231,231,0
SH-Q4058,DP01,164,164,130,139,222,222,106,116,184,184,194,202,134,165,208,211,154,158,133,143,231,253,0
SH-Q4059,DP01,172,172,127,139,204,222,106,124,174,184,182,208,134,134,205,211,158,173,131,131,231,243,0
SH-Q4060,DP01,164,194,139,139,222,222,106,108,184,184,202,202,134,134,211,211,154,154,143,151,231,253,0
SH-Q4061,DP01,182,192,127,139,222,224,106,106,156,184,182,182,134,134,205,214,158,173,131,143,243,243,0
SH-Q4062,DP04,NA,NA,NA,NA,NA,NA,NA,NA,156,156,NA,NA,NA,NA,NA,NA,NA,NA,NA,NA,NA,NA,NA
SH-Q4062_B,DP01,176,182,127,127,222,222,118,118,156,156,172,182,NA,NA,NA,NA,NA,NA,NA,NA,NA,NA,NA
SH-Q4063,DP01,160,174,118,124,222,222,106,116,156,156,172,184,134,156,205,214,158,161,131,153,231,243,0
SH-Q4064,DP01,164,196,127,139,204,222,106,108,174,184,184,202,134,134,205,208,154,154,131,131,231,243,0
SH-Q4065,DP01,172,172,118,127,204,220,106,118,174,184,172,182,134,163,211,223,158,176,131,143,231,231,0
SH-Q4065_B,DP03,172,172,118,127,204,220,106,118,174,184,172,182,134,163,211,223,158,176,131,143,231,231,0
SH-Q4066,DP01,172,188,124,127,222,222,106,118,156,156,182,202,134,134,214,223,158,173,131,131,231,243,0
SH-Q4067,DP01,164,194,139,139,222,222,106,116,184,184,194,202,134,165,211,211,154,158,143,151,231,253,0
SH-Q4068,DP01,174,178,139,139,220,222,124,128,182,184,174,192,134,134,205,208,152,176,143,143,246,246,0
SH-Q4069,DP01,164,194,127,139,222,224,106,108,184,186,184,202,134,134,208,208,154,158,131,131,231,243,0
SH-Q4070,DP01,174,184,127,127,220,222,118,118,156,184,172,182,134,134,214,223,158,163,143,143,231,243,0
SH-Q4071,DP04,NA,NA,NA,NA,NA,NA,NA,NA,174,184,NA,NA,NA,NA,NA,NA,NA,NA,NA,NA,NA,NA,NA
SH-Q4071_B,DP01,172,176,127,139,204,222,106,116,174,184,182,182,NA,NA,NA,NA,NA,NA,NA,NA,NA,NA,NA
SH-Q4072,DP01,166,196,127,127,224,224,106,108,184,186,184,202,134,134,208,214,154,154,131,151,231,243,0
SH-Q4072_B,DP02,166,196,127,127,224,224,106,108,184,186,184,202,134,154,208,214,154,154,131,151,231,243,0
SH-Q4073,DP01,164,166,127,130,222,224,106,118,Too many alleles,Too many alleles,182,202,134,134,211,214,154,154,131,133,231,243,1
SH-Q4074,DP01,176,196,127,127,222,222,108,124,184,184,202,204,134,134,208,211,154,163,131,155,231,231,0
SH-Q4075,DP07,NA,NA,NA,NA,NA,NA,NA,NA,172,176,NA,NA,NA,NA,NA,NA,NA,NA,NA,NA,NA,NA,NA
SH-Q4075_B,DP01,166,180,118,127,222,224,106,124,172,176,174,174,NA,NA,NA,NA,NA,NA,NA,NA,NA,NA,NA
SH-Q4076,DP01,166,170,118,127,222,224,124,124,172,176,172,174,134,154,211,211,154,158,131,131,243,243,0
SH-Q4077,DP01,146,154,133,139,220,224,106,108,174,192,188,210,154,156,205,208,154,156,131,145,225,225,0
SH-Q4078,DP01,178,182,130,139,220,224,106,124,182,192,174,192,134,154,211,223,167,174,139,153,246,246,0
SH-Q4079,DP01,154,172,130,139,220,224,106,124,174,174,172,200,154,154,205,205,154,158,145,153,225,243,0
SH-Q4080,DP01,158,158,118,139,222,224,106,124,174,182,174,190,134,154,205,208,159,176,131,143,231,231,0
SH-Q4081,DP01,Too many alleles,Too many alleles,127,136,204,222,106,124,Too many alleles,Too many alleles,182,184,134,134,Too many alleles,Too many alleles,Too many alleles,Too many alleles,Too many alleles,Too many alleles,243,243,5
SH-Q4082,DP01,164,166,Too many alleles,Too many alleles,204,222,106,124,174,184,Too many alleles,Too many alleles,134,159,211,223,154,158,131,151,231,243,2
SH-Q4083,DP01,128,180,127,127,204,204,118,124,174,184,172,172,134,152,205,205,154,177,133,133,231,231,0
SH-Q4084,DP01,Too many alleles,Too many alleles,127,139,204,222,116,118,184,184,168,182,134,134,214,223,158,176,135,147,240,243,1
SH-Q4085,DP01,156,164,127,136,222,222,106,124,184,184,Too many alleles,Too many alleles,134,134,205,208,165,167,131,133,231,243,1
SH-Q4086,DP07,NA,NA,NA,NA,NA,NA,NA,NA,184,184,NA,NA,NA,NA,NA,NA,NA,NA,NA,NA,NA,NA,NA
SH-Q4086_B,DP01,164,186,118,127,204,204,106,124,184,184,182,190,NA,NA,NA,NA,NA,NA,NA,NA,NA,NA,NA
SH-Q4087,DP01,158,172,118,139,204,222,116,124,172,174,160,172,150,159,208,223,154,159,143,145,243,246,0
SH-Q4087_B,DP03,158,172,118,139,204,222,116,124,172,174,160,172,150,159,208,223,154,159,143,145,243,246,0
SH-Q4088,DP01,186,198,118,139,220,220,116,124,174,182,174,192,134,134,211,211,167,176,143,153,225,246,0
SH-Q4089,DP01,186,192,118,139,204,220,118,118,182,184,172,198,134,156,211,223,156,167,117,143,231,246,0
SH-Q4090,DP01,180,180,118,127,222,224,122,124,172,176,174,178,134,144,211,211,150,176,131,135,231,243,0
SH-Q4091,DP01,154,172,130,130,224,224,106,124,176,192,172,174,134,154,205,211,158,176,131,165,243,243,0
SH-Q4091_B,DP02,Too many alleles,Too many alleles,130,130,224,224,106,124,176,192,172,174,134,154,205,211,158,176,131,165,243,243,1
SH-Q4092,DP01,Too many alleles,Too many alleles,127,130,204,222,106,106,174,184,182,204,134,134,208,211,154,158,131,131,231,243,1
SH-Q4093,DP01,164,166,127,136,222,224,106,124,184,186,172,184,134,157,208,211,154,158,131,131,243,243,0
SH-Q4094,DP01,164,166,136,139,204,222,106,116,174,184,184,194,134,165,205,208,154,176,131,151,243,253,0
SH-Q4095,DP01,182,194,118,139,224,224,106,118,174,184,160,174,134,152,205,208,167,176,153,165,231,243,0
SH-Q4096,DP01,156,178,130,139,222,224,116,118,184,184,168,172,134,134,223,223,176,177,131,135,231,240,0
SH-Q4097,DP01,184,196,127,139,222,224,116,124,174,174,174,192,134,134,205,205,152,158,145,165,231,246,0
SH-Q4098,DP01,168,178,127,139,222,222,118,128,174,184,172,174,134,156,208,211,167,167,143,143,231,246,0
SH-Q4099,DP01,182,196,127,127,204,220,106,118,174,184,172,182,134,134,211,223,173,176,131,143,231,243,0
SH-Q4099_B,DP03,182,196,127,127,204,220,106,118,174,184,172,182,134,134,211,223,173,176,131,143,231,243,0
SH-Q4100,DP01,172,186,127,139,204,220,118,118,182,194,174,178,134,154,211,223,167,176,131,131,231,243,0
SH-Q4101,DP01,182,196,127,127,204,222,106,106,156,174,182,184,134,134,208,214,154,173,131,151,231,243,0
SH-Q4102,DP01,180,180,118,130,222,224,106,120,172,192,200,208,134,154,205,211,173,178,131,153,225,225,0
SH-Q4103,DP02,182,182,127,127,204,222,106,118,156,174,182,182,134,163,211,211,154,173,131,133,231,243,0
SH-Q4104,DP02,180,180,127,130,224,224,124,124,176,176,172,172,154,154,205,205,154,178,131,133,225,243,0
SH-Q4105,DP02,166,180,118,127,224,224,106,124,176,192,172,174,134,154,205,211,159,176,131,135,231,243,0
SH-Q4106,DP02,158,170,118,130,204,222,106,106,174,184,174,190,154,154,208,223,156,159,117,143,231,246,0
SH-Q4107,DP02,176,176,127,139,222,222,116,124,172,184,192,192,134,134,205,205,154,159,131,143,246,246,0
SH-Q4108,DP02,156,182,127,127,204,220,106,106,174,186,172,182,134,134,211,214,173,176,131,143,231,243,0
SH-Q4109,DP02,180,182,118,139,220,222,116,118,174,182,172,172,154,156,211,211,152,177,145,153,231,231,0
SH-Q4110,DP02,180,188,130,130,220,224,106,124,174,176,174,210,134,154,205,205,154,158,133,145,225,231,0
SH-Q4111,DP02,202,206,118,139,220,220,116,118,182,182,172,174,134,156,205,211,154,167,143,153,231,231,0
SH-Q4112,DP02,190,192,118,133,224,224,124,124,172,182,168,196,144,148,211,211,154,159,131,131,231,246,0
SH-Q4113,DP02,Too many alleles,Too many alleles,118,139,204,222,116,124,172,174,160,172,150,159,211,211,158,159,143,153,243,246,1
SH-Q4114,DP02,164,188,124,139,222,222,106,106,156,184,172,192,134,134,211,214,177,177,143,159,243,243,0
SH-Q4115,DP02,172,190,124,127,204,224,106,118,174,184,182,182,134,163,211,211,158,177,131,159,243,243,0
SH-Q4116,DP02,164,194,127,139,222,222,106,108,184,184,202,202,134,134,208,211,154,154,131,151,231,231,0
SH-Q4117,DP02,188,190,124,133,204,224,124,124,172,184,182,196,144,156,211,211,159,176,155,155,231,253,0
SH-Q4118,DP02,178,194,118,139,222,222,116,118,174,184,172,172,150,156,205,223,158,159,143,163,231,246,0
SH-Q4119,DP02,172,190,124,127,222,222,106,118,156,184,182,182,134,163,211,214,173,177,131,159,231,243,0
SH-Q4120,DP02,178,198,118,139,204,222,116,118,184,184,192,208,134,134,205,223,156,176,117,131,246,246,0
SH-Q4121,DP02,Too many alleles,Too many alleles,118,118,204,224,124,124,176,184,182,208,138,144,208,211,154,158,131,155,231,246,1
SH-Q4122,DP02,188,190,127,127,204,224,124,124,172,184,182,196,144,156,211,211,159,176,131,155,231,253,0
SH-Q4123,DP02,176,180,124,127,220,224,108,124,182,184,174,200,134,154,205,211,154,173,129,143,231,231,0
SH-Q4124,DP02,166,166,127,130,222,224,106,118,184,186,182,202,134,154,211,214,154,154,131,133,231,243,0
SH-Q4125,DP02,Too many alleles,Too many alleles,124,127,204,222,124,124,184,194,182,196,144,156,211,211,159,176,131,155,231,253,1
SH-Q4126,DP02,178,194,139,139,222,224,116,118,174,184,174,192,134,134,205,205,154,176,131,131,231,246,0
SH-Q4127,DP02,194,200,127,127,220,224,116,118,174,174,172,174,134,154,205,223,158,176,131,143,231,231,0
SH-Q4128,DP02,Too many alleles,Too many alleles,127,139,222,224,118,118,174,182,172,174,134,156,208,211,154,158,131,163,231,231,1
SH-Q4129,DP02,182,184,118,139,204,222,118,124,172,174,186,192,134,134,205,208,154,167,153,153,228,246,0
SH-Q4130,DP02,156,184,127,136,222,222,106,124,184,184,182,186,134,134,205,208,154,172,131,133,243,243,0
SH-Q4131,DP02,Too many alleles,Too many alleles,124,127,204,222,106,118,174,184,182,182,134,163,205,211,158,173,131,131,231,243,1
SH-Q4132,DP02,178,178,130,133,204,224,106,118,172,192,186,208,134,134,205,208,156,167,117,129,228,246,0
SH-Q4133,DP02,202,202,127,130,204,222,106,124,172,172,192,192,134,156,208,211,174,177,131,143,246,246,0
SH-Q4134,DP02,188,202,130,139,204,224,106,124,172,182,160,192,156,159,211,223,174,176,131,143,243,246,0
SH-Q4135,DP02,170,178,130,133,204,204,106,106,172,184,174,174,154,154,208,223,154,174,129,139,246,246,0
SH-Q4136,DP02,164,166,130,139,204,204,106,108,184,184,184,202,134,134,211,223,158,176,131,149,231,243,0
SH-Q4137,DP02,160,192,118,124,222,222,108,116,182,182,172,172,154,169,211,211,154,158,131,159,231,243,0
SH-Q4138,DP02,180,196,127,139,220,222,106,118,156,184,172,182,134,134,208,223,163,173,143,157,231,243,0
SH-Q4139,DP02,192,194,127,139,222,222,108,118,184,184,182,204,134,134,211,214,154,154,131,131,231,243,0
SH-Q4140,DP02,176,200,127,139,222,222,116,116,174,184,172,192,134,154,205,211,156,177,145,165,231,246,0
SH-Q4141,DP02,174,178,118,139,204,222,116,128,174,174,172,174,134,156,223,223,167,176,145,163,231,246,0
SH-Q4142,DP02,164,164,139,139,204,222,106,108,184,184,202,202,134,134,208,211,154,158,143,151,231,231,0
SH-Q4143,DP02,172,200,139,139,220,222,106,116,174,184,168,172,144,154,223,223,170,177,131,143,231,243,0
SH-Q4144,DP02,186,196,118,139,220,222,116,124,174,174,172,192,134,154,205,211,152,176,143,145,231,246,0
SH-Q4145,DP02,196,196,130,139,204,220,106,124,172,182,174,192,134,154,208,211,156,167,117,153,246,246,0
SH-Q4146,DP02,182,186,118,127,204,224,106,116,172,174,160,174,134,152,211,211,167,176,131,153,231,243,0
SH-Q4147,DP02,178,200,118,127,220,222,116,116,174,184,174,174,144,154,205,223,176,176,131,143,225,225,0
SH-Q4148,DP02,164,188,118,124,204,204,108,124,184,184,204,212,138,138,208,211,176,176,131,155,246,246,0
SH-Q4149,DP02,172,174,124,127,204,222,106,106,156,174,172,182,134,152,205,211,161,173,131,143,231,243,0
SH-Q4150,DP02,154,168,118,124,204,224,108,116,184,184,172,172,154,169,211,211,158,158,131,145,231,243,0
SH-Q4151,DP02,Too many alleles,Too many alleles,130,139,204,204,106,124,172,174,172,192,134,156,211,223,176,177,131,145,243,246,1
SH-Q4152,DP02,164,196,127,130,222,222,118,118,184,184,172,182,134,152,208,211,154,154,131,133,231,243,0
SH-Q4153,DP02,164,164,127,127,222,222,108,124,174,184,172,204,134,167,208,223,158,158,131,143,231,231,0
SH-Q4154,DP02,Too many alleles,Too many alleles,118,127,222,222,106,124,172,182,172,174,134,154,205,205,154,179,131,165,225,231,1
SH-Q4155,DP02,194,196,118,118,204,220,106,106,184,184,172,200,134,134,205,223,176,178,131,143,231,243,0
SH-Q4156,DP02,182,184,133,139,204,222,116,118,172,184,186,206,134,134,208,211,167,167,143,153,228,231,0
SH-Q4157,DP02,128,200,127,139,222,222,124,124,172,174,192,192,134,134,205,208,159,167,143,153,246,246,0
SH-Q4158,DP02,182,194,127,139,222,224,106,118,184,186,182,202,134,134,211,214,158,158,143,147,231,243,0
SH-Q4159,DP02,164,194,127,139,204,222,116,118,184,184,182,194,134,165,208,208,154,176,131,131,243,253,0
SH-Q4160,DP02,162,164,130,130,204,204,106,116,172,174,172,192,150,156,223,223,154,177,131,153,246,246,0
SH-Q4161,DP02,Too many alleles,Too many alleles,127,130,204,224,106,106,174,184,172,182,134,134,211,223,154,173,131,143,231,243,1
SH-Q4162,DP02,172,194,133,139,224,224,122,124,192,192,168,200,134,138,211,211,154,173,153,163,225,246,0
SH-Q4163,DP02,164,196,118,127,204,220,106,108,174,184,172,206,134,134,205,223,154,163,143,151,231,231,0
SH-Q4164,DP02,Too many alleles,Too many alleles,127,139,222,222,108,128,174,184,160,174,134,159,223,223,167,176,143,143,243,246,1
SH-Q4164_B,DP11,160,168,127,139,222,222,108,128,174,184,160,174,134,159,223,223,167,176,143,143,243,246,0
SH-Q4165,DP02,180,180,139,139,220,222,116,116,174,174,172,192,134,154,208,211,156,177,131,143,231,246,0
SH-Q4166,DP02,Too many alleles,Too many alleles,139,139,220,222,116,124,174,182,174,186,134,134,205,211,158,176,143,165,228,231,1
SH-Q4167,DP02,180,192,133,139,204,204,106,106,172,184,174,174,154,154,208,223,156,167,131,153,246,246,0
SH-Q4168,DP02,170,170,118,127,204,222,108,118,172,172,172,190,134,167,208,208,167,177,131,153,228,253,0
SH-Q4169,DP02,178,200,127,127,222,222,116,116,174,174,160,172,154,159,211,223,177,178,143,145,231,243,0
SH-Q4170,DP02,164,164,127,139,222,224,106,108,184,186,184,202,134,134,208,208,154,154,131,131,231,243,0
SH-Q4171,DP02,166,168,124,130,204,222,108,124,182,184,168,212,138,148,205,211,158,158,131,143,246,249,0
SH-Q4172,DP02,192,194,139,139,222,222,106,116,184,184,194,202,134,165,208,211,158,176,131,143,231,253,0
SH-Q4173,DP02,164,194,127,139,204,222,106,106,174,184,184,202,134,134,205,208,154,154,131,131,231,243,0
SH-Q4174,DP02,182,186,127,139,222,222,116,124,174,174,172,192,134,154,205,223,152,177,143,143,231,246,0
SH-Q4175,DP02,Too many alleles,Too many alleles,127,127,204,222,106,116,174,190,182,182,134,134,205,211,158,158,131,131,231,243,1
SH-Q4176,DP02,190,190,127,127,204,220,106,118,184,186,172,182,134,134,211,223,176,177,131,143,231,243,0
SH-Q4177,DP02,164,194,139,139,222,222,108,116,184,184,194,202,134,165,208,211,154,176,131,143,231,253,0
SH-Q4178,DP02,168,192,124,124,222,222,108,124,182,182,168,172,148,169,211,211,154,158,131,131,243,246,0
SH-Q4179,DP02,Too many alleles,Too many alleles,124,124,222,222,106,124,182,182,172,214,154,154,211,223,154,175,131,157,231,249,1
SH-Q4180,DP02,176,182,127,127,204,222,106,124,174,190,182,204,134,134,205,211,158,158,131,131,231,243,0
SH-Q4181,DP02,156,196,127,127,222,224,106,118,Too many alleles,Too many alleles,182,182,134,134,211,214,154,176,131,133,243,243,1
SH-Q4182,DP02,170,182,118,139,204,220,106,118,182,184,172,174,154,154,211,223,156,167,117,153,231,246,0
SH-Q4183,DP02,156,194,127,130,220,222,106,108,184,186,182,202,134,134,211,214,154,177,131,131,231,243,0
SH-Q4184,DP02,172,182,124,127,204,222,106,118,156,174,172,182,152,163,211,211,161,173,131,153,231,243,0
SH-Q4185,DP02,162,164,124,130,222,224,106,108,182,190,174,200,134,154,211,211,154,178,131,143,231,231,0
SH-Q4186,DP02,164,166,127,130,222,224,124,124,176,182,174,174,134,134,205,205,158,176,133,135,231,231,0
SH-Q4187,DP02,166,192,118,130,222,224,106,124,172,174,172,174,134,154,205,205,158,158,131,165,225,231,0
SH-Q4188,DP02,184,196,127,127,204,224,118,124,184,186,176,182,134,154,211,214,154,154,131,131,225,243,0
SH-Q4189,DP02,172,180,130,130,224,224,106,124,192,192,172,200,154,154,205,211,173,178,119,165,225,243,0
SH-Q4190,DP02,162,178,130,139,204,222,106,118,172,184,192,204,134,156,211,211,154,174,131,131,246,246,0
SH-Q4191,DP03,194,196,127,127,222,224,106,108,184,186,202,202,134,134,208,214,154,154,131,143,231,231,0
SH-Q4192,DP03,190,190,127,130,222,224,124,124,172,174,174,174,134,148,205,211,158,158,131,165,231,243,0
SH-Q4193,DP03,180,188,118,133,220,222,106,124,174,184,174,210,134,154,205,211,156,178,119,133,225,231,0
SH-Q4194,DP03,180,180,130,139,220,224,106,124,174,174,200,210,134,154,205,205,154,158,145,165,225,225,0
SH-Q4195,DP03,164,196,127,136,204,222,106,108,184,184,182,182,134,134,208,211,154,154,131,131,243,243,0
SH-Q4196,DP04,NA,NA,NA,NA,NA,NA,NA,NA,174,184,NA,NA,NA,NA,NA,NA,NA,NA,NA,NA,NA,NA,NA
SH-Q4196_B,DP03,164,166,118,127,222,222,106,124,174,184,182,190,NA,NA,NA,NA,NA,NA,NA,NA,NA,NA,NA
SH-Q4197,DP03,170,172,130,139,220,224,106,124,174,192,172,174,134,154,211,211,158,176,131,153,231,243,0
SH-Q4198,DP03,190,190,118,130,222,224,124,124,172,174,174,174,134,148,205,211,154,154,131,131,231,243,0
SH-Q4199,DP03,166,180,118,127,222,224,116,124,172,176,172,174,134,154,208,211,154,158,131,135,231,243,0
SH-Q4200,DP03,168,168,127,127,222,224,124,124,172,176,172,174,134,154,205,205,154,154,131,131,225,231,0
SH-Q4201,DP03,164,166,127,139,204,204,106,116,184,184,192,194,148,165,208,223,154,158,131,143,225,253,0
SH-Q4202,DP03,186,202,127,139,204,220,118,124,172,182,174,174,134,154,211,211,158,177,131,165,231,246,0
SH-Q4203,DP03,172,172,127,139,204,204,106,118,174,184,182,182,134,134,211,211,154,173,131,151,243,243,0
SH-Q4204,DP03,168,168,118,127,224,224,124,124,176,176,172,174,134,154,205,205,154,154,131,131,225,231,0
SH-Q4205,DP03,178,178,118,136,204,220,118,118,172,182,172,178,154,156,208,211,158,167,131,163,231,243,0
SH-Q4206,DP03,182,190,127,139,222,224,116,118,174,182,174,174,134,134,208,223,154,158,147,163,231,231,0
SH-Q4207,DP03,172,190,118,139,204,204,106,106,172,184,174,208,154,154,208,223,174,176,117,143,246,246,0
SH-Q4208,DP06,NA,NA,NA,NA,NA,NA,NA,NA,182,184,NA,NA,NA,NA,NA,NA,NA,NA,NA,NA,NA,NA,NA
SH-Q4208_B,DP03,164,174,127,127,222,222,106,118,182,184,172,184,NA,NA,NA,NA,NA,NA,NA,NA,NA,NA,NA
SH-Q4209,DP03,156,180,127,136,204,220,106,116,184,186,168,172,134,134,211,214,154,176,133,135,231,240,0
SH-Q4210,DP03,176,180,130,136,204,222,116,124,156,184,168,184,134,134,211,211,158,158,147,149,240,243,0
SH-Q4211,DP03,164,172,127,139,204,222,106,106,156,174,172,182,134,152,211,211,158,161,131,153,243,243,0
SH-Q4212,DP03,162,170,130,139,204,222,124,124,174,174,160,174,154,159,208,223,159,174,131,143,243,246,0
SH-Q4212_B,DP05,162,170,130,139,204,222,124,124,174,174,160,174,154,159,208,223,159,174,131,143,243,246,0
SH-Q4213,DP03,182,182,127,130,222,224,106,124,172,174,172,172,154,154,205,211,154,154,131,165,225,225,0
SH-Q4214,DP03,180,196,127,139,220,222,106,106,156,184,172,182,134,134,208,223,173,176,143,157,231,243,0
SH-Q4215,DP03,166,188,118,124,204,222,106,124,182,184,168,188,134,148,211,211,154,154,131,131,246,246,0
SH-Q4216,DP03,166,180,127,127,222,224,124,124,172,176,172,174,154,154,205,205,154,154,131,131,225,231,0
SH-Q4217,DP03,168,190,127,127,222,222,124,124,172,182,174,174,134,148,205,205,158,179,131,133,231,243,0
SH-Q4218,DP03,168,168,118,127,222,224,124,124,172,176,172,172,134,154,205,205,154,154,131,131,225,225,0
SH-Q4219,DP04,NA,NA,NA,NA,NA,NA,NA,NA,174,176,NA,NA,NA,NA,NA,NA,NA,NA,NA,NA,NA,NA,NA
SH-Q4219_B,DP03,180,180,133,133,224,224,120,124,174,176,172,210,NA,NA,NA,NA,NA,NA,NA,NA,NA,NA,NA
SH-Q4220,DP03,168,180,118,127,222,224,124,124,172,176,172,172,154,154,205,205,154,154,131,133,225,225,0
SH-Q4221,DP03,154,154,130,133,220,224,106,124,174,174,172,172,154,154,205,205,158,178,119,165,243,243,0
SH-Q4222,DP03,128,192,118,127,222,224,108,118,182,184,172,174,138,169,211,223,154,178,117,131,243,246,0
SH-Q4223,DP03,158,182,127,139,222,222,124,128,184,184,172,192,134,154,205,211,158,163,131,143,225,231,0
SH-Q4224,DP03,166,182,127,127,224,224,124,124,174,176,172,174,148,154,205,205,154,179,131,165,225,243,0
SH-Q4224_B,DP08,166,182,127,127,224,224,124,124,174,176,172,174,148,154,205,205,154,179,131,165,225,243,0
SH-Q4225,DP03,164,196,127,130,222,222,108,118,156,184,172,202,134,152,208,211,154,158,131,143,231,231,0
SH-Q4226,DP03,174,186,118,118,220,222,116,116,182,184,174,174,134,134,205,211,158,176,143,163,231,231,0
SH-Q4227,DP03,160,182,139,142,220,222,106,124,182,184,168,192,134,144,211,223,167,170,143,153,243,246,0
SH-Q4228,DP03,Too many alleles,Too many alleles,118,118,222,224,124,124,172,176,174,200,134,134,205,205,154,154,131,163,225,231,1
SH-Q4229,DP03,170,192,130,130,204,224,106,118,184,192,174,198,134,154,205,223,156,156,117,117,246,246,0
SH-Q4230,DP03,172,182,118,139,224,224,106,118,184,192,174,190,134,154,205,208,156,158,117,163,228,246,0
SH-Q4231,DP03,188,196,130,133,224,224,122,124,176,176,168,174,134,138,205,211,154,159,133,135,231,246,0
SH-Q4232,DP03,180,182,118,127,222,222,124,124,172,182,172,174,134,154,205,205,158,178,131,133,225,231,0
SH-Q4233,DP03,182,186,127,127,220,222,116,124,182,184,174,188,134,157,211,211,158,177,131,165,231,231,0
SH-Q4234,DP03,158,186,133,139,222,222,106,118,172,184,188,202,134,134,223,223,154,177,131,143,225,231,0
SH-Q4235,DP03,178,178,127,139,220,222,118,124,182,184,192,206,134,134,211,211,156,167,131,153,246,246,0
SH-Q4236,DP03,176,184,118,136,204,204,106,116,172,174,160,172,144,152,211,211,158,176,149,163,225,243,0
SH-Q4237,DP03,160,180,127,139,220,222,108,116,184,184,192,198,134,165,205,205,154,154,131,141,246,246,0
SH-Q4238,DP03,192,196,127,139,204,222,106,118,184,184,182,182,134,134,211,214,154,176,131,131,243,243,0
SH-Q4239,DP03,156,180,127,127,204,222,124,124,174,182,172,182,134,134,205,223,154,167,131,151,231,243,0
SH-Q4240,DP03,176,176,127,139,222,222,108,116,174,184,172,192,134,134,208,208,154,177,131,131,246,253,0
SH-Q4241,DP03,146,164,118,136,204,222,106,124,184,190,174,210,138,138,211,223,154,159,145,155,225,246,0
SH-Q4242,DP03,156,178,Too many alleles,Too many alleles,204,222,Too many alleles,Too many alleles,174,174,168,174,134,156,208,223,167,177,131,143,231,243,2
SH-Q4243,DP03,156,156,127,127,222,222,106,118,182,184,172,184,134,152,205,208,167,172,131,133,231,243,0
SH-Q4244,DP03,196,196,118,139,204,222,118,118,172,174,172,190,134,156,205,211,152,158,153,163,228,231,0
SH-Q4245,DP03,176,194,127,130,204,220,106,118,174,182,172,174,134,152,211,211,158,176,131,149,231,231,0
SH-Q4246,DP03,164,180,127,127,222,222,106,124,174,184,172,172,134,167,208,223,154,167,131,133,231,231,0
SH-Q4247,DP03,160,168,130,139,204,222,106,116,172,172,168,172,144,144,208,211,176,177,131,131,225,243,0
SH-Q4248,DP03,168,186,136,139,204,220,106,116,174,182,172,174,134,152,205,211,154,176,131,149,231,231,0
SH-Q4249,DP03,178,196,139,139,220,220,116,124,182,182,172,206,134,134,211,223,154,167,131,153,231,231,0
SH-Q4250,DP03,174,174,130,139,204,204,106,124,172,174,172,172,152,154,211,211,154,176,131,131,231,243,0
SH-Q4251,DP03,184,202,124,139,222,224,118,118,174,184,172,174,134,156,205,208,154,167,141,143,231,246,0
SH-Q4348,DP03,158,178,136,139,222,222,106,116,184,184,170,198,154,154,211,223,154,158,131,141,243,243,0
SH-Q4349,DP03,158,202,130,139,204,222,106,124,174,174,160,192,156,159,208,223,159,174,131,143,243,246,0
SH-Q4350,DP03,172,172,139,139,204,220,118,118,182,184,174,208,134,134,205,223,158,174,131,139,231,246,0
SH-Q4351,DP03,174,184,127,139,220,222,116,118,184,184,168,172,134,134,205,223,154,163,133,143,231,240,0
SH-Q4352,DP03,176,182,127,139,204,222,106,118,156,174,172,182,134,163,211,214,158,158,131,131,231,231,0
SH-Q4353,DP03,176,190,127,130,204,222,106,116,172,172,172,186,144,154,208,208,176,176,131,143,228,231,0
SH-Q4354,DP03,168,194,118,124,204,222,108,116,172,182,172,174,144,169,211,223,154,159,131,147,243,243,0
SH-Q4355,DP03,160,180,124,133,222,222,124,124,172,182,172,196,134,154,211,211,159,176,117,131,231,243,0
SH-Q4356,DP03,174,188,130,133,224,224,106,124,174,176,172,188,134,154,205,205,154,178,131,131,225,243,0
SH-Q4357,DP03,156,182,127,127,204,222,118,118,174,184,182,182,152,163,205,211,167,173,131,131,231,243,0
SH-Q4358,DP03,180,182,118,130,224,224,124,124,174,176,174,174,134,148,205,211,158,158,131,165,231,243,0
SH-Q4359,DP03,172,172,127,139,222,222,106,106,156,156,172,182,134,134,214,214,158,158,131,131,231,243,0
SH-Q4360,DP03,172,182,118,127,204,222,106,118,156,174,182,212,134,134,205,214,154,158,131,131,231,243,0
SH-Q4361,DP03,174,178,139,139,222,222,116,124,174,184,172,192,134,156,205,205,156,167,149,153,231,246,0
SH-Q4362,DP03,128,168,118,118,222,224,124,124,176,184,174,174,134,134,205,211,154,161,131,163,231,243,0
SH-Q4363,DP03,186,186,118,127,204,220,116,118,172,182,174,188,134,134,211,211,158,176,131,163,228,231,0
SH-Q4364,DP03,182,182,127,139,222,222,106,116,184,184,172,172,150,154,205,205,177,187,133,145,231,246,0
SH-Q4365,DP03,172,172,127,139,204,222,106,118,156,184,172,182,134,134,205,211,173,173,131,149,243,243,0
SH-Q4366,DP03,164,196,127,139,222,224,106,118,184,186,182,202,134,134,211,214,154,158,131,133,231,243,0
SH-Q4367,DP03,128,166,118,127,204,224,118,124,184,186,190,208,134,159,208,214,154,158,131,131,231,231,0
SH-Q4368,DP03,164,164,127,136,222,222,106,124,184,184,Too many alleles,Too many alleles,134,134,208,223,154,172,131,151,231,243,1
SH-Q4369,DP03,194,196,127,127,204,222,106,118,174,184,184,202,134,134,205,214,154,154,131,153,231,243,0
SH-Q4370,DP03,182,188,118,127,220,224,116,118,182,182,160,192,156,159,205,205,167,177,143,153,243,246,0
SH-Q4371,DP03,168,178,118,136,204,204,106,116,172,174,172,174,134,144,208,208,154,156,147,149,225,231,0
SH-Q4372,DP03,156,180,127,127,204,222,106,118,184,184,172,184,134,152,205,205,154,165,131,151,231,243,0
SH-Q4373,DP03,158,160,118,139,222,224,106,118,174,182,172,190,150,154,208,208,158,159,143,143,231,246,0
SH-Q4374,DP03,178,180,118,139,204,222,118,124,172,184,160,186,134,134,205,211,154,156,129,131,228,243,0
SH-Q4375,DP04,NA,NA,NA,NA,NA,NA,NA,NA,176,176,NA,NA,134,134,205,211,154,158,131,135,231,231,NA
SH-Q4376,DP04,NA,NA,NA,NA,NA,NA,NA,NA,184,186,NA,NA,134,165,211,214,154,154,131,151,243,253,NA
SH-Q4377,DP04,NA,NA,NA,NA,NA,NA,NA,NA,174,182,NA,NA,134,134,211,223,158,176,143,145,231,246,NA
SH-Q4378,DP04,NA,NA,NA,NA,NA,NA,NA,NA,Too many alleles,Too many alleles,NA,NA,134,152,211,214,154,154,131,143,243,243,NA
SH-Q4379,DP04,NA,NA,NA,NA,NA,NA,NA,NA,184,184,NA,NA,150,154,205,205,177,187,133,147,225,246,NA
SH-Q4380,DP04,NA,NA,NA,NA,NA,NA,NA,NA,174,174,NA,NA,134,144,205,211,176,176,131,165,225,231,NA
SH-Q4381,DP04,NA,NA,NA,NA,NA,NA,NA,NA,174,174,NA,NA,134,159,205,223,154,158,131,151,231,243,NA
SH-Q4382,DP04,NA,NA,NA,NA,NA,NA,NA,NA,184,184,NA,NA,134,165,208,211,154,154,131,151,231,253,NA
SH-Q4383,DP04,NA,NA,NA,NA,NA,NA,NA,NA,172,174,NA,NA,144,159,208,211,154,178,143,149,225,243,NA
SH-Q4384,DP04,NA,NA,NA,NA,NA,NA,NA,NA,174,184,NA,NA,134,134,205,205,156,176,131,161,231,243,NA
SH-Q4385,DP04,NA,NA,NA,NA,NA,NA,NA,NA,Too many alleles,Too many alleles,NA,NA,134,134,205,208,154,154,131,131,243,243,NA
SH-Q4386,DP04,NA,NA,NA,NA,NA,NA,NA,NA,174,174,NA,NA,134,150,205,223,154,159,131,143,243,246,NA
SH-Q4387,DP04,NA,NA,NA,NA,NA,NA,NA,NA,174,184,NA,NA,154,156,205,223,167,170,143,153,231,231,NA
SH-Q4388,DP04,NA,NA,NA,NA,NA,NA,NA,NA,174,184,NA,NA,134,156,205,223,152,167,131,145,231,243,NA
SH-Q4389,DP04,NA,NA,NA,NA,NA,NA,NA,NA,156,184,NA,NA,134,134,211,214,158,173,131,135,243,243,NA
SH-Q4389_B,DP05,182,192,127,139,204,222,106,118,156,184,182,182,134,134,211,214,158,173,131,135,243,243,0
SH-Q4390,DP04,NA,NA,NA,NA,NA,NA,NA,NA,174,184,NA,NA,134,134,205,205,152,154,131,143,246,246,NA
SH-Q4391,DP04,NA,NA,NA,NA,NA,NA,NA,NA,172,184,NA,NA,150,152,205,208,154,167,143,149,231,243,NA
SH-Q4392,DP04,NA,NA,NA,NA,NA,NA,NA,NA,172,174,NA,NA,134,144,205,223,158,167,145,147,225,246,NA
SH-Q4393,DP04,NA,NA,NA,NA,NA,NA,NA,NA,176,184,NA,NA,134,154,211,211,154,156,131,135,225,231,NA
SH-Q4394,DP04,NA,NA,NA,NA,NA,NA,NA,NA,172,176,NA,NA,134,154,208,211,156,159,131,131,243,243,NA
SH-Q4395,DP04,NA,NA,NA,NA,NA,NA,NA,NA,172,184,NA,NA,134,138,211,223,154,176,143,155,243,253,NA
SH-Q4396,DP04,NA,NA,NA,NA,NA,NA,NA,NA,172,184,NA,NA,134,134,223,223,154,177,131,131,225,231,NA
SH-Q4397,DP04,NA,NA,NA,NA,NA,NA,NA,NA,174,184,NA,NA,134,152,205,211,176,177,131,133,231,243,NA
SH-Q4398,DP04,NA,NA,NA,NA,NA,NA,NA,NA,184,184,NA,NA,134,154,211,211,154,158,131,155,253,253,NA
SH-Q4399,DP04,NA,NA,NA,NA,NA,NA,NA,NA,184,184,NA,NA,134,154,211,211,154,158,131,155,253,253,NA
SH-Q4400,DP04,NA,NA,NA,NA,NA,NA,NA,NA,174,184,NA,NA,134,154,205,211,154,179,131,165,225,243,NA
SH-Q4401,DP04,NA,NA,NA,NA,NA,NA,NA,NA,172,174,NA,NA,134,154,211,211,154,173,131,153,231,243,NA
SH-Q4402,DP04,NA,NA,NA,NA,NA,NA,NA,NA,174,184,NA,NA,134,148,211,223,154,158,131,131,243,246,NA
SH-Q4403,DP04,NA,NA,NA,NA,NA,NA,NA,NA,176,184,NA,NA,134,134,205,208,159,159,131,131,225,243,NA
SH-Q4404,DP04,NA,NA,NA,NA,NA,NA,NA,NA,172,184,NA,NA,134,169,211,223,154,176,131,155,243,243,NA
SH-Q4405,DP04,NA,NA,NA,NA,NA,NA,NA,NA,172,182,NA,NA,134,148,211,223,154,154,131,131,243,246,NA
SH-Q4406,DP04,NA,NA,NA,NA,NA,NA,NA,NA,172,174,NA,NA,148,154,211,211,154,154,131,131,231,243,NA
SH-Q4407,DP04,NA,NA,NA,NA,NA,NA,NA,NA,176,184,NA,NA,138,144,208,211,158,176,131,155,231,246,NA
SH-Q4408,DP04,NA,NA,NA,NA,NA,NA,NA,NA,184,184,NA,NA,152,152,211,211,159,159,135,147,246,258,NA
SH-Q4409,DP04,NA,NA,NA,NA,NA,NA,NA,NA,184,184,NA,NA,152,154,205,223,158,177,145,145,243,246,NA
SH-Q4410,DP04,NA,NA,NA,NA,NA,NA,NA,NA,184,184,NA,NA,134,134,211,223,154,158,131,135,240,243,NA
SH-Q4411,DP04,NA,NA,NA,NA,NA,NA,NA,NA,182,184,NA,NA,134,154,205,211,158,159,131,139,233,243,NA
SH-Q4412,DP04,NA,NA,NA,NA,NA,NA,NA,NA,172,182,NA,NA,134,148,211,223,158,159,131,131,243,243,NA
SH-Q4413,DP04,NA,NA,NA,NA,NA,NA,NA,NA,174,184,NA,NA,134,154,205,211,154,154,129,131,243,243,NA
SH-Q4414,DP04,NA,NA,NA,NA,NA,NA,NA,NA,172,184,NA,NA,134,154,205,211,154,159,131,131,225,243,NA
SH-Q4415,DP04,NA,NA,NA,NA,NA,NA,NA,NA,182,184,NA,NA,154,156,208,217,156,158,131,143,243,253,NA
SH-Q4415_B,DP05,128,166,124,124,204,224,122,124,182,184,172,196,154,156,208,217,156,158,131,143,243,253,0
SH-Q4416,DP04,NA,NA,NA,NA,NA,NA,NA,NA,172,176,NA,NA,134,154,205,211,159,178,131,133,231,243,NA
SH-Q4417,DP04,NA,NA,NA,NA,NA,NA,NA,NA,184,186,NA,NA,134,156,208,211,173,176,117,155,225,253,NA
SH-Q4418,DP04,NA,NA,NA,NA,NA,NA,NA,NA,172,182,NA,NA,134,154,205,205,158,161,131,163,225,243,NA
SH-Q4419,DP04,NA,NA,NA,NA,NA,NA,NA,NA,172,182,NA,NA,148,154,205,211,154,179,135,165,243,243,NA
SH-Q4420,DP04,NA,NA,NA,NA,NA,NA,NA,NA,184,184,NA,NA,134,156,211,211,154,156,143,155,246,253,NA
SH-Q4421,DP04,NA,NA,NA,NA,NA,NA,NA,NA,172,184,NA,NA,134,169,211,223,154,159,131,147,243,243,NA
SH-Q4422,DP04,NA,NA,NA,NA,NA,NA,NA,NA,172,182,NA,NA,134,154,205,211,159,179,131,165,225,243,NA
SH-Q4423,DP04,NA,NA,NA,NA,NA,NA,NA,NA,174,184,NA,NA,134,156,205,211,154,156,131,153,231,231,NA
SH-Q4424,DP04,NA,NA,NA,NA,NA,NA,NA,NA,174,184,NA,NA,159,159,208,223,158,159,143,163,243,243,NA
SH-Q4425,DP04,NA,NA,NA,NA,NA,NA,NA,NA,172,184,NA,NA,134,169,211,223,154,159,131,147,243,246,NA
SH-Q4426,DP04,NA,NA,NA,NA,NA,NA,NA,NA,174,184,NA,NA,134,134,205,205,154,154,131,135,225,243,NA
SH-Q4427,DP04,NA,NA,NA,NA,NA,NA,NA,NA,184,184,NA,NA,134,156,208,211,154,176,143,155,246,253,NA
SH-Q4428,DP04,NA,NA,NA,NA,NA,NA,NA,NA,174,184,NA,NA,134,163,205,211,158,173,131,149,231,231,NA
SH-Q4429,DP04,NA,NA,NA,NA,NA,NA,NA,NA,174,184,NA,NA,134,134,205,205,167,172,131,133,231,243,NA
SH-Q4430,DP04,NA,NA,NA,NA,NA,NA,NA,NA,172,184,NA,NA,148,154,211,211,158,158,131,161,231,246,NA
SH-Q4431,DP04,NA,NA,NA,NA,NA,NA,NA,NA,182,184,NA,NA,154,169,211,217,158,176,131,135,231,246,NA
SH-Q4432,DP04,NA,NA,NA,NA,NA,NA,NA,NA,172,184,NA,NA,154,159,208,211,156,159,131,155,243,243,NA
SH-Q4433,DP04,NA,NA,NA,NA,NA,NA,NA,NA,184,194,NA,NA,144,156,208,211,156,159,143,155,231,253,NA
SH-Q4434,DP04,NA,NA,NA,NA,NA,NA,NA,NA,184,184,NA,NA,134,138,211,211,161,176,143,155,246,246,NA
SH-Q4435,DP04,NA,NA,NA,NA,NA,NA,NA,NA,172,172,NA,NA,134,157,211,211,154,154,129,131,225,243,NA
SH-Q4436,DP04,NA,NA,NA,NA,NA,NA,NA,NA,184,184,NA,NA,134,156,208,211,161,176,131,155,246,253,NA
SH-Q4437,DP04,NA,NA,NA,NA,NA,NA,NA,NA,176,182,NA,NA,134,148,208,211,158,178,131,141,243,246,NA
SH-Q4438,DP04,NA,NA,NA,NA,NA,NA,NA,NA,184,184,NA,NA,154,154,211,211,154,158,131,155,243,243,NA
SH-Q4439,DP04,NA,NA,NA,NA,NA,NA,NA,NA,184,184,NA,NA,134,138,208,211,161,176,131,155,246,246,NA
SH-Q4440,DP04,NA,NA,NA,NA,NA,NA,NA,NA,184,192,NA,NA,134,154,205,211,158,178,131,133,225,231,NA
SH-Q4441,DP04,NA,NA,NA,NA,NA,NA,NA,NA,172,184,NA,NA,138,156,211,223,156,156,133,143,246,249,NA
SH-Q4442,DP04,NA,NA,NA,NA,NA,NA,NA,NA,184,184,NA,NA,134,169,211,211,154,154,131,155,243,246,NA
SH-Q4443,DP04,NA,NA,NA,NA,NA,NA,NA,NA,184,192,NA,NA,134,138,211,211,154,156,155,155,246,246,NA
SH-Q4444,DP04,NA,NA,NA,NA,NA,NA,NA,NA,176,182,NA,NA,134,134,211,211,158,158,131,131,231,231,NA
SH-Q4445,DP04,NA,NA,NA,NA,NA,NA,NA,NA,172,174,NA,NA,154,154,205,211,154,154,131,133,225,225,NA
SH-Q4446,DP04,NA,NA,NA,NA,NA,NA,NA,NA,172,182,NA,NA,134,154,205,211,159,179,131,165,225,243,NA
SH-Q4447,DP04,NA,NA,NA,NA,NA,NA,NA,NA,182,190,NA,NA,138,169,211,211,158,158,131,131,243,246,NA
SH-Q4447_B,DP07,NA,NA,NA,NA,NA,NA,NA,NA,182,190,NA,NA,138,169,211,211,158,158,131,131,243,246,NA
SH-Q4448,DP04,NA,NA,NA,NA,NA,NA,NA,NA,174,184,NA,NA,134,148,211,223,158,159,131,147,243,246,NA
SH-Q4449,DP04,NA,NA,NA,NA,NA,NA,NA,NA,176,192,NA,NA,134,154,205,211,154,176,135,145,225,231,NA
SH-Q4450,DP04,NA,NA,NA,NA,NA,NA,NA,NA,184,184,NA,NA,148,154,211,211,158,175,131,131,231,246,NA
SH-Q4451,DP04,NA,NA,NA,NA,NA,NA,NA,NA,172,176,NA,NA,134,134,205,211,159,178,131,131,231,243,NA
SH-Q4452,DP04,NA,NA,NA,NA,NA,NA,NA,NA,186,186,NA,NA,134,134,208,214,154,154,131,131,231,243,NA
SH-Q4453,DP04,NA,NA,NA,NA,NA,NA,NA,NA,184,184,NA,NA,134,134,211,211,158,158,135,157,225,253,NA
SH-Q4454,DP04,NA,NA,NA,NA,NA,NA,NA,NA,174,174,NA,NA,134,159,208,223,154,178,131,143,243,246,NA
SH-Q4455,DP04,NA,NA,NA,NA,NA,NA,NA,NA,Too many alleles,Too many alleles,NA,NA,134,152,211,223,158,173,131,131,231,243,NA
SH-Q4456,DP04,NA,NA,NA,NA,NA,NA,NA,NA,184,184,NA,NA,134,148,211,211,154,158,131,131,246,246,NA
SH-Q4457,DP04,NA,NA,NA,NA,NA,NA,NA,NA,172,182,NA,NA,134,134,211,211,154,176,131,155,246,246,NA
SH-Q4458,DP04,NA,NA,NA,NA,NA,NA,NA,NA,172,174,NA,NA,134,152,205,208,154,176,131,131,231,243,NA
SH-Q4459,DP04,NA,NA,NA,NA,NA,NA,NA,NA,174,184,NA,NA,134,167,Too many alleles,Too many alleles,154,167,Too many alleles,Too many alleles,231,243,NA
SH-Q4460,DP04,NA,NA,NA,NA,NA,NA,NA,NA,172,174,NA,NA,No peaks,No peaks,No peaks,No peaks,No peaks,No peaks,No peaks,No peaks,No peaks,No peaks,NA
SH-Q4461,DP04,NA,NA,NA,NA,NA,NA,NA,NA,174,174,NA,NA,134,134,211,223,158,177,145,163,225,231,NA
SH-Q4462,DP04,NA,NA,NA,NA,NA,NA,NA,NA,174,182,NA,NA,134,156,211,211,158,167,153,165,231,231,NA
SH-Q4463,DP05,164,166,127,130,222,224,118,118,Too many alleles,Too many alleles,182,202,134,152,211,214,154,154,131,133,231,243,1
SH-Q4464,DP05,164,166,127,127,204,224,106,108,Too many alleles,Too many alleles,184,202,134,134,208,214,154,154,131,131,231,243,1
SH-Q4465,DP05,164,196,118,139,220,222,106,118,156,184,172,172,134,152,214,223,161,163,143,143,231,243,0
SH-Q4466,DP05,178,182,139,139,222,222,116,124,184,184,172,172,150,154,205,214,170,177,131,145,225,225,0
SH-Q4466_B,DP10,178,182,139,139,222,222,116,124,184,184,172,172,150,154,205,214,170,177,131,145,225,225,0
SH-Q4467,DP05,174,196,124,127,220,222,106,118,172,184,168,172,134,163,205,223,163,167,143,143,228,231,0
SH-Q4468,DP05,166,176,124,127,222,224,108,124,184,186,172,202,134,154,208,214,154,159,131,131,225,231,0
SH-Q4469,DP05,178,178,118,118,222,222,116,116,174,184,172,192,134,156,211,223,158,176,131,165,231,246,0
SH-Q4470,DP05,166,166,121,133,222,222,106,106,172,172,202,202,134,134,223,223,154,156,131,131,231,231,0
SH-Q4471,DP05,186,186,118,136,222,222,116,116,174,184,174,174,134,134,211,223,154,158,141,163,225,231,0
SH-Q4472,DP05,172,190,118,127,204,222,106,106,156,184,182,190,134,159,211,211,158,173,131,131,231,243,0
SH-Q4473,DP05,164,174,136,136,204,222,106,124,174,184,182,184,134,134,205,208,154,167,Too many alleles,Too many alleles,243,243,1
SH-Q4474,DP05,164,196,127,136,222,224,108,116,184,186,168,182,134,134,205,208,154,177,131,133,240,243,0
SH-Q4475,DP05,164,166,127,136,Too many alleles,Too many alleles,Too many alleles,Too many alleles,Too many alleles,Too many alleles,172,182,134,134,Too many alleles,Too many alleles,154,167,Too many alleles,Too many alleles,243,243,5
SH-Q4476,DP05,154,154,127,130,220,230,106,124,174,184,174,210,134,154,205,211,161,178,119,135,225,243,0
SH-Q4477,DP05,172,172,130,139,222,224,124,124,174,184,168,174,134,156,208,211,156,159,131,153,231,231,0
SH-Q4478,DP05,128,166,124,124,204,204,108,108,184,184,172,204,138,169,211,217,156,176,131,143,243,246,0
SH-Q4479,DP05,174,174,136,139,204,204,116,118,172,174,172,206,134,144,208,211,154,154,131,149,225,246,0
SH-Q4480,DP05,168,190,118,127,222,222,122,124,172,182,172,174,134,154,205,211,154,161,133,163,225,243,0
SH-Q4481,DP05,192,192,127,130,222,222,124,124,172,182,172,174,148,154,205,205,154,154,131,131,225,243,0
SH-Q4482,DP05,164,168,118,124,222,224,108,108,182,182,172,200,154,169,211,211,154,154,131,157,231,243,0
SH-Q4483,DP05,188,190,118,130,222,222,106,124,172,182,172,174,134,154,205,211,154,154,131,131,225,231,0
SH-Q4484,DP05,128,128,118,130,222,222,122,124,172,182,174,174,134,134,208,211,154,158,131,131,243,243,0
SH-Q4485,DP05,164,188,118,124,204,204,108,118,184,184,196,204,134,138,208,211,154,176,155,155,246,253,0
SH-Q4486,DP05,128,188,118,124,204,224,106,124,184,192,188,196,134,156,208,211,154,176,155,155,246,253,0
SH-Q4487,DP05,188,188,118,124,204,224,106,108,184,192,168,204,134,138,208,211,154,176,155,155,246,253,0
SH-Q4488,DP05,168,190,118,124,222,224,108,124,182,184,168,172,148,169,211,211,154,158,131,131,243,246,0
SH-Q4489,DP05,166,166,118,130,222,222,108,124,172,184,174,174,134,148,205,211,154,156,119,131,243,243,0
SH-Q4490,DP05,128,128,118,124,204,224,106,124,184,192,168,196,134,156,211,211,161,176,131,155,246,253,0
SH-Q4490_B,DP09,128,188,118,124,204,224,106,124,184,192,168,196,134,156,211,211,161,176,131,155,246,253,0
SH-Q4491,DP05,190,190,118,124,222,222,118,124,174,182,168,172,134,148,211,223,154,159,131,147,243,246,0
SH-Q4492,DP05,128,188,118,124,204,224,106,124,184,192,168,196,134,156,208,211,154,176,155,155,246,253,0
SH-Q4493,DP05,188,190,130,130,222,224,106,124,176,182,174,174,134,148,205,205,158,176,131,135,231,243,0
SH-Q4494,DP05,168,190,127,127,224,224,106,124,174,176,174,174,134,154,205,211,158,158,133,155,231,243,0
SH-Q4495,DP05,128,128,118,130,204,222,124,124,184,184,174,174,134,134,205,211,158,159,131,163,243,243,0
SH-Q4496,DP05,180,190,118,127,222,222,108,116,182,182,172,172,154,169,211,211,154,154,131,131,231,243,0
SH-Q4497,DP05,166,196,127,130,204,222,106,124,174,184,174,184,134,154,205,211,159,176,131,131,243,246,0
SH-Q4498,DP05,188,190,127,130,222,224,106,124,172,174,172,174,148,154,205,211,154,179,131,165,225,243,0
SH-Q4499,DP05,174,178,127,139,220,222,116,116,182,184,172,174,134,144,208,211,158,167,143,163,225,231,0
SH-Q4500,DP05,164,168,118,118,204,224,108,124,172,184,172,208,138,169,208,211,158,177,131,155,243,246,0
SH-Q4501,DP05,166,186,127,130,204,224,124,124,176,184,174,174,134,134,205,205,158,159,131,163,231,243,0
SH-Q4502,DP05,188,188,118,127,204,204,106,124,184,184,188,204,134,156,211,211,154,176,131,155,246,246,0
SH-Q4503,DP06,NA,NA,NA,NA,NA,NA,NA,NA,172,176,NA,NA,NA,NA,NA,NA,NA,NA,NA,NA,NA,NA,NA
SH-Q4503_B,DP05,180,180,127,130,222,224,124,124,172,176,172,172,NA,NA,NA,NA,NA,NA,NA,NA,NA,NA,NA
SH-Q4504,DP05,188,188,118,127,204,224,106,108,184,192,188,204,134,138,208,211,154,176,155,155,246,246,0
SH-Q4505,DP05,172,182,118,118,222,224,106,116,176,184,174,174,134,134,208,211,156,158,131,133,231,243,0
SH-Q4506,DP05,166,192,130,130,204,224,106,124,174,184,174,174,134,148,211,211,154,179,131,165,243,243,0
SH-Q4507,DP05,166,184,130,133,222,224,106,124,172,182,172,172,154,154,205,211,154,179,131,165,225,243,0
SH-Q4508,DP05,154,184,133,139,204,222,106,124,182,184,172,172,154,154,211,211,159,178,129,131,243,243,0
SH-Q4509,DP05,168,192,118,124,222,222,106,124,174,182,168,172,138,148,205,211,154,178,117,131,222,246,0
SH-Q4510,DP05,180,184,133,139,204,224,108,124,174,184,168,172,154,156,205,208,159,159,131,153,231,243,0
SH-Q4511,DP06,NA,NA,NA,NA,NA,NA,NA,NA,172,182,NA,NA,NA,NA,NA,NA,NA,NA,NA,NA,NA,NA,NA
SH-Q4511_B,DP05,168,184,127,127,222,222,124,124,172,182,174,174,NA,NA,NA,NA,NA,NA,NA,NA,NA,NA,NA
SH-Q4512,DP05,166,168,118,130,222,224,118,124,174,184,168,172,134,148,211,223,158,159,131,131,243,246,0
SH-Q4513,DP05,166,166,127,133,222,224,124,124,172,176,172,172,154,154,205,211,154,154,131,131,225,243,0
SH-Q4514,DP05,190,192,127,133,204,224,106,124,174,184,172,174,148,154,205,211,154,154,131,131,243,243,0
SH-Q4515,DP07,NA,NA,NA,NA,NA,NA,NA,NA,176,182,NA,NA,NA,NA,NA,NA,NA,NA,NA,NA,NA,NA,NA
SH-Q4515_B,DP05,180,182,127,127,222,224,106,124,176,182,172,172,NA,NA,NA,NA,NA,NA,NA,NA,NA,NA,NA
SH-Q4516,DP05,186,188,118,127,204,222,108,126,182,184,184,204,134,138,211,211,156,176,131,155,225,246,0
SH-Q4517,DP05,168,190,118,130,224,224,106,124,174,176,172,174,134,154,205,211,158,158,131,133,225,231,0
SH-Q4518,DP05,168,194,118,124,222,224,No peaks in locus,No peaks in locus,174,184,168,174,144,148,211,223,154,158,131,131,243,246,0
SH-Q4519,DP05,164,164,127,133,222,224,124,124,172,176,172,174,134,154,205,211,158,159,131,133,225,243,0
SH-Q4520,DP05,188,188,118,127,204,224,106,108,184,192,168,204,134,138,211,211,161,176,131,155,246,246,0
SH-Q4521,DP05,164,164,127,133,222,222,124,124,172,182,172,172,154,154,205,211,154,178,131,131,225,243,0
SH-Q4522,DP05,166,196,127,133,204,224,106,124,174,184,174,194,134,159,205,205,154,177,131,141,225,243,0
SH-Q4523,DP05,180,180,127,130,222,222,124,124,172,172,188,188,154,157,211,211,154,158,131,163,225,243,0
SH-Q4524,DP05,190,192,118,127,222,222,108,116,182,182,168,172,148,154,211,211,158,158,131,131,231,246,0
SH-Q4525,DP05,166,172,118,130,222,224,124,124,172,176,174,174,134,134,211,211,154,158,131,133,231,231,0
SH-Q4526,DP05,192,192,124,127,222,222,108,124,182,184,172,184,134,169,211,211,154,177,131,143,225,243,0
SH-Q4527,DP05,128,188,118,124,204,224,106,108,184,192,188,204,134,138,208,211,156,161,131,143,246,246,0
SH-Q4528,DP05,No peaks,No peaks,124,127,220,224,124,124,174,176,170,172,134,154,205,211,154,173,131,131,225,233,0
SH-Q4529,DP05,164,166,127,133,222,224,124,124,172,176,172,174,134,154,205,205,159,178,131,133,225,243,0
SH-Q4530,DP05,No peaks,No peaks,124,127,204,222,108,124,184,194,172,196,138,156,208,208,154,156,131,143,246,253,0
SH-Q4531,DP05,180,184,130,130,222,224,124,124,184,192,172,198,134,154,205,205,159,178,131,163,225,225,0
SH-Q4532,DP05,180,184,118,118,222,224,124,124,172,176,160,174,134,134,205,211,154,178,131,143,231,231,0
SH-Q4533,DP05,154,192,118,127,222,224,108,124,182,184,168,172,134,169,211,211,154,154,131,145,243,246,0
SH-Q4534,DP05,166,166,127,133,222,224,124,124,172,176,172,172,154,154,205,211,154,158,131,133,225,243,0
SH-Q4535,DP05,174,186,127,139,222,224,118,124,174,184,160,174,134,134,205,205,154,176,131,131,231,243,0
SH-Q4536,DP05,166,190,130,130,204,222,124,124,182,184,174,174,134,148,205,205,154,179,131,165,243,243,0
SH-Q4537,DP05,164,166,127,133,222,222,124,124,172,182,172,174,134,154,205,205,159,178,131,131,225,243,0
SH-Q4538,DP05,164,168,124,124,204,224,108,118,172,184,172,172,134,169,211,223,154,176,131,131,243,243,0
SH-Q4539,DP05,166,168,118,118,204,224,108,116,172,184,172,172,134,169,211,223,154,158,131,131,243,243,0
SH-Q4540,DP05,164,190,118,124,204,224,108,124,184,184,172,172,156,169,211,223,158,176,131,131,243,243,0
SH-Q4541,DP05,176,178,127,139,220,222,116,118,182,184,172,172,150,156,205,205,159,167,143,153,231,246,0
SH-Q4542,DP05,174,190,127,130,222,222,124,124,172,172,172,174,134,154,211,211,154,159,131,131,243,243,0
SH-Q4543,DP05,162,188,130,139,204,220,106,116,174,182,174,192,134,156,211,223,174,176,131,165,231,246,0
SH-Q4544,DP05,190,192,118,124,222,224,106,124,174,184,168,172,138,148,205,211,154,158,131,131,222,246,0
SH-Q4545,DP05,168,196,124,136,222,222,106,108,182,184,172,194,134,169,211,211,154,154,131,131,243,249,0
SH-Q4546,DP05,182,184,118,133,204,220,118,118,172,182,186,192,134,134,211,211,167,167,153,153,228,246,0
SH-Q4547,DP05,168,202,118,130,204,222,106,124,172,174,160,192,156,159,211,211,159,174,131,143,243,246,0
SH-Q4548,DP05,172,186,118,139,204,224,106,106,172,192,174,174,154,154,205,208,154,156,117,129,246,246,0
SH-Q4549,DP05,156,166,136,136,204,222,Too many alleles,Too many alleles,184,184,172,182,134,157,205,211,158,165,131,151,243,243,1
SH-Q4550,DP05,172,178,139,139,204,222,106,116,184,184,174,192,134,154,205,205,154,174,117,131,246,246,0
SH-Q4551,DP06,NA,NA,NA,NA,NA,NA,NA,NA,182,182,NA,NA,154,169,211,211,154,158,131,131,231,243,0
SH-Q4552,DP06,NA,NA,NA,NA,NA,NA,NA,NA,174,176,NA,NA,134,148,205,211,154,154,131,165,231,243,0
SH-Q4553,DP06,NA,NA,NA,NA,NA,NA,NA,NA,172,174,NA,NA,134,148,211,211,159,159,131,131,243,243,0
SH-Q4554,DP06,NA,NA,NA,NA,NA,NA,NA,NA,172,174,NA,NA,134,148,205,211,154,154,131,165,231,243,0
SH-Q4555,DP06,NA,NA,NA,NA,NA,NA,NA,NA,172,172,NA,NA,134,154,211,211,159,159,131,131,231,243,0
SH-Q4555_B,DP11,166,174,130,139,222,222,124,124,172,172,160,172,134,154,211,211,159,159,131,131,231,243,0
SH-Q4556,DP06,NA,NA,NA,NA,NA,NA,NA,NA,172,182,NA,NA,134,148,205,211,154,154,131,165,231,243,0
SH-Q4557,DP06,NA,NA,NA,NA,NA,NA,NA,NA,182,184,NA,NA,138,169,211,211,154,158,131,131,222,243,0
SH-Q4558,DP06,NA,NA,NA,NA,NA,NA,NA,NA,172,182,NA,NA,148,154,205,205,158,158,131,133,225,243,0
SH-Q4559,DP06,NA,NA,NA,NA,NA,NA,NA,NA,184,190,NA,NA,134,156,211,211,154,156,131,143,231,253,0
SH-Q4560,DP06,NA,NA,NA,NA,NA,NA,NA,NA,172,182,NA,NA,134,148,205,211,154,179,131,165,243,243,0
SH-Q4561,DP06,NA,NA,NA,NA,NA,NA,NA,NA,184,184,NA,NA,134,138,208,208,156,176,143,155,243,246,0
SH-Q4562,DP06,NA,NA,NA,NA,NA,NA,NA,NA,184,184,NA,NA,134,138,208,208,156,176,143,155,243,246,0
SH-Q4563,DP06,NA,NA,NA,NA,NA,NA,NA,NA,174,192,NA,NA,134,156,205,223,158,174,139,163,231,246,0
SH-Q4564,DP06,NA,NA,NA,NA,NA,NA,NA,NA,174,184,NA,NA,144,148,211,223,154,158,131,131,243,246,0
SH-Q4565,DP06,NA,NA,NA,NA,NA,NA,NA,NA,176,192,NA,NA,134,154,211,211,173,173,131,153,225,231,0
SH-Q4566,DP06,NA,NA,NA,NA,NA,NA,NA,NA,174,176,NA,NA,134,148,205,211,154,154,135,165,231,243,0
SH-Q4567,DP06,NA,NA,NA,NA,NA,NA,NA,NA,172,182,NA,NA,134,154,205,211,159,178,131,133,231,243,0
SH-Q4568,DP06,NA,NA,NA,NA,NA,NA,NA,NA,172,182,NA,NA,134,154,205,205,159,177,131,131,225,243,0
SH-Q4569,DP06,NA,NA,NA,NA,NA,NA,NA,NA,172,172,NA,NA,134,154,205,211,154,158,131,133,231,243,0
SH-Q4570,DP06,NA,NA,NA,NA,NA,NA,NA,NA,172,182,NA,NA,154,154,205,211,158,158,131,131,225,225,0
SH-Q4571,DP06,NA,NA,NA,NA,NA,NA,NA,NA,172,174,NA,NA,134,154,205,211,154,154,131,133,225,231,0
SH-Q4572,DP06,NA,NA,NA,NA,NA,NA,NA,NA,174,176,NA,NA,134,154,205,211,176,179,135,165,225,231,0
SH-Q4573,DP06,NA,NA,NA,NA,NA,NA,NA,NA,172,174,NA,NA,154,154,205,211,154,176,135,145,243,243,0
SH-Q4573_B,DP08,180,184,130,130,220,222,124,124,172,174,172,172,154,154,205,211,154,176,135,145,243,243,0
SH-Q4574,DP06,NA,NA,NA,NA,NA,NA,NA,NA,174,174,NA,NA,134,154,205,223,156,178,131,131,231,231,0
SH-Q4575,DP06,NA,NA,NA,NA,NA,NA,NA,NA,184,192,NA,NA,134,156,208,211,154,156,143,155,246,253,0
SH-Q4576,DP06,NA,NA,NA,NA,NA,NA,NA,NA,184,184,NA,NA,134,154,208,223,154,156,131,143,225,225,0
SH-Q4577,DP06,NA,NA,NA,NA,NA,NA,NA,NA,156,160,NA,NA,134,152,208,214,158,158,131,143,231,243,0
SH-Q4578,DP06,NA,NA,NA,NA,NA,NA,NA,NA,174,184,NA,NA,152,156,205,211,158,167,131,153,231,258,0
SH-Q4579,DP06,NA,NA,NA,NA,NA,NA,NA,NA,172,172,NA,NA,134,144,208,211,154,154,129,149,225,246,0
SH-Q4580,DP06,NA,NA,NA,NA,NA,NA,NA,NA,184,184,NA,NA,134,134,208,211,154,176,131,131,231,243,0
SH-Q4581,DP06,NA,NA,NA,NA,NA,NA,NA,NA,174,174,NA,NA,134,159,205,223,154,167,131,133,231,231,0
SH-Q4582,DP06,NA,NA,NA,NA,NA,NA,NA,NA,174,184,NA,NA,134,157,211,223,167,167,131,143,231,231,0
SH-Q4583,DP06,NA,NA,NA,NA,NA,NA,NA,NA,156,184,NA,NA,134,134,205,223,163,177,143,149,231,243,0
SH-Q4584,DP06,NA,NA,NA,NA,NA,NA,NA,NA,184,186,NA,NA,134,159,208,208,154,158,131,131,231,231,0
SH-Q4585,DP06,NA,NA,NA,NA,NA,NA,NA,NA,Too many alleles,Too many alleles,NA,NA,134,134,205,214,154,154,131,151,231,243,1
SH-Q4586,DP06,NA,NA,NA,NA,NA,NA,NA,NA,184,184,NA,NA,154,154,205,211,170,187,133,145,225,231,0
SH-Q4587,DP06,NA,NA,NA,NA,NA,NA,NA,NA,184,186,NA,NA,134,134,205,208,154,154,131,131,231,243,0
SH-Q4588,DP06,NA,NA,NA,NA,NA,NA,NA,NA,182,182,NA,NA,134,134,205,211,167,176,131,153,231,246,0
SH-Q4589,DP06,NA,NA,NA,NA,NA,NA,NA,NA,Too many alleles,Too many alleles,NA,NA,134,152,Too many alleles,Too many alleles,Too many alleles,Too many alleles,131,133,231,243,3
SH-Q4590,DP06,NA,NA,NA,NA,NA,NA,NA,NA,184,184,NA,NA,154,154,211,214,170,187,125,133,225,225,0
SH-Q4591,DP06,NA,NA,NA,NA,NA,NA,NA,NA,174,182,NA,NA,134,152,205,223,154,172,131,151,231,231,0
SH-Q4592,DP06,NA,NA,NA,NA,NA,NA,NA,NA,174,184,NA,NA,134,134,208,208,154,176,131,131,231,243,0
SH-Q4593,DP06,NA,NA,NA,NA,NA,NA,NA,NA,184,184,NA,NA,134,159,208,211,154,154,131,151,231,231,0
SH-Q4594,DP06,NA,NA,NA,NA,NA,NA,NA,NA,174,184,NA,NA,134,163,211,214,158,163,131,131,231,231,0
SH-Q4595,DP06,NA,NA,NA,NA,NA,NA,NA,NA,184,186,NA,NA,134,134,205,214,154,173,131,149,231,243,0
SH-Q4596,DP06,NA,NA,NA,NA,NA,NA,NA,NA,182,184,NA,NA,134,159,205,211,167,167,143,163,231,243,0
SH-Q4597,DP06,NA,NA,NA,NA,NA,NA,NA,NA,182,184,NA,NA,134,134,205,205,152,154,141,145,231,246,0
SH-Q4598,DP06,NA,NA,NA,NA,NA,NA,NA,NA,172,184,NA,NA,134,154,214,223,156,177,131,145,225,231,0
SH-Q4599,DP06,NA,NA,NA,NA,NA,NA,NA,NA,174,174,NA,NA,134,144,205,211,176,176,131,131,225,231,0
SH-Q4600,DP06,NA,NA,NA,NA,NA,NA,NA,NA,174,184,NA,NA,134,157,205,211,154,154,151,151,231,243,0
SH-Q4600_B,DP08,164,166,127,136,204,222,106,124,174,184,172,172,134,157,205,211,154,154,151,151,231,243,0
SH-Q4601,DP06,NA,NA,NA,NA,NA,NA,NA,NA,172,182,NA,NA,156,159,211,223,152,177,143,143,231,243,0
SH-Q4602,DP06,NA,NA,NA,NA,NA,NA,NA,NA,182,182,NA,NA,134,134,211,211,158,167,153,165,231,246,0
SH-Q4603,DP06,NA,NA,NA,NA,NA,NA,NA,NA,172,182,NA,NA,134,152,208,211,158,176,131,131,231,231,0
SH-Q4604,DP06,NA,NA,NA,NA,NA,NA,NA,NA,172,184,NA,NA,134,134,205,208,156,177,131,131,246,253,0
SH-Q4605,DP06,NA,NA,NA,NA,NA,NA,NA,NA,184,184,NA,NA,134,134,205,223,176,176,141,143,231,231,0
SH-Q4606,DP06,NA,NA,NA,NA,NA,NA,NA,NA,174,174,NA,NA,134,134,205,223,158,158,131,143,231,246,0
SH-Q4607,DP06,NA,NA,NA,NA,NA,NA,NA,NA,172,184,NA,NA,134,152,205,208,154,156,149,149,231,243,0
SH-Q4608,DP06,NA,NA,NA,NA,NA,NA,NA,NA,182,182,NA,NA,156,156,211,223,158,167,153,163,231,231,0
SH-Q4609,DP06,NA,NA,NA,NA,NA,NA,NA,NA,182,184,NA,NA,144,156,208,223,158,167,143,163,231,246,0
SH-Q4610,DP06,NA,NA,NA,NA,NA,NA,NA,NA,174,182,NA,NA,134,134,205,223,158,177,143,163,231,231,0
SH-Q4611,DP06,NA,NA,NA,NA,NA,NA,NA,NA,184,186,NA,NA,134,165,208,223,173,173,135,149,231,243,0
SH-Q4612,DP06,NA,NA,NA,NA,NA,NA,NA,NA,176,184,NA,NA,134,154,208,211,159,178,131,131,225,243,0
SH-Q4613,DP06,NA,NA,NA,NA,NA,NA,NA,NA,174,184,NA,NA,134,156,205,211,152,154,131,143,231,246,0
SH-Q4614,DP06,NA,NA,NA,NA,NA,NA,NA,NA,172,184,NA,NA,134,134,205,208,154,177,131,131,243,246,0
SH-Q4615,DP06,NA,NA,NA,NA,NA,NA,NA,NA,184,184,NA,NA,134,134,205,223,176,177,143,159,231,243,0
SH-Q4616,DP06,NA,NA,NA,NA,NA,NA,NA,NA,182,184,NA,NA,134,152,208,223,167,167,131,133,231,231,0
SH-Q4617,DP06,NA,NA,NA,NA,NA,NA,NA,NA,174,184,NA,NA,134,134,208,211,158,173,131,131,231,243,0
SH-Q4618,DP06,NA,NA,NA,NA,NA,NA,NA,NA,156,156,NA,NA,134,134,208,214,154,158,131,151,243,243,0
SH-Q4619,DP06,NA,NA,NA,NA,NA,NA,NA,NA,174,182,NA,NA,134,134,205,211,152,158,143,165,231,246,0
SH-Q4620,DP06,NA,NA,NA,NA,NA,NA,NA,NA,184,184,NA,NA,134,134,211,214,154,154,131,151,243,243,0
SH-Q4621,DP06,NA,NA,NA,NA,NA,NA,NA,NA,184,184,NA,NA,134,134,223,223,154,156,131,143,225,231,0
SH-Q4622,DP06,NA,NA,NA,NA,NA,NA,NA,NA,174,184,NA,NA,134,154,205,223,154,170,131,131,225,231,0
SH-Q4623,DP06,NA,NA,NA,NA,NA,NA,NA,NA,174,184,NA,NA,134,167,205,214,154,158,131,151,231,231,0
SH-Q4624,DP06,NA,NA,NA,NA,NA,NA,NA,NA,184,184,NA,NA,134,169,Too many alleles,Too many alleles,154,167,133,133,231,243,1
SH-Q4625,DP06,NA,NA,NA,NA,NA,NA,NA,NA,174,184,NA,NA,152,152,208,211,Too many alleles,Too many alleles,131,153,231,243,1
SH-Q4626,DP06,NA,NA,NA,NA,NA,NA,NA,NA,156,156,NA,NA,134,134,211,214,173,176,131,143,243,243,0
SH-Q4627,DP06,NA,NA,NA,NA,NA,NA,NA,NA,184,184,NA,NA,134,134,205,208,156,158,161,163,228,246,0
SH-Q4628,DP06,NA,NA,NA,NA,NA,NA,NA,NA,174,182,NA,NA,134,150,211,223,159,167,143,143,231,246,0
SH-Q4629,DP06,NA,NA,NA,NA,NA,NA,NA,NA,172,176,NA,NA,134,138,208,211,161,161,131,131,246,246,0
SH-Q4630,DP06,NA,NA,NA,NA,NA,NA,NA,NA,174,174,NA,NA,134,134,205,211,154,173,131,151,231,243,0
SH-Q4631,DP06,NA,NA,NA,NA,NA,NA,NA,NA,174,174,NA,NA,134,144,208,223,158,176,145,163,225,231,0
SH-Q4632,DP06,NA,NA,NA,NA,NA,NA,NA,NA,156,184,NA,NA,134,163,211,211,158,158,131,131,231,231,0
SH-Q4633,DP06,NA,NA,NA,NA,NA,NA,NA,NA,172,194,NA,NA,154,156,211,223,170,174,131,131,225,246,0
SH-Q4634,DP06,NA,NA,NA,NA,NA,NA,NA,NA,184,184,NA,NA,154,154,211,211,158,158,135,155,243,243,0
SH-Q4635,DP06,NA,NA,NA,NA,NA,NA,NA,NA,172,184,NA,NA,134,134,211,211,154,161,143,155,246,246,0
SH-Q4636,DP06,NA,NA,NA,NA,NA,NA,NA,NA,184,184,NA,NA,134,154,211,211,158,158,135,157,253,253,0
SH-Q4637,DP06,NA,NA,NA,NA,NA,NA,NA,NA,184,184,NA,NA,152,152,211,223,158,159,135,145,246,246,0
SH-Q4638,DP06,NA,NA,NA,NA,NA,NA,NA,NA,172,184,NA,NA,134,154,211,211,154,173,155,159,246,246,0
SH-Q4639,DP07,NA,NA,NA,NA,NA,NA,NA,NA,184,184,NA,NA,134,152,205,211,159,177,135,145,240,246,NA
SH-Q4640,DP07,NA,NA,NA,NA,NA,NA,NA,NA,184,184,NA,NA,134,152,205,223,154,177,131,145,243,246,NA
SH-Q4641,DP07,NA,NA,NA,NA,NA,NA,NA,NA,184,184,NA,NA,148,169,208,211,158,175,131,143,231,243,NA
SH-Q4642,DP07,NA,NA,NA,NA,NA,NA,NA,NA,184,184,NA,NA,148,169,208,211,158,173,131,143,231,243,NA
SH-Q4643,DP07,NA,NA,NA,NA,NA,NA,NA,NA,184,184,NA,NA,134,152,211,223,156,158,141,149,231,243,NA
SH-Q4644,DP07,NA,NA,NA,NA,NA,NA,NA,NA,184,184,NA,NA,152,154,211,223,159,177,145,147,246,246,NA
SH-Q4645,DP07,NA,NA,NA,NA,NA,NA,NA,NA,172,184,NA,NA,134,152,208,211,154,158,149,163,228,231,NA
SH-Q4646,DP07,NA,NA,NA,NA,NA,NA,NA,NA,184,184,NA,NA,134,154,211,211,154,158,135,157,253,253,NA
SH-Q4647,DP07,NA,NA,NA,NA,NA,NA,NA,NA,176,182,NA,NA,154,154,205,211,154,179,131,165,225,231,NA
SH-Q4648,DP07,NA,NA,NA,NA,NA,NA,NA,NA,176,184,NA,NA,134,154,205,205,154,178,131,131,231,243,NA
SH-Q4649,DP07,NA,NA,NA,NA,NA,NA,NA,NA,184,184,NA,NA,152,154,211,223,159,177,135,145,243,258,NA
SH-Q4650,DP07,NA,NA,NA,NA,NA,NA,NA,NA,184,184,NA,NA,134,154,205,223,158,177,135,145,243,243,NA
SH-Q4651,DP07,NA,NA,NA,NA,NA,NA,NA,NA,156,156,NA,NA,134,134,211,214,158,158,131,143,243,243,NA
SH-Q4652,DP07,NA,NA,NA,NA,NA,NA,NA,NA,172,176,NA,NA,134,156,208,211,154,161,131,131,231,246,NA
SH-Q4653,DP07,NA,NA,NA,NA,NA,NA,NA,NA,184,184,NA,NA,150,154,211,214,170,177,131,145,231,246,NA
SH-Q4654,DP07,NA,NA,NA,NA,NA,NA,NA,NA,184,184,NA,NA,134,134,211,211,158,173,135,155,225,253,NA
SH-Q4655,DP07,NA,NA,NA,NA,NA,NA,NA,NA,182,184,NA,NA,134,144,205,208,167,167,145,153,246,246,NA
SH-Q4655_B,DP08,168,178,118,139,220,222,116,124,182,184,174,192,134,144,205,208,167,167,145,153,246,246,0
SH-Q4656,DP07,NA,NA,NA,NA,NA,NA,NA,NA,184,184,NA,NA,152,154,211,223,159,177,135,145,243,246,NA
SH-Q4657,DP07,NA,NA,NA,NA,NA,NA,NA,NA,184,184,NA,NA,134,157,208,211,154,158,131,151,231,243,NA
SH-Q4658,DP07,NA,NA,NA,NA,NA,NA,NA,NA,172,172,NA,NA,134,154,211,211,154,159,131,131,243,243,NA
SH-Q4659,DP07,NA,NA,NA,NA,NA,NA,NA,NA,184,184,NA,NA,152,152,211,223,159,177,135,145,243,246,NA
SH-Q4660,DP07,NA,NA,NA,NA,NA,NA,NA,NA,182,184,NA,NA,154,169,211,211,154,176,131,165,231,243,NA
SH-Q4661,DP07,NA,NA,NA,NA,NA,NA,NA,NA,184,184,NA,NA,134,152,205,211,154,177,135,141,243,246,NA
SH-Q4662,DP07,NA,NA,NA,NA,NA,NA,NA,NA,184,184,NA,NA,134,154,211,211,154,158,131,155,225,243,NA
SH-Q4663,DP07,NA,NA,NA,NA,NA,NA,NA,NA,184,184,NA,NA,154,154,211,211,154,158,131,157,243,243,NA
SH-Q4664,DP07,NA,NA,NA,NA,NA,NA,NA,NA,182,182,NA,NA,134,138,211,223,154,158,131,143,231,243,NA
SH-Q4665,DP07,NA,NA,NA,NA,NA,NA,NA,NA,174,174,NA,NA,134,152,208,211,156,176,131,161,225,246,NA
SH-Q4666,DP07,NA,NA,NA,NA,NA,NA,NA,NA,174,174,NA,NA,134,134,205,205,167,176,153,165,231,246,NA
SH-Q4667,DP07,NA,NA,NA,NA,NA,NA,NA,NA,176,184,NA,NA,134,134,211,211,158,158,133,161,231,231,NA
SH-Q4668,DP07,NA,NA,NA,NA,NA,NA,NA,NA,184,184,NA,NA,152,154,205,211,159,177,135,145,243,246,NA
SH-Q4669,DP07,NA,NA,NA,NA,NA,NA,NA,NA,Too many alleles,Too many alleles,NA,NA,134,134,208,211,154,158,131,131,231,243,NA
SH-Q4670,DP07,NA,NA,NA,NA,NA,NA,NA,NA,156,184,NA,NA,134,163,205,214,158,178,131,131,231,243,NA
SH-Q4671,DP07,NA,NA,NA,NA,NA,NA,NA,NA,182,184,NA,NA,134,144,205,211,154,167,131,153,225,246,NA
SH-Q4672,DP07,NA,NA,NA,NA,NA,NA,NA,NA,172,184,NA,NA,134,152,205,211,156,176,131,131,231,246,NA
SH-Q4673,DP07,NA,NA,NA,NA,NA,NA,NA,NA,172,174,NA,NA,134,134,208,208,156,177,131,161,243,246,NA
SH-Q4674,DP07,NA,NA,NA,NA,NA,NA,NA,NA,174,184,NA,NA,134,154,205,223,156,176,131,153,243,246,NA
SH-Q4675,DP07,NA,NA,NA,NA,NA,NA,NA,NA,182,184,NA,NA,134,152,205,208,167,172,131,151,231,243,NA
SH-Q4676,DP07,NA,NA,NA,NA,NA,NA,NA,NA,182,184,NA,NA,138,169,205,211,158,178,117,131,222,243,NA
SH-Q4677,DP07,NA,NA,NA,NA,NA,NA,NA,NA,172,174,NA,NA,134,152,208,211,158,176,131,163,228,231,NA
SH-Q4677_B,DP09,170,170,118,130,204,204,106,118,172,174,172,190,134,152,208,211,158,176,131,163,228,231,0
SH-Q4678,DP07,NA,NA,NA,NA,NA,NA,NA,NA,172,184,NA,NA,134,138,211,211,154,154,131,155,246,249,NA
SH-Q4679,DP07,NA,NA,NA,NA,NA,NA,NA,NA,180,182,NA,NA,152,154,223,223,154,158,119,131,240,243,NA
SH-Q4680,DP07,NA,NA,NA,NA,NA,NA,NA,NA,172,172,NA,NA,134,152,208,211,176,176,131,147,231,246,NA
SH-Q4681,DP07,NA,NA,NA,NA,NA,NA,NA,NA,184,184,NA,NA,134,154,205,223,154,170,131,143,225,231,NA
SH-Q4682,DP07,NA,NA,NA,NA,NA,NA,NA,NA,172,182,NA,NA,154,156,208,211,154,167,129,153,231,246,NA
SH-Q4683,DP07,NA,NA,NA,NA,NA,NA,NA,NA,172,184,NA,NA,134,154,223,223,156,177,131,131,225,225,NA
SH-Q4684,DP11,No peaks,No peaks,No peaks,No peaks,No peaks,No peaks,No peaks,No peaks,No peaks,No peaks,No peaks,No peaks,No peaks,No peaks,No peaks,No peaks,No peaks,No peaks,No peaks,No peaks,No peaks,No peaks,0
SH-Q4685,DP11,No peaks,No peaks,No peaks,No peaks,No peaks,No peaks,No peaks,No peaks,No peaks,No peaks,No peaks,No peaks,No peaks,No peaks,No peaks,No peaks,No peaks,No peaks,No peaks,No peaks,No peaks,No peaks,0
SH-Q4686,DP11,No peaks,No peaks,No peaks,No peaks,No peaks,No peaks,No peaks,No peaks,No peaks,No peaks,No peaks,No peaks,No peaks,No peaks,No peaks,No peaks,No peaks,No peaks,No peaks,No peaks,No peaks,No peaks,0
SH-Q4687,DP11,No peaks,No peaks,No peaks,No peaks,No peaks,No peaks,No peaks,No peaks,No peaks,No peaks,No peaks,No peaks,No peaks,No peaks,No peaks,No peaks,No peaks,No peaks,No peaks,No peaks,No peaks,No peaks,0
SH-Q4688,DP11,No peaks,No peaks,No peaks,No peaks,No peaks,No peaks,No peaks,No peaks,No peaks,No peaks,No peaks,No peaks,No peaks,No peaks,No peaks,No peaks,No peaks,No peaks,No peaks,No peaks,No peaks,No peaks,0
SH-Q4689,DP11,No peaks,No peaks,No peaks,No peaks,No peaks,No peaks,No peaks,No peaks,No peaks,No peaks,No peaks,No peaks,No peaks,No peaks,No peaks,No peaks,No peaks,No peaks,No peaks,No peaks,No peaks,No peaks,0
SH-Q4690,DP07,NA,NA,NA,NA,NA,NA,NA,NA,174,176,NA,NA,134,154,205,205,173,176,133,153,225,243,NA
SH-Q4691,DP07,NA,NA,NA,NA,NA,NA,NA,NA,184,184,NA,NA,150,154,205,211,170,187,125,133,231,246,NA
SH-Q4692,DP07,NA,NA,NA,NA,NA,NA,NA,NA,182,184,NA,NA,154,169,211,211,154,158,131,159,231,243,NA
SH-Q4693,DP07,NA,NA,NA,NA,NA,NA,NA,NA,176,182,NA,NA,148,154,205,211,158,158,131,133,225,243,NA
SH-Q4694,DP07,NA,NA,NA,NA,NA,NA,NA,NA,172,176,NA,NA,134,154,205,205,154,178,131,131,231,243,NA
SH-Q4694_B,DP09,164,164,127,133,222,224,124,124,172,176,172,174,134,154,205,205,154,178,131,131,231,243,0
SH-Q4695,DP07,NA,NA,NA,NA,NA,NA,NA,NA,184,198,NA,NA,138,156,205,208,158,176,143,143,243,253,NA
SH-Q4696,DP07,NA,NA,NA,NA,NA,NA,NA,NA,176,184,NA,NA,134,156,205,205,156,159,131,135,231,243,NA
SH-Q4697,DP07,NA,NA,NA,NA,NA,NA,NA,NA,174,182,NA,NA,134,159,211,223,152,159,143,145,243,246,NA
SH-Q4698,DP07,NA,NA,NA,NA,NA,NA,NA,NA,174,184,NA,NA,134,134,205,223,154,158,147,163,231,246,NA
SH-Q4698_B,DP10,178,180,124,127,222,222,116,118,174,184,174,202,134,134,205,223,154,158,147,163,231,246,0
SH-Q4699,DP07,NA,NA,NA,NA,NA,NA,NA,NA,172,174,NA,NA,144,154,208,223,154,177,131,149,225,246,NA
SH-Q4700,DP07,NA,NA,NA,NA,NA,NA,NA,NA,182,184,NA,NA,154,169,211,211,154,158,131,131,231,243,NA
SH-Q4701,DP07,NA,NA,NA,NA,NA,NA,NA,NA,156,174,NA,NA,134,159,205,214,158,173,127,131,225,243,NA
SH-Q4702,DP07,NA,NA,NA,NA,NA,NA,NA,NA,174,184,NA,NA,134,134,211,211,156,173,131,155,243,243,NA
SH-Q4703,DP07,NA,NA,NA,NA,NA,NA,NA,NA,172,174,NA,NA,134,134,208,208,154,177,131,131,246,253,NA
SH-Q4704,DP07,NA,NA,NA,NA,NA,NA,NA,NA,184,184,NA,NA,134,134,208,211,167,176,131,151,231,243,NA
SH-Q4704_B,DP10,176,176,136,139,204,222,106,124,184,184,172,182,134,134,208,211,167,176,131,151,231,243,0
SH-Q4705,DP07,NA,NA,NA,NA,NA,NA,NA,NA,172,174,NA,NA,134,156,208,211,154,167,131,145,231,243,NA
SH-Q4706,DP07,NA,NA,NA,NA,NA,NA,NA,NA,182,184,NA,NA,134,134,205,211,154,158,141,143,231,231,NA
SH-Q4707,DP07,NA,NA,NA,NA,NA,NA,NA,NA,174,182,NA,NA,134,134,205,208,167,167,131,133,231,231,NA
SH-Q4708,DP07,NA,NA,NA,NA,NA,NA,NA,NA,182,184,NA,NA,134,154,205,211,158,159,131,139,233,243,NA
SH-Q4708_B,DP09,170,192,130,142,220,222,106,116,182,184,160,202,134,154,205,211,158,159,131,139,233,243,0
SH-Q4709,DP07,NA,NA,NA,NA,NA,NA,NA,NA,172,174,NA,NA,134,152,211,223,158,178,131,145,233,233,NA
SH-Q4710,DP07,NA,NA,NA,NA,NA,NA,NA,NA,172,174,NA,NA,134,152,211,223,158,178,131,145,233,233,NA
SH-Q4711,DP07,NA,NA,NA,NA,NA,NA,NA,NA,172,174,NA,NA,134,152,211,223,158,178,131,145,233,233,NA
SH-Q4712,DP07,NA,NA,NA,NA,NA,NA,NA,NA,172,174,NA,NA,134,152,211,223,158,178,131,145,233,233,NA
SH-Q4713,DP07,NA,NA,NA,NA,NA,NA,NA,NA,184,184,NA,NA,165,175,205,208,158,158,131,141,225,240,NA
SH-Q4714,DP07,NA,NA,NA,NA,NA,NA,NA,NA,184,184,NA,NA,165,175,205,208,158,158,131,141,225,240,NA
SH-Q4715,DP07,NA,NA,NA,NA,NA,NA,NA,NA,184,184,NA,NA,165,175,205,208,158,158,131,141,225,240,NA
SH-Q4716,DP07,NA,NA,NA,NA,NA,NA,NA,NA,184,184,NA,NA,165,175,205,208,158,158,131,141,225,240,NA
SH-Q4717,DP07,NA,NA,NA,NA,NA,NA,NA,NA,182,184,NA,NA,134,134,211,223,154,154,131,133,240,243,NA
SH-Q4718,DP07,NA,NA,NA,NA,NA,NA,NA,NA,176,184,NA,NA,154,165,205,211,154,154,131,149,231,231,NA
SH-Q4719,DP07,NA,NA,NA,NA,NA,NA,NA,NA,176,184,NA,NA,154,163,205,211,154,154,131,149,231,231,NA
SH-Q4720,DP07,NA,NA,NA,NA,NA,NA,NA,NA,184,184,NA,NA,134,154,211,223,158,158,155,157,243,253,NA
SH-Q4721,DP07,NA,NA,NA,NA,NA,NA,NA,NA,174,180,NA,NA,154,165,211,223,154,154,131,147,231,240,NA
SH-Q4722,DP07,NA,NA,NA,NA,NA,NA,NA,NA,182,184,NA,NA,144,165,223,223,158,173,133,149,231,231,NA
SH-Q4723,DP07,NA,NA,NA,NA,NA,NA,NA,NA,No peaks,No peaks,NA,NA,144,163,205,211,154,173,119,123,231,231,NA
SH-Q4724,DP07,NA,NA,NA,NA,NA,NA,NA,NA,182,184,NA,NA,152,165,223,223,158,173,119,149,231,243,NA
SH-Q4725,DP07,NA,NA,NA,NA,NA,NA,NA,NA,184,186,NA,NA,152,165,208,223,173,173,119,149,231,243,NA
SH-Q4726,DP07,NA,NA,NA,NA,NA,NA,NA,NA,184,184,NA,NA,138,154,208,211,158,161,131,167,225,231,NA
SH-Q4727,DP08,140,194,136,139,204,222,122,122,182,184,174,174,138,154,208,223,161,176,131,141,225,240,0
SH-Q4728,DP08,164,172,118,130,204,222,106,124,182,184,160,172,148,154,205,211,159,177,145,157,231,243,0
SH-Q4729,DP08,140,160,124,130,204,222,106,116,184,184,160,198,138,148,208,211,154,154,131,153,243,243,0
SH-Q4730,DP08,158,174,124,136,204,232,106,116,184,184,196,200,134,154,211,211,154,158,131,157,243,253,0
SH-Q4731,DP08,158,174,124,136,204,232,106,116,184,184,196,200,134,154,211,211,154,158,131,157,243,253,0
SH-Q4732,DP08,152,176,118,139,222,222,106,124,182,184,168,200,154,161,205,211,154,158,131,157,231,243,0
SH-Q4733,DP08,152,176,118,139,222,222,106,124,182,184,168,200,154,161,205,211,154,158,131,157,231,243,0
SH-Q4734,DP08,176,182,118,130,222,222,106,106,182,184,168,168,161,165,205,211,154,154,131,131,231,231,0
SH-Q4735,DP08,160,182,118,130,222,222,106,116,184,186,168,198,154,165,208,211,154,158,131,143,231,243,0
SH-Q4736,DP08,160,182,118,130,222,222,106,116,184,186,168,198,154,165,208,211,154,158,131,143,231,243,0
SH-Q4737,DP08,160,182,118,130,222,222,106,116,184,186,168,198,154,165,208,211,154,158,131,143,231,243,0
SH-Q4738,DP08,152,158,124,130,204,222,106,108,184,186,172,200,134,171,208,211,158,173,131,135,225,243,0
SH-Q4739,DP08,158,184,124,136,222,222,106,116,184,186,198,200,134,154,208,223,158,173,131,135,243,243,0
SH-Q4740,DP08,178,184,118,136,204,222,116,122,174,184,198,198,144,154,223,223,150,158,131,155,243,246,0
SH-Q4741,DP08,178,182,118,136,204,222,116,122,174,184,198,198,144,154,223,223,150,158,131,155,243,246,0
SH-Q4742,DP08,178,182,118,136,204,222,116,122,174,184,198,198,144,154,223,223,150,158,131,155,243,246,0
SH-Q4743,DP08,176,178,136,139,222,222,108,108,184,184,168,198,134,134,211,211,154,173,131,135,225,246,0
SH-Q4744,DP08,178,182,139,139,222,222,106,108,184,184,196,196,134,154,211,211,154,158,131,135,225,225,0
SH-Q4745,DP08,176,182,118,139,222,222,108,124,184,184,172,196,134,163,211,211,154,158,131,131,225,231,0
SH-Q4746,DP08,176,182,118,139,222,222,108,124,184,184,172,196,134,163,211,211,154,158,131,131,225,231,0
SH-Q4747,DP08,152,178,118,139,222,222,108,116,184,186,196,198,134,154,208,211,154,173,131,131,225,243,0
SH-Q4748,DP08,140,152,130,136,204,222,106,122,182,184,174,206,138,154,208,223,154,161,131,153,225,243,0
SH-Q4749,DP08,140,152,130,136,204,222,106,122,182,184,174,198,138,154,208,223,154,161,131,153,225,243,0
SH-Q4750,DP08,168,180,139,139,222,222,108,116,184,184,168,174,148,154,205,223,154,156,131,133,240,243,0
SH-Q4751,DP08,174,180,139,139,222,222,106,116,184,184,168,172,144,148,205,205,154,154,131,131,231,240,0
SH-Q4752,DP08,170,186,130,139,220,222,118,122,182,190,172,194,154,154,205,223,154,158,131,137,231,240,0
SH-Q4753,DP08,152,194,139,139,222,222,122,122,182,182,200,200,138,152,205,223,154,176,155,157,240,243,0
SH-Q4754,DP08,152,194,139,139,222,222,122,122,182,182,200,200,138,152,205,223,154,176,155,157,240,243,0
SH-Q4755,DP08,128,182,118,139,220,224,122,124,172,182,172,174,154,154,205,211,154,158,131,147,225,231,0
SH-Q4756,DP08,128,182,118,139,220,224,122,124,172,182,172,174,154,154,205,211,154,158,131,147,225,231,0
SH-Q4757,DP08,192,194,136,139,222,232,108,122,182,182,174,174,134,138,211,211,154,178,135,155,240,249,0
SH-Q4758,DP08,172,182,118,139,220,222,106,122,182,186,172,174,144,154,205,208,158,158,131,141,225,231,0
SH-Q4759,DP08,140,182,121,139,222,224,106,106,174,184,172,188,144,156,223,223,154,173,131,157,231,240,0
SH-Q4760,DP08,128,176,118,136,220,222,116,124,182,184,172,172,134,154,205,223,150,158,131,157,231,231,0
SH-Q4761,DP08,180,192,121,136,222,222,118,122,184,186,168,172,154,154,223,223,154,156,131,133,231,231,0
SH-Q4762,DP08,128,166,118,142,220,224,124,124,174,182,172,178,154,154,211,211,Too many alleles,Too many alleles,131,155,231,253,1
SH-Q4763,DP08,128,174,118,139,222,224,116,122,172,184,168,174,148,154,211,211,154,154,147,155,225,240,0
SH-Q4764,DP08,128,160,139,139,220,222,118,124,182,184,172,174,154,154,205,223,154,158,131,149,225,231,0
SH-Q4765,DP08,182,190,118,139,222,222,106,118,184,186,172,172,144,154,223,223,154,156,131,131,231,231,0
SH-Q4766,DP08,170,194,136,139,222,222,118,126,184,186,168,172,154,154,205,223,154,158,119,131,231,243,0
SH-Q4767,DP08,170,174,139,139,222,222,106,108,182,186,172,172,144,171,211,223,154,173,131,135,225,231,0
SH-Q4768,DP08,170,180,136,139,222,222,106,118,184,186,172,172,144,154,205,223,154,154,131,149,231,231,0
SH-Q4769,DP08,170,180,136,139,222,222,106,118,184,186,172,172,144,154,205,223,154,154,131,149,231,231,0
SH-Q4770,DP08,178,180,139,142,204,204,106,108,182,184,168,188,154,156,205,223,159,173,131,157,240,243,0
SH-Q4771,DP08,128,190,118,118,222,222,108,122,184,184,174,188,134,154,208,223,154,173,131,133,249,253,0
SH-Q4772,DP08,128,190,118,118,222,222,108,122,184,184,174,188,134,154,208,223,154,173,131,133,249,253,0
SH-Q4773,DP08,190,196,118,136,222,222,106,108,184,184,168,172,134,144,205,223,156,158,133,153,231,246,0
SH-Q4774,DP08,160,186,118,139,204,226,106,106,176,184,160,172,148,163,211,223,154,158,143,149,231,243,0
SH-Q4775,DP08,128,166,118,124,222,222,122,122,180,184,178,188,134,154,208,223,173,173,133,133,253,253,0
SH-Q4776,DP08,156,170,139,142,222,222,106,108,182,186,160,172,144,154,223,223,150,159,131,149,231,246,0
SH-Q4777,DP08,170,190,124,142,222,224,118,122,174,186,168,178,134,154,211,223,159,173,131,141,231,253,0
SH-Q4777_B,DP10,170,190,124,142,222,224,118,122,174,186,168,178,134,154,211,223,159,173,131,141,231,253,0
SH-Q4778,DP08,170,190,124,142,222,224,118,122,174,186,168,178,134,154,211,223,159,173,131,141,231,253,0
SH-Q4779,DP08,170,190,124,142,222,224,118,122,174,186,168,178,134,154,211,223,159,173,131,141,231,253,0
SH-Q4780,DP08,170,200,136,142,222,222,106,118,184,186,168,172,144,154,205,223,150,159,141,149,231,231,0
SH-Q4781,DP08,170,190,139,142,222,222,108,118,184,184,168,174,154,154,205,223,156,159,133,141,231,243,0
SH-Q4782,DP08,170,192,136,142,222,222,118,118,184,184,168,168,134,154,205,223,158,159,141,167,231,231,0
SH-Q4783,DP08,168,190,130,139,222,222,106,108,184,184,174,174,134,154,211,223,156,158,133,133,243,243,0
SH-Q4784,DP08,194,198,139,139,222,222,106,106,184,184,168,172,154,165,208,217,150,158,131,157,231,231,0
SH-Q4785,DP08,160,168,118,136,222,222,106,106,184,184,168,172,144,165,208,217,158,159,131,157,231,231,0
SH-Q4786,DP08,160,168,118,136,222,222,106,106,184,184,168,172,144,165,208,217,158,159,131,157,231,231,0
SH-Q4787,DP08,168,184,118,136,222,222,106,106,180,184,172,192,144,154,211,223,158,158,131,149,231,231,0
SH-Q4788,DP08,168,178,124,127,222,222,106,118,184,184,172,188,144,144,211,223,158,173,141,157,225,231,0
SH-Q4789,DP08,160,182,124,136,204,232,106,124,182,184,160,172,144,148,223,223,159,177,131,141,231,243,0
SH-Q4790,DP08,168,176,127,130,222,232,106,118,182,184,168,172,134,144,223,223,158,159,119,157,231,231,0
SH-Q4791,DP08,188,196,136,136,222,222,106,108,184,184,172,180,144,152,211,223,158,173,131,167,231,243,0
SH-Q4792,DP08,164,190,118,136,222,222,106,106,180,184,172,172,144,144,223,223,Too many alleles,Too many alleles,149,155,231,231,1
SH-Q4793,DP08,170,178,130,142,222,232,106,124,182,186,172,190,144,154,223,223,158,159,141,167,231,253,0
SH-Q4794,DP08,170,178,130,142,222,232,106,124,182,186,172,190,144,154,223,223,158,159,141,167,231,253,0
SH-Q4795,DP08,170,178,130,142,222,232,106,124,182,186,172,190,144,154,223,223,158,159,141,167,231,253,0
SH-Q4796,DP08,174,192,124,139,204,222,108,122,182,184,174,174,154,154,223,223,154,176,131,151,225,243,0
SH-Q4797,DP08,174,192,124,139,204,222,108,122,182,184,174,174,154,154,223,223,154,176,131,151,225,243,0
SH-Q4798,DP08,164,174,124,139,204,222,108,108,182,184,172,174,154,163,208,223,158,176,149,151,231,243,0
SH-Q4799,DP08,164,174,124,139,204,222,108,108,182,184,172,174,154,163,208,223,158,176,149,151,231,243,0
SH-Q4800,DP08,182,190,127,139,220,222,106,122,182,182,172,172,144,154,205,223,Too many alleles,Too many alleles,155,167,231,231,1
SH-Q4801,DP08,152,182,127,136,222,222,106,122,182,184,172,172,144,154,205,223,158,173,131,167,231,231,0
SH-Q4802,DP08,170,176,136,136,204,222,106,106,184,184,160,172,138,144,205,211,150,159,131,141,231,231,0
SH-Q4803,DP08,172,176,136,136,204,222,106,106,184,184,160,172,138,144,205,211,150,159,131,141,231,231,0
SH-Q4804,DP08,182,190,127,139,220,222,106,122,180,182,172,172,144,154,205,223,Too many alleles,Too many alleles,131,147,231,231,1
SH-Q4805,DP08,174,186,118,127,222,222,108,118,174,184,172,172,152,154,211,211,154,158,131,131,231,243,0
SH-Q4806,DP08,190,196,118,136,222,222,106,106,174,184,168,172,134,167,205,211,158,158,131,153,231,246,0
SH-Q4807,DP08,168,190,118,139,204,222,116,118,182,184,170,172,134,154,211,211,158,173,131,131,231,246,0
SH-Q4808,DP08,178,182,118,121,220,222,106,124,184,184,188,198,156,163,208,223,154,156,137,157,240,253,0
SH-Q4809,DP08,138,168,127,136,222,222,106,108,182,184,172,198,144,154,205,217,158,176,135,149,231,246,0
SH-Q4810,DP08,164,178,124,127,222,224,106,108,182,182,200,214,154,154,211,223,154,178,143,157,231,249,0
SH-Q4811,DP08,164,176,124,127,222,224,106,108,182,182,200,214,154,154,211,223,154,178,143,159,231,249,0
SH-Q4812,DP08,164,176,124,127,222,224,106,108,182,182,200,214,154,154,211,223,154,178,143,157,231,249,0
SH-Q4813,DP08,164,176,124,127,222,224,106,108,182,182,200,214,154,154,211,223,154,178,143,157,231,249,0
SH-Q4814,DP08,166,194,118,130,204,222,116,118,172,174,172,174,134,144,223,223,154,159,131,147,243,243,0
SH-Q4815,DP09,166,190,118,130,204,222,116,118,172,174,172,174,134,144,223,223,154,159,131,147,243,243,0
SH-Q4816,DP09,166,190,118,130,204,222,116,118,172,174,172,174,134,144,223,223,154,159,131,147,243,243,0
SH-Q4817,DP09,166,192,118,130,204,222,116,118,172,174,172,174,134,144,223,223,154,159,131,147,243,243,0
SH-Q4818,DP09,166,190,118,130,204,222,116,118,172,174,172,174,134,144,223,223,154,159,131,147,243,243,0
SH-Q4819,DP09,168,192,118,124,222,224,108,124,182,184,168,172,148,169,211,211,154,158,131,131,243,246,0
SH-Q4820,DP09,168,190,118,124,222,224,108,124,182,184,168,172,148,169,211,211,154,158,131,131,243,246,0
SH-Q4821,DP09,160,168,118,124,204,222,124,124,172,182,172,188,169,179,208,211,154,176,131,159,243,246,0
SH-Q4822,DP09,168,188,118,127,222,224,108,124,182,194,168,174,138,169,208,211,154,154,131,131,246,246,0
SH-Q4823,DP09,190,200,127,127,204,220,116,124,184,184,172,178,148,169,208,217,173,175,131,143,231,243,0
SH-Q4824,DP09,164,192,118,124,222,222,108,124,182,184,172,178,154,154,211,211,158,176,131,165,231,231,0
SH-Q4825,DP09,166,192,118,124,222,222,108,124,182,184,172,178,154,154,211,211,158,176,131,165,231,231,0
SH-Q4826,DP09,154,190,124,127,204,222,116,124,182,184,168,172,134,154,211,211,175,175,131,145,231,246,0
SH-Q4827,DP09,190,192,124,127,222,222,106,108,174,182,172,172,138,169,205,211,158,178,117,131,222,243,0
SH-Q4828,DP09,160,190,118,127,222,224,108,116,172,182,172,172,134,154,211,211,158,158,131,159,231,243,0
SH-Q4829,DP09,166,192,124,124,204,224,108,122,182,184,172,190,154,169,211,217,158,176,131,131,231,243,0
SH-Q4830,DP09,164,188,118,124,204,204,118,124,172,184,172,196,134,156,208,223,154,176,155,155,243,253,0
SH-Q4831,DP09,164,188,118,124,204,204,118,124,172,184,172,196,134,156,208,223,154,176,155,155,243,253,0
SH-Q4832,DP09,164,190,118,124,204,204,118,124,172,184,172,196,134,156,208,223,154,176,155,155,243,253,0
SH-Q4833,DP09,164,188,118,124,204,204,118,124,172,184,172,196,134,156,208,223,154,176,155,155,243,253,0
SH-Q4834,DP09,164,188,118,124,204,204,118,124,172,184,172,196,134,156,208,223,154,176,155,155,243,253,0
SH-Q4835,DP09,128,188,124,127,204,204,108,124,184,184,196,204,138,156,208,211,156,176,143,155,246,253,0
SH-Q4836,DP09,128,128,118,118,204,224,106,106,184,192,168,188,134,134,211,211,154,161,131,155,246,246,0
SH-Q4837,DP09,146,190,127,133,222,224,124,124,172,194,182,196,144,144,211,211,159,159,131,155,231,231,0
SH-Q4838,DP09,146,186,118,133,222,224,106,124,172,176,182,188,134,144,211,211,158,159,131,157,231,246,0
SH-Q4839,DP09,146,164,118,118,204,224,106,124,172,184,188,210,134,138,211,211,154,161,131,155,246,246,0
SH-Q4840,DP09,164,186,130,136,222,222,106,124,176,190,172,174,134,138,208,223,159,161,131,145,225,246,0
SH-Q4841,DP09,164,196,118,127,204,204,106,116,174,184,172,188,134,154,208,211,161,177,131,143,231,246,0
SH-Q4842,DP09,166,178,130,139,204,224,106,118,172,176,174,192,134,148,205,208,158,178,131,141,231,243,0
SH-Q4843,DP09,164,178,130,139,204,224,106,118,172,176,174,192,134,148,205,208,158,178,131,141,231,243,0
SH-Q4844,DP09,164,178,130,139,204,224,106,118,172,176,174,192,134,148,205,208,158,178,131,141,231,243,0
SH-Q4845,DP09,146,182,118,118,224,224,108,124,172,174,172,174,134,134,211,211,154,177,131,143,233,246,0
SH-Q4846,DP09,172,198,127,130,204,222,118,124,184,194,174,196,134,144,208,211,158,159,131,131,231,243,0
SH-Q4847,DP09,166,194,121,124,222,224,108,116,182,184,168,200,134,154,211,211,161,179,125,131,231,231,0
SH-Q4848,DP09,164,166,124,127,204,224,108,116,172,182,172,200,154,154,205,211,176,179,131,139,231,231,0
SH-Q4849,DP09,162,164,118,130,222,222,106,124,190,190,174,208,134,138,211,211,154,158,131,131,231,246,0
SH-Q4850,DP09,162,164,118,130,222,222,106,124,190,190,174,208,134,138,211,211,154,158,131,131,231,246,0
SH-Q4851,DP09,128,164,118,130,222,222,124,124,182,190,182,216,138,156,205,211,156,158,131,135,231,246,0
SH-Q4852,DP09,164,184,118,124,204,224,108,124,172,182,172,200,134,154,211,223,158,179,131,145,231,246,0
SH-Q4853,DP09,174,200,118,127,204,222,116,124,172,184,172,174,156,159,208,223,154,178,131,153,231,243,0
SH-Q4854,DP09,166,192,118,118,204,222,118,124,172,176,174,196,134,138,208,211,156,176,135,139,243,246,0
SH-Q4855,DP09,146,200,118,136,222,224,106,124,176,182,174,174,134,138,211,211,156,173,131,157,225,233,0
SH-Q4856,DP09,146,164,118,118,204,204,124,124,172,184,208,210,138,138,208,208,154,177,131,155,246,246,0
SH-Q4857,DP09,128,178,127,130,222,222,124,126,172,184,168,184,134,167,211,211,156,177,135,143,225,225,0
SH-Q4858,DP09,146,186,124,136,224,224,116,124,176,184,174,174,134,144,211,211,156,173,155,157,233,243,0
SH-Q4859,DP09,146,188,118,127,222,222,124,126,172,182,174,184,134,134,211,211,156,161,131,131,225,233,0
SH-Q4860,DP09,186,196,124,136,204,222,124,126,172,176,174,190,154,159,205,208,154,154,151,153,231,231,0
SH-Q4861,DP09,180,186,118,142,204,224,116,124,176,184,168,168,134,154,208,211,158,173,135,137,231,246,0
SH-Q4862,DP09,164,188,118,127,204,222,124,124,172,174,174,174,134,148,208,226,173,177,129,143,231,231,0
SH-Q4863,DP09,164,180,118,118,220,224,124,124,176,184,168,172,134,134,205,208,158,173,135,149,231,246,0
SH-Q4864,DP09,164,188,118,127,204,222,124,124,172,174,174,188,134,134,208,226,154,177,129,135,231,246,0
SH-Q4865,DP09,164,180,118,127,220,222,124,124,174,184,172,174,134,134,205,226,173,177,129,135,231,246,0
SH-Q4866,DP09,128,166,118,121,222,224,108,124,176,176,172,202,134,134,208,211,176,176,131,163,231,246,0
SH-Q4867,DP09,128,166,118,121,222,224,108,124,176,176,172,200,134,134,208,211,176,176,131,163,231,246,0
SH-Q4868,DP09,176,186,118,118,224,224,108,124,184,194,172,174,134,148,208,211,173,173,131,143,231,243,0
SH-Q4869,DP09,176,186,118,118,224,224,108,124,184,194,172,174,134,148,208,211,173,173,131,143,231,243,0
SH-Q4870,DP09,176,186,118,118,224,224,108,124,184,194,172,174,134,148,208,211,173,173,131,143,231,243,0
SH-Q4871,DP09,188,190,118,130,204,224,116,124,172,172,172,188,134,154,211,211,158,176,131,131,225,231,0
SH-Q4872,DP09,182,188,124,130,204,224,108,124,172,182,188,200,134,154,211,211,176,176,131,139,225,231,0
SH-Q4873,DP09,184,188,124,130,204,224,108,124,172,182,188,200,134,154,211,211,176,176,131,139,225,231,0
SH-Q4874,DP09,182,188,124,130,204,224,108,124,172,182,188,200,134,154,211,211,154,176,131,139,225,231,0
SH-Q4875,DP09,180,194,118,127,204,224,106,124,184,184,174,174,134,152,211,211,158,159,117,131,231,231,0
SH-Q4876,DP09,182,194,118,127,204,224,106,124,184,184,174,174,134,152,211,211,158,159,117,131,231,231,0
SH-Q4877,DP09,180,194,118,127,204,224,106,124,184,184,174,174,134,152,211,211,158,159,117,131,231,231,0
SH-Q4878,DP09,180,194,118,127,204,224,106,124,184,184,174,174,134,152,211,211,158,159,117,131,231,231,0
SH-Q4879,DP09,184,196,118,127,204,224,106,124,184,184,174,174,134,152,211,211,158,159,117,131,231,231,0
SH-Q4880,DP09,180,196,118,127,204,224,106,124,184,184,174,174,134,152,211,211,158,159,117,131,231,231,0
SH-Q4881,DP09,174,174,118,139,222,222,106,118,184,184,172,218,134,156,208,223,156,156,117,131,231,258,0
SH-Q4882,DP09,156,168,118,127,222,222,106,124,184,184,172,174,148,156,205,208,159,159,131,131,231,231,0
SH-Q4883,DP09,170,186,118,118,222,222,124,124,182,184,168,174,134,148,211,211,148,148,131,157,246,246,0
SH-Q4884,DP09,168,174,118,118,222,222,106,124,184,184,172,174,148,156,208,211,177,177,131,155,231,231,0
SH-Q4885,DP09,168,174,118,118,222,222,106,124,184,184,172,174,148,156,208,211,177,177,131,155,231,231,0
SH-Q4886,DP09,168,174,118,118,222,222,106,124,184,184,172,174,148,156,208,211,177,177,131,157,231,231,0
SH-Q4887,DP09,186,188,130,139,204,222,122,124,184,184,190,194,138,144,211,223,154,154,131,145,231,231,0
SH-Q4888,DP09,186,188,130,139,204,222,122,124,184,184,190,194,138,144,211,223,154,154,131,145,231,231,0
SH-Q4889,DP09,178,178,118,139,222,224,124,126,176,184,174,184,154,183,211,220,177,177,131,143,231,246,0
SH-Q4890,DP09,128,188,118,127,204,222,122,124,184,194,174,194,144,183,211,211,154,161,131,145,231,231,0
SH-Q4891,DP09,168,186,130,139,220,222,106,122,184,194,194,196,138,144,211,223,159,161,131,153,231,243,0
SH-Q4892,DP09,182,200,127,136,224,224,118,122,172,176,174,196,144,167,211,223,156,178,143,159,231,231,0
SH-Q4893,DP09,182,200,127,136,224,224,118,122,172,176,174,196,144,167,211,223,156,178,143,159,231,231,0
SH-Q4894,DP09,182,200,127,136,224,224,118,122,172,176,174,196,144,167,211,223,156,178,143,159,231,231,0
SH-Q4895,DP09,182,200,127,136,224,224,118,122,172,176,174,196,144,167,211,223,156,178,143,159,231,231,0
SH-Q4896,DP09,182,200,127,136,224,224,118,122,172,176,174,196,144,167,211,223,156,178,143,159,231,231,0
SH-Q4897,DP09,184,202,127,136,224,224,118,122,172,176,174,196,144,167,211,223,156,178,143,159,231,231,0
SH-Q4898,DP09,184,202,127,136,224,224,118,122,172,176,174,196,144,167,211,223,156,178,143,159,231,231,0
SH-Q4899,DP09,182,202,127,136,224,224,118,122,172,176,174,196,144,167,211,223,156,178,143,159,231,231,0
SH-Q4900,DP09,182,200,127,136,224,224,118,122,172,176,174,196,144,167,211,223,156,178,143,159,231,231,0
SH-Q4901,DP09,182,200,127,136,224,224,118,122,172,176,174,196,144,167,211,223,156,178,143,159,231,231,0
SH-Q4902,DP09,182,200,127,136,224,224,118,122,172,176,174,196,144,167,211,223,156,178,143,159,231,231,0
SH-Q4903,DP10,182,200,127,136,224,224,118,122,172,176,174,196,144,167,211,223,156,178,143,159,231,231,0
SH-Q4904,DP10,146,166,127,136,222,222,108,111,190,194,196,206,144,156,205,205,154,158,131,145,231,249,0
SH-Q4905,DP10,128,194,118,139,222,222,106,106,182,184,168,174,134,156,205,211,154,158,127,131,225,225,0
SH-Q4906,DP10,128,192,118,139,222,222,106,106,182,184,168,174,134,156,205,211,154,158,127,131,225,225,0
SH-Q4907,DP10,128,128,118,130,222,224,106,118,176,184,168,174,134,167,211,211,158,158,129,131,225,231,0
SH-Q4908,DP10,128,128,118,130,222,224,106,118,176,184,168,174,134,167,211,211,158,158,129,131,225,231,0
SH-Q4909,DP10,128,128,118,130,222,224,106,118,176,184,168,174,134,167,211,211,158,158,129,131,225,231,0
SH-Q4910,DP10,128,128,118,130,222,224,106,118,176,184,168,174,134,167,211,211,158,158,129,131,225,231,0
SH-Q4911,DP10,128,128,118,130,222,224,106,118,176,184,168,174,134,167,211,211,158,158,129,131,225,231,0
SH-Q4912,DP10,128,146,127,130,204,222,106,124,184,186,170,212,134,134,208,223,159,177,135,153,231,233,0
SH-Q4913,DP10,146,168,118,118,222,224,106,118,172,184,160,172,134,154,205,211,158,158,131,131,231,231,0
SH-Q4914,DP10,166,208,124,127,222,224,124,124,172,172,172,174,134,138,205,211,154,156,135,141,243,246,0
SH-Q4915,DP10,168,168,127,127,222,222,116,118,184,186,174,188,134,167,205,211,159,173,131,131,225,231,0
SH-Q4915_B,DP11,168,168,127,127,222,222,116,118,184,186,174,188,134,167,205,211,159,173,131,131,225,231,0
SH-Q4916,DP10,184,196,118,124,222,224,124,124,184,194,160,174,134,134,211,211,159,177,117,131,No peaks in locus,No peaks in locus,0
SH-Q4917,DP10,128,164,139,142,220,220,122,122,174,182,172,198,144,154,205,205,154,161,137,147,231,246,0
SH-Q4918,DP10,176,196,127,127,220,222,118,118,156,186,172,182,134,134,211,223,158,176,143,143,231,243,0
SH-Q4919,DP10,152,172,127,139,204,222,106,106,156,184,172,182,134,134,211,214,173,173,131,131,243,243,0
SH-Q4920,DP10,182,196,118,118,220,224,106,106,184,186,168,172,134,163,223,223,163,167,143,143,231,240,0
SH-Q4921,DP10,156,172,127,127,222,224,106,106,156,184,182,182,134,134,214,223,154,158,131,131,243,243,0
SH-Q4922,DP10,182,192,127,139,204,222,106,106,156,184,182,186,134,134,211,214,173,178,131,131,243,243,0
SH-Q4923,DP10,172,182,118,133,222,224,124,124,176,184,168,198,154,156,205,220,150,150,131,131,231,246,0
SH-Q4924,DP10,164,166,127,139,204,222,108,116,184,184,194,202,134,165,208,211,154,154,131,133,231,253,0
SH-Q4925,DP10,172,192,124,127,222,222,106,118,156,184,182,182,134,163,211,211,158,173,131,159,231,243,0
SH-Q4926,DP10,164,164,127,127,220,224,106,108,184,186,172,206,134,134,208,223,154,163,131,143,231,231,0
SH-Q4927,DP10,128,172,118,127,204,222,108,118,174,184,182,198,134,163,205,211,158,158,131,131,225,231,0
SH-Q4928,DP10,164,196,127,130,204,222,106,124,184,184,172,202,134,157,208,223,154,158,131,149,231,243,0
SH-Q4929,DP10,186,186,124,139,222,224,116,118,174,174,174,194,134,134,205,211,154,176,145,147,225,246,0
SH-Q4930,DP10,176,196,118,127,220,222,106,118,156,184,172,182,134,134,211,223,176,176,131,143,231,243,0
SH-Q4931,DP10,164,164,127,139,222,222,106,108,184,184,202,202,134,134,208,211,154,154,131,133,231,231,0
SH-Q4932,DP10,164,194,139,139,222,222,106,108,184,184,182,202,134,134,211,211,154,176,131,131,231,243,0
SH-Q4933,DP10,164,194,130,139,204,222,106,108,184,184,202,202,134,134,211,211,154,158,143,151,231,231,0
SH-Q4934,DP10,192,194,127,136,204,222,106,116,184,184,194,202,134,165,211,211,158,176,143,151,231,253,0
SH-Q4935,DP10,170,196,118,118,204,220,106,108,184,184,172,208,134,134,205,223,163,176,135,143,231,243,0
SH-Q4936,DP10,192,194,127,139,222,222,106,108,184,184,182,204,134,134,211,211,154,158,143,151,231,243,0
SH-Q4937,DP10,196,196,118,127,204,220,106,118,174,184,172,206,134,134,205,223,154,163,131,143,231,231,0
SH-Q4938,DP10,164,164,127,127,220,224,106,106,184,186,172,184,134,134,208,223,154,176,131,143,231,243,0
SH-Q4939,DP10,164,166,127,139,222,224,106,108,Too many alleles,Too many alleles,172,182,134,152,211,214,154,161,131,153,243,243,1
SH-Q4940,DP10,164,164,127,139,222,222,106,116,184,184,172,194,134,165,208,208,167,176,131,133,231,253,0
SH-Q4941,DP10,178,186,127,136,204,222,108,116,174,194,174,178,134,134,223,223,158,167,131,163,231,243,0
SH-Q4942,DP10,182,200,118,127,220,220,116,124,174,182,174,192,134,134,205,211,152,177,145,145,225,246,0
SH-Q4943,DP10,186,196,127,136,222,224,118,124,184,186,172,182,134,157,205,211,154,154,131,151,243,243,0
SH-Q4944,DP10,178,178,127,139,204,222,118,118,172,174,172,192,154,156,208,223,158,161,131,163,231,246,0
SH-Q4945,DP10,186,186,118,139,204,220,118,118,182,184,172,198,134,156,211,223,156,158,117,163,231,246,0
SH-Q4946,DP10,172,172,127,130,204,204,108,118,172,184,204,208,134,154,208,223,154,156,117,131,246,249,0
SH-Q4947,DP10,174,186,127,136,222,222,118,124,184,184,172,172,152,157,223,223,154,172,131,151,243,243,0
SH-Q4948,DP10,186,186,127,139,204,220,116,118,172,182,174,198,134,134,208,211,156,167,117,143,231,246,0
SH-Q4949,DP10,164,168,127,136,204,222,106,124,174,184,172,184,134,159,205,211,154,154,Too many alleles,Too many alleles,231,243,1
SH-Q4950,DP10,178,186,118,139,220,222,116,118,174,182,172,172,154,156,211,223,167,177,145,163,231,231,0
SH-Q4951,DP10,178,178,127,130,204,220,106,116,172,182,174,174,134,154,208,223,156,158,117,143,231,246,0
SH-Q4952,DP10,Too many alleles,Too many alleles,127,139,Too many alleles,Too many alleles,106,116,184,184,Too many alleles,Too many alleles,134,154,211,223,177,177,131,147,Too many alleles,Too many alleles,4
SH-Q4953,DP10,128,178,130,130,204,222,106,118,182,184,168,208,134,161,205,211,174,174,131,139,243,246,0
SH-Q4954,DP10,174,178,127,139,204,220,116,128,174,182,174,174,134,134,211,223,167,176,143,145,231,246,0
SH-Q4955,DP10,170,170,139,139,222,224,106,116,174,192,174,192,134,154,205,208,154,174,139,149,246,246,0
SH-Q4956,DP10,166,196,124,139,204,222,106,116,184,184,168,194,134,165,205,211,158,176,131,147,228,253,0
SH-Q4957,DP10,164,172,127,139,204,204,106,116,174,184,168,184,134,134,205,211,154,158,147,151,240,243,0
SH-Q4958,DP10,164,174,127,136,204,222,106,124,174,182,182,184,134,134,205,223,154,165,131,151,243,243,0
SH-Q4959,DP10,166,172,127,127,204,224,118,118,Too many alleles,Too many alleles,182,182,134,163,211,214,154,158,131,131,231,243,1
SH-Q4960,DP10,178,202,130,139,204,222,116,124,172,174,160,174,154,159,211,211,174,178,131,143,243,246,0
SH-Q4961,DP10,178,188,127,136,204,222,108,118,172,174,172,178,134,156,208,223,158,167,131,163,231,243,0
SH-Q4962,DP10,188,192,118,118,204,224,108,124,184,184,172,172,134,169,208,211,154,158,131,131,243,243,0
SH-Q4963,DP10,184,184,118,133,204,220,118,118,172,182,172,186,134,156,208,211,152,154,129,143,228,231,0
SH-Q4964,DP10,180,192,124,127,222,224,108,122,182,182,190,200,154,154,217,223,154,176,131,157,231,231,0
SH-Q4965,DP10,164,176,118,127,204,222,108,124,172,182,182,200,154,156,208,223,154,178,135,143,231,246,0
SH-Q4966,DP10,164,168,127,130,220,222,106,122,182,184,194,214,144,154,211,223,154,161,131,157,231,249,0
SH-Q4967,DP10,164,164,118,127,204,222,Too many alleles,Too many alleles,182,184,Too many alleles,Too many alleles,134,154,208,223,154,178,143,155,Too many alleles,Too many alleles,3
SH-Q4968,DP10,156,164,139,139,204,222,106,106,172,184,172,190,154,159,205,211,158,158,131,133,231,231,0
SH-Q4969,DP10,148,184,118,124,204,224,124,124,184,184,196,218,134,152,205,223,158,177,131,145,240,246,0
SH-Q4970,DP10,166,178,118,130,204,220,106,124,172,184,174,198,152,163,208,208,154,177,131,157,228,253,0
SH-Q4971,DP10,148,188,118,139,204,224,118,122,184,184,172,174,134,154,223,223,154,177,135,145,243,243,0
SH-Q4972,DP10,168,182,121,136,222,222,106,106,182,184,172,188,144,156,205,223,156,158,137,149,231,240,0
SH-Q4973,DP10,178,178,118,130,204,204,118,124,172,172,192,200,154,154,211,223,176,177,143,153,231,243,0
SH-Q4974,DP10,194,196,127,127,222,222,106,108,184,184,182,202,134,134,208,208,154,154,131,131,231,243,0
SH-Q4975,DP10,168,178,118,127,222,222,108,124,182,182,188,200,154,179,211,223,154,176,157,159,231,246,0
SH-Q4976,DP10,180,184,118,139,220,222,106,124,184,190,172,182,134,134,205,223,163,176,131,143,231,231,0
SH-Q4977,DP10,194,196,127,139,222,224,106,108,184,186,184,204,134,134,208,208,154,154,131,131,231,243,0
SH-Q4978,DP10,170,182,130,139,204,204,106,116,172,184,174,206,134,154,211,223,156,167,117,143,231,246,0
SH-Q4979,DP10,160,170,118,139,222,224,106,124,174,184,172,190,154,165,208,208,158,176,131,143,231,231,0
SH-Q4980,DP10,178,178,118,139,220,222,106,106,184,184,160,200,134,152,208,211,154,167,143,163,225,243,0
SH-Q4981,DP10,128,194,118,139,204,222,108,108,184,184,204,208,134,134,208,208,158,158,131,143,225,231,0
SH-Q4982,DP10,146,188,118,124,204,204,108,124,184,184,204,210,138,138,208,208,156,177,131,143,246,246,0
SH-Q4983,DP10,166,166,127,130,224,224,118,118,184,186,172,202,134,134,214,223,154,177,131,131,231,231,0
SH-Q4983_B,DP11,166,166,127,130,224,224,118,118,184,186,172,202,134,154,214,223,154,177,131,131,231,231,0
SH-Q4984,DP10,166,176,127,127,204,224,106,108,184,186,202,208,134,154,214,223,154,177,131,131,231,243,0
SH-Q4985,DP10,176,196,118,139,220,222,118,118,156,184,172,172,134,134,211,223,176,176,131,143,231,231,0
SH-Q4986,DP10,166,196,127,127,204,222,106,108,174,184,184,202,134,134,205,208,154,154,131,151,231,243,0
SH-Q4987,DP10,164,164,127,127,204,222,106,106,174,184,202,206,134,134,205,211,154,158,131,151,231,231,0
SH-Q4988,DP10,164,166,127,127,222,224,106,118,184,186,182,208,134,154,214,223,154,177,131,131,243,243,0
SH-Q4989,DP10,128,172,127,139,220,222,106,124,156,184,182,192,134,167,214,223,158,173,131,131,243,243,0
SH-Q4990,DP10,174,178,118,139,204,220,118,128,174,182,172,174,134,156,208,211,167,176,145,163,231,246,0
SH-Q4991,DP11,182,196,124,127,222,222,106,108,156,184,182,202,134,134,208,223,154,158,131,131,231,243,0
SH-Q4992,DP11,186,194,127,139,204,222,106,106,184,184,172,202,134,134,211,223,154,158,131,143,231,243,0
SH-Q4993,DP11,182,196,118,124,220,224,116,118,184,186,168,172,134,134,223,223,176,177,131,143,231,240,0
SH-Q4994,DP11,172,194,127,136,204,224,108,118,174,194,174,204,134,154,205,223,167,176,131,131,231,249,0
SH-Q4995,DP11,156,196,127,127,220,222,118,118,156,184,172,172,134,152,211,214,176,176,143,143,231,231,0
SH-Q4996,DP11,164,192,127,139,222,222,106,116,184,184,194,202,134,165,211,211,154,176,131,131,231,253,0
SH-Q4997,DP11,176,182,124,139,204,224,108,118,172,184,160,186,134,159,208,211,167,176,143,145,228,243,0
SH-Q4998,DP11,182,196,118,124,220,222,106,118,156,184,172,192,134,134,211,223,176,177,143,143,231,243,0
SH-Q4999,DP11,182,182,127,130,204,222,106,118,156,184,172,182,134,134,211,211,158,173,131,149,243,243,0
SH-Q5000,DP11,164,172,127,127,222,224,108,118,Too many alleles,Too many alleles,182,184,134,134,208,214,154,158,131,151,243,243,1
SH-Q5001,DP11,164,164,127,127,222,224,106,108,184,186,184,202,134,154,208,211,154,154,131,131,231,243,0
SH-Q5002,DP11,156,186,127,127,222,222,118,124,184,184,172,182,134,152,205,211,154,172,131,151,231,243,0
SH-Q5003,DP11,172,196,127,127,204,204,106,106,174,174,182,184,134,134,208,211,154,158,131,151,243,243,0
SH-Q5004,DP11,180,182,118,127,222,222,106,111,156,184,172,182,134,163,211,214,158,173,131,141,231,243,0
SH-Q5005,DP11,164,182,127,130,204,222,106,118,156,174,182,202,134,163,211,211,158,158,131,133,231,231,0
SH-Q5006,DP11,182,196,127,127,204,222,106,108,156,174,182,206,134,134,205,214,154,158,131,151,231,243,0
SH-Q5007,DP11,160,186,118,127,220,222,108,118,174,182,172,172,156,159,205,211,167,167,143,143,231,246,0
SH-Q5008,DP11,168,186,127,136,204,222,106,124,184,184,182,190,134,167,211,223,154,158,131,151,231,243,0
SH-Q5009,DP11,158,162,139,139,204,204,106,116,172,174,174,192,134,156,205,223,174,176,131,131,231,246,0
SH-Q5010,DP11,156,166,127,127,204,222,118,124,184,184,172,172,152,157,205,223,154,172,131,131,231,243,0
SH-Q5011,DP11,170,186,127,139,204,222,116,118,174,184,174,208,134,134,211,223,167,174,139,163,231,246,0
SH-Q5012,DP11,No peaks,No peaks,127,130,204,224,106,118,172,192,174,208,134,154,205,223,156,156,131,139,246,246,0
SH-Q5013,DP11,174,178,118,139,222,222,118,128,174,184,172,172,144,156,208,223,167,176,143,143,225,231,0
SH-Q5014,DP11,158,186,127,139,204,224,116,116,172,174,174,174,134,134,205,223,176,176,131,131,231,231,0
SH-Q5015,DP11,166,172,124,127,222,222,116,118,156,184,168,182,134,163,208,211,158,177,131,131,231,240,0
SH-Q5016,DP11,158,158,118,139,220,222,106,124,174,184,160,204,134,159,211,211,176,176,143,153,225,243,0
SH-Q5017,DP11,196,200,118,127,220,222,116,118,174,182,172,174,134,156,205,211,167,176,143,153,225,231,0
SH-Q5018,DP11,184,194,118,139,224,224,116,118,174,184,174,190,134,134,205,208,167,176,131,153,228,231,0
SH-Q5019,DP11,182,200,118,127,220,220,116,124,174,182,174,192,134,134,205,223,152,177,145,145,225,246,0
SH-Q5020,DP11,170,178,118,139,222,222,106,124,174,174,160,190,154,159,211,223,159,167,143,143,231,243,0
SH-Q5021,DP11,202,202,127,130,204,222,106,116,174,174,174,192,134,156,211,223,176,177,131,143,225,246,0
SH-Q5022,DP11,158,158,118,139,220,222,106,118,174,184,190,200,154,154,211,211,176,176,131,143,231,243,0
SH-Q5023,DP11,162,174,139,139,204,204,116,124,172,172,174,202,134,154,208,211,174,177,131,147,246,246,0
SH-Q5024,DP11,180,180,127,139,222,222,124,124,172,174,160,192,134,134,208,208,154,177,131,131,243,246,0
SH-Q5025,DP11,168,176,118,127,222,222,108,108,182,182,172,200,154,169,211,223,154,178,131,143,231,243,0
SH-Q5026,DP11,168,190,118,127,222,222,108,116,182,182,172,172,154,169,211,211,158,158,131,145,231,243,0
SH-Q5027,DP11,160,176,118,130,204,224,106,108,182,184,160,176,138,159,208,208,177,178,131,163,243,243,0
SH-Q5028,DP11,176,178,127,139,222,222,116,116,174,174,160,192,134,159,205,223,154,178,131,143,243,246,0
SH-Q5029,DP11,172,188,127,139,222,224,106,118,156,174,172,182,154,163,211,214,158,179,131,141,231,240,0
SH-Q5030,DP11,164,196,127,139,222,224,106,106,184,186,184,202,134,134,208,208,154,154,131,153,231,243,0
SH-Q5031,DP11,176,196,118,127,220,222,118,124,184,190,172,204,134,134,211,223,163,176,143,155,231,231,0
SH-Q5032,DP11,172,176,127,139,204,222,106,124,174,184,182,206,134,134,205,211,158,158,131,131,231,243,0
SH-Q5033,DP11,164,168,124,127,222,222,124,124,174,182,172,174,148,169,211,226,158,177,129,131,231,243,0
SH-Q5034,DP11,180,196,139,139,222,224,108,124,174,184,172,174,134,159,205,208,152,154,141,145,231,246,0
SH-Q5035,DP11,186,186,118,133,204,220,106,118,172,182,172,174,154,156,211,211,154,158,129,143,231,246,0
SH-Q5036,DP11,172,172,136,139,224,224,106,106,174,174,174,174,154,154,205,211,154,177,145,161,225,225,0
SH-Q5037,DP11,164,206,124,127,222,224,106,124,156,174,172,172,134,152,205,211,158,161,131,153,225,243,0
SH-Q5038,DP11,164,192,127,136,204,222,106,108,184,184,182,202,134,134,208,211,154,176,131,143,231,243,0
SH-Q5039,DP11,182,182,118,127,220,222,116,118,172,184,168,172,134,134,205,223,163,177,131,143,231,240,0
SH-Q5040,DP11,158,204,118,130,204,222,106,124,172,174,160,192,156,159,211,211,159,174,131,143,243,246,0
SH-Q5041,DP07,NA,NA,NA,NA,NA,NA,NA,NA,174,182,NA,NA,134,154,208,211,158,159,143,143,231,231,NA
SH-Q5042,DP07,NA,NA,NA,NA,NA,NA,NA,NA,172,184,NA,NA,134,148,208,211,178,179,131,131,231,231,NA
SH-Q5043,DP07,NA,NA,NA,NA,NA,NA,NA,NA,184,184,NA,NA,134,154,211,211,158,158,135,155,225,243,NA
SH-Q5044,DP07,NA,NA,NA,NA,NA,NA,NA,NA,156,184,NA,NA,134,152,211,214,158,158,131,147,231,243,NA
SH-Q5045,DP07,NA,NA,NA,NA,NA,NA,NA,NA,172,182,NA,NA,154,154,205,211,154,154,129,131,225,243,NA
SH-Q5046,DP07,NA,NA,NA,NA,NA,NA,NA,NA,174,182,NA,NA,138,169,205,211,158,178,117,131,222,243,NA
SH-Q5070,DP01,186,194,118,127,222,222,116,116,174,184,172,174,134,150,205,223,159,167,143,143,231,246,0
SH-Q5331,DP01,186,190,127,133,224,224,124,124,176,176,172,174,134,154,205,205,154,156,119,131,243,243,0
SH-Q5332,DP01,188,194,133,139,220,224,106,124,174,176,172,174,144,156,208,208,176,176,131,133,225,253,0
SH-Q5333,DP01,164,182,124,133,222,224,124,124,172,174,168,172,154,156,211,211,159,178,131,131,243,253,0
SH-Q5334,DP01,146,168,118,139,222,224,106,126,172,176,172,174,134,154,205,211,156,177,119,155,243,243,0
SH-Q5335,DP01,164,184,127,127,204,222,106,124,176,184,172,176,134,154,211,223,154,154,131,131,225,243,0
SH-Q5336,DP01,146,158,136,139,222,226,106,124,174,184,172,178,154,159,211,211,172,174,131,131,225,246,0
SH-Q5337,DP01,Too many alleles,Too many alleles,Too many alleles,Too many alleles,222,222,106,106,174,186,Too many alleles,Too many alleles,Too many alleles,Too many alleles,211,214,170,176,Too many alleles,Too many alleles,225,243,5
SH-Q5338,DP01,128,170,136,139,204,222,118,124,172,184,174,192,134,134,208,211,167,177,131,143,231,246,0
SH-Q5339,DP01,182,182,127,139,222,224,118,124,182,184,172,174,134,154,208,211,154,154,131,147,231,243,0
SH-Q5340,DP01,180,180,130,139,220,222,116,118,174,182,168,168,134,154,211,223,159,177,143,143,231,243,0
SH-Q5524,DP08,174,178,130,139,224,224,106,124,174,192,174,174,134,148,211,211,159,178,131,131,243,243,0
SH-Q5525,DP08,172,174,118,139,222,224,113,126,184,184,160,168,134,183,205,211,158,177,163,163,225,231,0
SH-Q5526,DP08,186,188,118,127,224,224,106,124,176,192,174,212,134,156,208,211,156,170,119,129,225,225,0
SH-Q5527,DP08,174,190,130,130,222,224,124,124,184,184,174,174,134,156,205,211,154,159,131,147,225,231,0
SH-Q5528,DP08,170,186,127,133,222,222,106,124,174,182,168,174,134,134,205,211,156,178,135,163,231,231,0
SH-Q5537,DP08,128,128,118,130,220,224,124,124,174,176,160,168,134,134,205,211,173,178,143,153,231,246,0
SH-Q5538,DP08,128,128,118,127,222,230,108,124,182,184,174,174,134,148,205,211,154,161,135,155,243,243,0
SH-Q5539,DP08,188,198,133,139,220,224,106,124,174,176,172,174,144,156,208,208,176,176,131,133,225,253,0
SH-Q5540,DP08,166,180,130,130,224,224,106,124,174,176,174,174,134,134,205,211,176,177,131,135,243,243,0
SH-Q5541,DP08,184,186,118,133,222,222,106,126,184,184,174,188,156,159,211,211,156,156,135,155,225,225,0
SH-Q5542,DP08,184,186,118,133,222,222,106,126,184,184,174,188,156,159,211,211,156,156,135,155,225,225,0
SH-Q5543,DP08,184,186,118,133,222,222,106,126,184,184,174,188,156,159,211,211,156,156,135,155,225,225,0
SH-Q5544,DP08,180,186,130,133,224,224,106,124,176,176,160,174,134,156,208,208,176,178,131,131,225,231,0
SH-Q5545,DP08,184,190,127,133,224,224,124,124,176,176,172,174,134,154,205,205,154,156,119,131,243,243,0
SH-Q5546,DP08,128,184,118,127,222,222,116,124,182,184,174,174,134,134,205,211,158,177,131,163,231,231,0
SH-Q5547,DP08,170,186,127,133,222,222,106,124,174,182,168,174,134,134,205,211,156,178,135,163,231,231,0
SH-Q5548,DP08,172,174,133,139,222,224,106,106,174,182,172,172,156,156,205,223,156,178,131,135,253,253,0
SH-Q5549,DP08,172,190,133,139,204,224,106,124,176,176,184,200,154,154,208,208,159,178,131,159,225,246,0
SH-Q5550,DP08,146,172,127,139,220,220,108,124,174,174,188,196,154,156,208,211,156,178,131,131,225,225,0
SH-Q5551,DP08,186,188,118,127,224,224,106,124,176,192,174,212,134,156,208,211,156,170,119,129,225,225,0
SH-Q5552,DP08,164,166,118,130,222,224,124,124,176,182,160,168,134,138,205,205,156,158,119,163,225,246,0
SH-Q5553,DP08,146,172,127,139,220,220,108,124,174,174,188,196,154,156,208,211,156,178,131,131,225,225,0
SH-Q5554,DP08,154,174,118,133,220,222,106,106,174,182,172,174,134,156,205,208,178,178,131,135,231,253,0
SH-Q5555,DP08,154,186,133,133,222,222,106,106,174,182,172,174,134,156,205,211,156,178,131,135,231,253,0
SH-Q5556,DP08,166,166,139,139,204,220,106,106,176,192,172,174,134,156,205,205,156,156,135,135,231,231,0
SH-Q5557,DP08,180,180,127,130,220,224,106,116,174,176,168,174,134,159,205,208,158,178,131,131,231,231,0
SH-Q5558,DP08,186,188,118,127,224,224,106,124,176,192,174,212,134,156,208,211,156,170,119,129,225,225,0
SH-Q5559,DP08,184,186,118,133,222,222,106,126,184,184,174,188,156,159,211,211,156,156,135,155,225,225,0
SH-Q5560,DP08,172,184,118,130,222,224,106,113,184,192,160,172,134,154,211,211,158,158,133,165,225,243,0
SH-Q5561,DP08,166,186,127,127,222,222,124,126,186,198,168,174,148,185,205,208,158,177,129,131,231,243,0
SH-Q5562,DP08,146,166,139,139,204,222,106,124,176,184,172,192,154,156,205,205,156,156,131,135,231,231,0
SH-Q5563,DP08,170,186,127,133,222,222,106,124,174,182,168,174,134,134,205,211,156,178,135,163,231,231,0
SH-Q5564,DP08,170,186,118,118,224,224,106,108,176,176,168,174,156,156,205,208,161,170,119,135,225,231,0
SH-Q5565,DP08,186,188,118,127,224,224,106,124,176,192,Too many alleles,Too many alleles,134,156,208,211,156,170,119,129,225,225,1
SH-Q5566,DP08,166,166,139,139,204,220,106,106,176,192,172,174,134,156,205,205,156,156,135,135,231,231,0
SH-Q5567,DP08,146,168,118,139,222,224,106,126,172,176,172,174,134,154,205,211,156,177,119,155,243,243,0
SH-Q5568,DP08,128,166,139,139,204,204,106,108,172,172,160,192,156,156,223,223,176,178,131,145,246,246,0
SH-Q5569,DP08,188,188,127,136,204,224,108,124,174,182,172,174,134,154,205,208,158,174,131,167,225,243,0
SH-Q5570,DP08,180,180,127,136,204,224,108,124,174,182,172,174,134,142,205,208,158,174,131,167,225,243,0
SH-Q5571,DP08,162,192,118,139,204,222,124,124,172,174,170,192,134,154,208,223,161,167,131,147,246,249,0
SH-Q5572,DP08,158,198,118,136,204,204,118,124,172,182,160,170,134,134,211,223,167,180,131,131,225,246,0
SH-Q5573,DP08,128,156,124,139,220,222,106,108,172,184,168,206,150,156,223,223,161,174,131,141,231,246,0
SH-Q5574,DP08,178,178,127,139,222,222,118,118,174,184,192,206,134,156,205,211,152,156,131,143,246,246,0
SH-Q5575,DP08,128,128,127,139,220,222,106,116,174,182,168,194,144,154,208,223,158,167,127,131,231,258,0
SH-Q5576,DP08,128,188,136,139,204,222,122,124,182,184,174,174,134,154,205,211,158,167,131,165,225,231,0
SH-Q5577,DP08,158,182,124,127,204,204,106,116,172,184,160,188,134,154,205,211,158,176,143,147,231,246,0
SH-Q5578,DP08,170,180,118,139,204,220,116,118,172,174,168,192,134,154,208,211,154,161,131,131,243,246,0
SH-Q5579,DP08,178,178,130,130,204,222,118,124,172,174,168,192,134,154,208,223,177,178,143,143,231,243,0
SH-Q5580,DP08,146,172,127,130,222,222,124,124,174,184,174,188,134,154,205,208,158,161,131,145,231,240,0
SH-Q5581,DP08,174,178,127,130,220,222,118,124,174,188,190,192,134,154,211,223,159,159,127,143,228,231,0
SH-Q5582,DP08,170,170,139,139,204,204,108,118,172,172,168,192,134,144,205,208,146,177,127,131,243,246,0
SH-Q5583,DP08,158,188,127,139,204,224,116,124,172,182,160,174,134,159,205,223,176,176,131,143,231,243,0
SH-Q5584,DP08,170,170,118,118,204,220,106,118,172,184,200,204,134,154,211,211,154,177,131,153,225,243,0
SH-Q5585,DP08,162,196,118,139,204,222,124,124,172,174,170,192,134,154,208,223,161,167,131,147,246,249,0
SH-Q5586,DP08,170,178,118,139,204,220,116,118,172,174,168,192,134,154,208,211,154,161,131,131,243,246,0
SH-Q5587,DP08,172,172,127,139,224,224,108,116,174,174,174,208,134,134,205,205,154,158,131,131,231,231,0
SH-Q5588,DP08,164,164,118,130,204,222,116,118,172,174,172,218,150,154,211,223,154,158,145,153,243,246,0
SH-Q5589,DP08,192,192,130,139,204,204,106,118,172,184,174,198,134,154,208,223,156,156,117,131,246,246,0
SH-Q5590,DP08,170,178,130,139,204,224,106,118,184,192,174,208,134,154,205,223,156,174,117,139,240,246,0
SH-Q5591,DP08,146,196,130,130,204,224,108,116,172,174,160,174,134,157,205,208,158,174,131,143,231,246,0
SH-Q5592,DP08,174,180,127,130,220,222,118,124,174,188,190,192,134,154,211,223,159,177,127,143,228,231,0
SH-Q5593,DP08,198,202,124,139,222,224,108,118,184,184,160,174,134,159,205,208,154,167,141,143,243,246,0
SH-Q5594,DP08,172,196,118,139,204,224,106,118,172,192,160,168,134,154,223,223,158,178,131,147,243,246,0
SH-Q5595,DP08,156,188,139,139,220,224,106,124,174,182,160,192,134,134,205,208,174,176,131,131,246,246,0
SH-Q5596,DP08,Too many alleles,Too many alleles,124,139,220,222,106,108,174,184,Too many alleles,Too many alleles,134,152,Too many alleles,Too many alleles,177,178,131,131,Too many alleles,Too many alleles,4
SH-Q5597,DP08,158,182,124,127,204,204,106,116,172,184,160,188,134,154,205,211,158,176,143,147,231,246,0
SH-Q5598,DP08,188,188,118,136,222,224,106,124,184,192,172,188,134,152,223,223,158,167,131,147,225,231,0
SH-Q5599,DP08,188,188,127,136,204,224,108,124,174,182,172,174,134,154,205,208,158,174,131,167,225,243,0
SH-Q5600,DP08,174,178,118,142,204,224,106,124,174,182,168,172,144,156,205,208,154,156,131,131,243,243,0
SH-Q5601,DP08,176,176,130,136,204,222,106,108,182,184,172,176,134,138,208,223,154,178,131,131,231,243,0
SH-Q5602,DP08,176,176,130,136,204,222,106,108,182,184,172,176,134,138,208,223,154,178,131,131,231,243,0
SH-Q5603,DP08,182,196,139,139,222,224,108,108,174,184,160,174,134,157,205,208,154,167,131,131,231,246,0
SH-Q5604,DP08,128,128,127,139,220,222,106,116,174,182,168,194,144,154,208,223,158,167,127,131,231,258,0
SH-Q5605,DP08,158,170,118,139,204,224,116,118,172,182,168,174,134,154,205,223,176,176,143,143,231,246,0
SH-Q5606,DP08,170,170,118,118,204,220,106,118,172,184,198,200,134,154,211,211,154,177,131,153,225,243,0
SH-Q5607,DP08,128,128,127,139,220,222,106,116,174,182,168,194,144,154,208,223,158,167,127,131,231,258,0
SH-Q5608,DP08,170,178,118,139,204,220,116,118,172,174,168,192,134,154,208,211,154,161,131,131,243,246,0
SH-Q5609,DP08,158,200,124,139,222,224,106,124,184,184,160,200,134,159,208,223,154,176,131,134,225,243,0
SH-Q5610,DP08,156,184,Too many alleles,Too many alleles,222,222,Too many alleles,Too many alleles,184,190,Too many alleles,Too many alleles,134,154,Too many alleles,Too many alleles,Too many alleles,Too many alleles,Too many alleles,Too many alleles,231,243,6
SH-Q5611,DP08,156,160,118,127,204,220,116,124,172,188,172,188,134,156,205,208,156,158,143,147,231,243,0
SH-Q5612,DP08,160,190,118,139,222,224,106,118,184,184,172,190,134,134,211,214,158,161,131,131,243,243,0
SH-Q5613,DP08,156,174,127,127,222,222,118,124,182,184,172,184,134,152,205,223,165,172,131,131,231,243,0
SH-Q5614,DP08,166,172,127,139,204,222,124,124,172,184,188,192,134,148,205,205,158,158,137,143,225,231,0
SH-Q5615,DP08,160,172,118,136,222,222,116,118,156,184,172,212,134,156,205,223,154,158,131,155,231,231,0
SH-Q5616,DP08,160,172,118,136,222,222,116,118,156,184,172,212,134,156,205,223,154,158,131,155,231,231,0
SH-Q5617,DP08,160,166,118,127,204,222,108,124,172,174,188,210,134,134,205,205,158,161,131,143,231,243,0
SH-Q5618,DP08,Too many alleles,Too many alleles,Too many alleles,Too many alleles,204,222,Too many alleles,Too many alleles,Too many alleles,Too many alleles,172,194,Too many alleles,Too many alleles,205,211,171,173,Too many alleles,Too many alleles,231,243,6
