Extraction Tube #,Species - specific epithet,Tissue_ID,TCB_ID,Date Collected,Date Extracted,Name of Researcher,Preservation Method,Grinding Method,Leaf Prep,Extraction Method,Kit Lot #,Tissue Weight,Qubit conc (ng/uL),Qubit Reading Tube B - if applicable,Diluted?,Nanodrop conc (ng/uL),,A260,A280,260/280,Difference from ideal (1.8-260/280),260/230,Difference from ideal (2.1-260/230),Initial Volume,Gel Image File,Gel Image File Tube B - if applicable,Gel Brightness,Gel Smear,Dilution/Aliquot,Trial Name,Notes
SH-Q3276,brandegeei,QUBR_SD_074,TCB-05225,09/23,05/10/24,A. Hamilton,silica,FastPrep - 30 sec @ 6.0m/s,Scissors,EZNA,Consolidated,0.028,51,,,,,,,,,,,,,,,,,,Used up for primer + MP testing 
SH-Q3277,brandegeei,QUBR_SD_020,TCB-05248,09/23,05/10/24,A. Hamilton,silica,FastPrep - 30 sec @ 6.0m/s,Scissors,EZNA,Consolidated,0.027,55,,,,,,,,,,,,,,,,,,Used up for primer + MP testing 
SH-Q3278,brandegeei,QUBR_SD_016,TCB-05161,09/23,05/10/24,A. Hamilton,silica,FastPrep - 30 sec @ 6.0m/s,Scissors,EZNA,Consolidated,0.030,45,,,,,,,,,,,,,,,,,,Used up for primer + MP testing 
SH-Q3279,brandegeei,QUBR_SD_190,TCB-05097,09/23,05/10/24,A. Hamilton,silica,FastPrep - 30 sec @ 6.0m/s,Scissors,EZNA,Consolidated,0.028,41.7,,,,,,,,,,,,,,,,,,Used up for primer + MP testing 
SH-Q3280,brandegeei,QUBR_LC_033,TCB-04906,09/23,05/10/24,A. Hamilton,silica,FastPrep - 30 sec @ 6.0m/s,Scissors,EZNA,Consolidated,0.033,42.6,,,,,,,,,,,,,,,,,,Used up for primer + MP testing 
SH-Q3281,brandegeei,QUBR_LC_187,TCB-04955,09/23,05/10/24,A. Hamilton,silica,FastPrep - 30 sec @ 6.0m/s,Scissors,EZNA,Consolidated,0.032,27.2,,,,,,,,,,,,,,,,,,Used up for primer + MP testing 
SH-Q3282,brandegeei,QUBR_LC_084,TCB-04907,09/23,05/10/24,A. Hamilton,silica,FastPrep - 30 sec @ 6.0m/s,Scissors,EZNA,Consolidated,0.032,48.2,,,,,,,,,,,,,,,,,,Used up for primer + MP testing 
SH-Q3283,brandegeei,QUBR_LM_024,TCB-04772,09/23,05/10/24,A. Hamilton,silica,FastPrep - 30 sec @ 6.0m/s,Scissors,EZNA,Consolidated,0.027,36.5,,,,,,,,,,,,,,,,,,Used up for primer + MP testing 
SH-Q3284,brandegeei,QUBR_LM_206,TCB-04725,09/23,05/10/24,A. Hamilton,silica,FastPrep - 30 sec @ 6.0m/s,Scissors,EZNA,Consolidated,0.028,43.3,,,,,,,,,,,,,,,,,,Used up for primer + MP testing 
SH-Q3285,brandegeei,QUBR_2022_0168,TCB-05323,09/23,05/10/24,A. Hamilton,silica,FastPrep - 30 sec @ 6.0m/s,Scissors,EZNA,Consolidated,0.024,36.5,,,,,,,,,,,,,,,,,,
SH-Q3286,brandegeei,QUBR_2022_0108,TCB-05324,09/23,05/10/24,A. Hamilton,silica,FastPrep - 30 sec @ 6.0m/s,Scissors,EZNA,Consolidated,0.026,40.8,,,,,,,,,,,,,,,,,,
SH-Q3287,brandegeei,QUBR_2022_0499,TCB-05325,09/23,05/10/24,A. Hamilton,silica,FastPrep - 30 sec @ 6.0m/s,Scissors,EZNA,Consolidated,0.022,44.7,,,,,,,,,,,,,,,,,,
SH-Q3288,brandegeei,QUBR_2022_0288,TCB-05326,09/23,05/10/24,A. Hamilton,silica,FastPrep - 30 sec @ 6.0m/s,Scissors,EZNA,Consolidated,0.023,>60,,,,,,,,,,,,,,,,,,
SH-Q3289,brandegeei,QUBR_2022_0481,TCB-05327,09/23,05/10/24,A. Hamilton,silica,FastPrep - 30 sec @ 6.0m/s,Scissors,EZNA,Consolidated,0.024,44.7,,,,,,,,,,,,,,,,,,
SH-Q3290,brandegeei,QUBR_2022_0193,TCB-05328,09/23,05/10/24,A. Hamilton,silica,FastPrep - 30 sec @ 6.0m/s,Scissors,EZNA,Consolidated,0.031,50,,,,,,,,,,,,,,,,,,
SH-Q3291,brandegeei,QUBR_LM_157,TCB-04653,09/23,5/30/2024,R. Wanger,silica,FastPrep - 30 sec @ 6.0m/s,Scissors,EZNA,Consolidated,0.034,34.1,,,,,,,,,,,,,,,,,,
SH-Q3292,brandegeei,QUBR_LM_194,TCB-04655,09/23,5/30/2024,R. Wanger,silica,FastPrep - 30 sec @ 6.0m/s,Scissors,EZNA,Consolidated,0.027,54.0,,,,,,,,,,,,,,,,,,
SH-Q3293,brandegeei,QUBR_LM_021,TCB-04656,09/23,5/30/2024,R. Wanger,silica,FastPrep - 30 sec @ 6.0m/s,Scissors,EZNA,Consolidated,0.037,>60.0,,,,,,,,,,,,,,,,,,
SH-Q3294,brandegeei,QUBR_LM_046,TCB-04657,09/23,5/30/2024,R. Wanger,silica,FastPrep - 30 sec @ 6.0m/s,Scissors,EZNA,Consolidated,0.028,>60.0,,,,,,,,,,,,,,,,,,
SH-Q3295,brandegeei,QUBR_LM_186,TCB-04658,09/23,5/30/2024,R. Wanger,silica,FastPrep - 30 sec @ 6.0m/s,Scissors,EZNA,Consolidated,0.035,46.0,,,,,,,,,,,,,,,,,,
SH-Q3296,brandegeei,QUBR_LM_116,TCB-04663,09/23,5/30/2024,R. Wanger,silica,FastPrep - 30 sec @ 6.0m/s,Scissors,EZNA,Consolidated,0.039,47.8,,,,,,,,,,,,,,,,,,
SH-Q3297,brandegeei,QUBR_LM_155,TCB-04678,09/23,5/30/2024,R. Wanger,silica,FastPrep - 30 sec @ 6.0m/s,Scissors,EZNA,Consolidated,0.027,51.0,,,,,,,,,,,,,,,,,,Used up for primer + MP testing 
SH-Q3298,brandegeei,QUBR_LM_170,TCB-04687,09/23,5/30/2024,R. Wanger,silica,FastPrep - 30 sec @ 6.0m/s,Scissors,EZNA,Consolidated,0.031,46.9,,,,,,,,,,,,,,,,,,
SH-Q3299,brandegeei,QUBR_LM_154,TCB-04690,09/23,5/30/2024,R. Wanger,silica,FastPrep - 30 sec @ 6.0m/s,Scissors,EZNA,Consolidated,0.026,49.4,,,,,,,,,,,,,,,,,,
SH-Q3300,brandegeei,QUBR_LM_161,TCB-04692,09/23,5/30/2024,R. Wanger,silica,FastPrep - 30 sec @ 6.0m/s,Scissors,EZNA,Consolidated,0.026,43.2,,,,,,,,,,,,,,,,,,
SH-Q3301,brandegeei,QUBR_LM_218,TCB-04712,09/23,5/31/2024,R. Wanger,silica,FastPrep - 30 sec @ 6.0m/s,Scissors,EZNA,Consolidated,0.031,46.7,,,,,,,,,,,,,,,,,,
SH-Q3302,brandegeei,QUBR_LM_165,TCB-04713,09/23,5/31/2024,R. Wanger,silica,FastPrep - 30 sec @ 6.0m/s,Scissors,EZNA,Consolidated,0.028,34.4,,,,,,,,,,,,,,,,,,
SH-Q3303,brandegeei,QUBR_LM_153,TCB-04716,09/23,5/31/2024,R. Wanger,silica,FastPrep - 30 sec @ 6.0m/s,Scissors,EZNA,Consolidated,0.031,56,,,,,,,,,,,,,,,,,,
SH-Q3304,brandegeei,QUBR_LM_160,TCB-04722,09/23,5/31/2024,R. Wanger,silica,FastPrep - 30 sec @ 6.0m/s,Scissors,EZNA,Consolidated,0.035,34.8,,,,,,,,,,,,,,,,,,
SH-Q3305,brandegeei,QUBR_LM_222,TCB-04723,09/23,5/31/2024,R. Wanger,silica,FastPrep - 30 sec @ 6.0m/s,Scissors,EZNA,Consolidated,0.031,47.8,,,,,,,,,,,,,,,,,,
SH-Q3306,brandegeei,QUBR_LM_206,TCB-04725,09/23,5/31/2024,R. Wanger,silica,FastPrep - 30 sec @ 6.0m/s,Scissors,EZNA,Consolidated,0.032,45.2,,,,,,,,,,,,,,,,,,
SH-Q3307,brandegeei,QUBR_LM_024,TCB-04772,09/23,5/31/2024,R. Wanger,silica,FastPrep - 30 sec @ 6.0m/s,Scissors,EZNA,Consolidated,0.030,48,,,,,,,,,,,,,,,,,,
SH-Q3308,brandegeei,QUBR_LM_201,TCB-04778,09/23,5/31/2024,R. Wanger,silica,FastPrep - 30 sec @ 6.0m/s,Scissors,EZNA,Consolidated,0.034,46.4,,,,,,,,,,,,,,,,,,
SH-Q3309,brandegeei,QUBR_LM_199,TCB-04788,09/23,5/31/2024,R. Wanger,silica,FastPrep - 30 sec @ 6.0m/s,Scissors,EZNA,Consolidated,0.033,46.2,,,,,,,,,,,,,,,,,,
SH-Q3310,brandegeei,QUBR_LM_011,TCB-04796,09/23,5/31/2024,R. Wanger,silica,FastPrep - 30 sec @ 6.0m/s,Scissors,EZNA,Consolidated,0.035,56,,,,,,,,,,,,,,,,,,
SH-Q3311,brandegeei,QUBR_LM_223,TCB-04802,09/23,5/31/2024,R. Wanger,silica,FastPrep - 30 sec @ 6.0m/s,Scissors,EZNA,Consolidated,0.034,>60,,,,,,,,,,,,,,,,,,
SH-Q3312,brandegeei,QUBR_LM_191,TCB-04807,09/23,5/31/2024,R. Wanger,silica,FastPrep - 30 sec @ 6.0m/s,Scissors,EZNA,Consolidated,0.033,52,,,,,,,,,,,,,,,,,,
SH-Q3313,brandegeei,QUBR_LM_224,TCB-04814,09/23,5/31/2024,R. Wanger,silica,FastPrep - 30 sec @ 6.0m/s,Scissors,EZNA,Consolidated,0.022,53,,,,,,,,,,,,,,,,,,
SH-Q3314,brandegeei,QUBR_LM_068,TCB-04829,09/23,5/31/2024,R. Wanger,silica,FastPrep - 30 sec @ 6.0m/s,Scissors,EZNA,Consolidated,0.028,>60,,,,,,,,,,,,,,,,,,
SH-Q3315,brandegeei,QUBR_LM_007,TCB-04842,09/23,5/31/2024,R. Wanger,silica,FastPrep - 30 sec @ 6.0m/s,Scissors,EZNA,Consolidated,0.035,60,,,,,,,,,,,,,,,,,,
SH-Q3316,brandegeei,QUBR_LM_052,TCB-04850,09/23,5/31/2024,R. Wanger,silica,FastPrep - 30 sec @ 6.0m/s,Scissors,EZNA,Consolidated,0.038,34.4,,,,,,,,,,,,,,,,,,
SH-Q3317,brandegeei,QUBR_LM_083,TCB-04870,09/23,5/31/2024,R. Wanger,silica,FastPrep - 30 sec @ 6.0m/s,Scissors,EZNA,Consolidated,0.032,,,,100.0,,,,1.70,,1.05,,,,,,,,,
SH-Q3318,brandegeei,QUBR_LM_163,TCB-04872 ,09/23,5/31/2024,R. Wanger,silica,FastPrep - 30 sec @ 6.0m/s,Scissors,EZNA,Consolidated,0.035,,,,85.7,,,,1.68,,0.29,,,,,,,,,
SH-Q3319,brandegeei,QUBR_LC_177,TCB-04876 ,09/23,5/31/2024,R. Wanger,silica,FastPrep - 30 sec @ 6.0m/s,Scissors,EZNA,Consolidated,0.033,,,,76.5,,,,1.71,,0.30,,,,,,,,,
SH-Q3320,brandegeei,QUBR_LC_161,TCB-04880,09/23,5/31/2024,R. Wanger,silica,FastPrep - 30 sec @ 6.0m/s,Scissors,EZNA,Consolidated,0.038,,,,74.0,,,,1.67,,0.21,,,,,,,,,
SH-Q3321,brandegeei,QUBR_LC_044,TCB-04897 ,09/23,5/31/2024,R. Wanger,silica,FastPrep - 30 sec @ 6.0m/s,Scissors,EZNA,Consolidated,0.034,,,,68.0,,,,1.66,,0.20,,,,,,,,,
SH-Q3322,brandegeei,QUBR_LC_167,TCB-04900,09/23,6/3/2024,R. Wanger,silica,FastPrep - 30 sec @ 6.0m/s,Scissors,EZNA,Consolidated,0.033,,,,72.7,,,,1.46,,0.13,,,,,,,,,
SH-Q3323,brandegeei,QUBR_LC_083,TCB-04920 ,09/23,6/3/2024,R. Wanger,silica,FastPrep - 30 sec @ 6.0m/s,Scissors,EZNA,Consolidated,0.037,,,,40.0,,,,1.68,,0.47,,,,,,,,,
SH-Q3324,brandegeei,QUBR_LC_174,TCB-04921 ,09/23,6/3/2024,R. Wanger,silica,FastPrep - 30 sec @ 6.0m/s,Scissors,EZNA,Consolidated,0.036,,,,85.8,,,,1.55,,0.18,,,,,,,,,
SH-Q3325,brandegeei,QUBR_LC_086,TCB-04922,09/23,6/3/2024,R. Wanger,silica,FastPrep - 30 sec @ 6.0m/s,Scissors,EZNA,Consolidated,0.038,,,,66.9,,,,1.74,,0.29,,,,,,,,,
SH-Q3326,brandegeei,QUBR_LC_211,TCB-04925 ,09/23,6/3/2024,R. Wanger,silica,FastPrep - 30 sec @ 6.0m/s,Scissors,EZNA,Consolidated,0.034,,,,66.5,,,,1.78,,0.59,,,,,,,,,
SH-Q3327,brandegeei,QUBR_LC_190,TCB-04931,09/23,6/3/2024,R. Wanger,silica,FastPrep - 30 sec @ 6.0m/s,Scissors,EZNA,Consolidated,0.032,,,,58.8,,,,1.74,,0.33,,,,,,,,,
SH-Q3328,brandegeei,QUBR_LC_188,TCB-04932 ,09/23,6/3/2024,R. Wanger,silica,FastPrep - 30 sec @ 6.0m/s,Scissors,EZNA,Consolidated,0.033,,,,75.8,,,,1.47,,0.11,,,,,,,,,
SH-Q3329,brandegeei,QUBR_LC_205,TCB-04933,09/23,6/3/2024,R. Wanger,silica,FastPrep - 30 sec @ 6.0m/s,Scissors,EZNA,Consolidated,0.036,,,,77.9,,,,1.54,,0.20,,,,,,,,,
SH-Q3330,brandegeei,QUBR_LC_210,TCB-04934,09/23,6/3/2024,R. Wanger,silica,FastPrep - 30 sec @ 6.0m/s,Scissors,EZNA,Consolidated,0.031,,,,133.5,,,,1.75,,0.68,,,,,,,,,
SH-Q3331,brandegeei,QUBR_LC_183,TCB-04935,09/23,6/3/2024,R. Wanger,silica,FastPrep - 30 sec @ 6.0m/s,Scissors,EZNA,Consolidated,0.035,,,,75.7,,,,1.71,,0.59,,,,,,,,,
SH-Q3332,brandegeei,QUBR_LC_191,TCB-04939,09/23,6/3/2024,R. Wanger,silica,FastPrep - 30 sec @ 6.0m/s,Scissors,EZNA,Consolidated,0.038,,,,68.1,,,,1.63,,0.43,,,,,,,,,
SH-Q3333,brandegeei,QUBR_LC_212,TCB-04940,09/23,6/3/2024,R. Wanger,silica,FastPrep - 30 sec @ 6.0m/s,Scissors,EZNA,Consolidated,0.033,,,,87.8,,,,1.72,,0.70,,,,,,,,,
SH-Q3334,brandegeei,QUBR_LC_192,TCB-04942 ,09/23,6/3/2024,R. Wanger,silica,FastPrep - 30 sec @ 6.0m/s,Scissors,EZNA,Consolidated,0.038,,,,75.9,,,,1.53,,0.21,,,,,,,,,
SH-Q3335,brandegeei,QUBR_LC_195,TCB-04943,09/23,6/3/2024,R. Wanger,silica,FastPrep - 30 sec @ 6.0m/s,Scissors,EZNA,Consolidated,0.039,,,,73.1,,,,1.67,,0.90,,,,,,,,,
SH-Q3336,brandegeei,QUBR_LC_198,TCB-04944,09/23,6/3/2024,R. Wanger,silica,FastPrep - 30 sec @ 6.0m/s,Scissors,EZNA,Consolidated,0.035,,,,55.2,,,,1.63,,0.66,,,,,,,,,
SH-Q3337,brandegeei,QUBR_LC_202,TCB-04945,09/23,6/3/2024,R. Wanger,silica,FastPrep - 30 sec @ 6.0m/s,Scissors,EZNA,Consolidated,0.033,,,,88.9,,,,1.68,,1.11,,,,,,,,,
SH-Q3338,brandegeei,QUBR_LC_201,TCB-04947,09/23,6/3/2024,R. Wanger,silica,FastPrep - 30 sec @ 6.0m/s,Scissors,EZNA,Consolidated,0.038,,,,61.9,,,,1.72,,0.55,,,,,,,,,
SH-Q3339,brandegeei,QUBR_LC_203,TCB-04949,09/23,6/3/2024,R. Wanger,silica,FastPrep - 30 sec @ 6.0m/s,Scissors,EZNA,Consolidated,0.037,,,,54.0,,,,1.65,,0.65,,,,,,,,,
SH-Q3340,brandegeei,QUBR_LC_219,TCB-04950,09/23,6/3/2024,R. Wanger,silica,FastPrep - 30 sec @ 6.0m/s,Scissors,EZNA,Consolidated,0.033,,,,61.8,,,,1.36,,0.10,,,,,,,,,
SH-Q3341,brandegeei,QUBR_LC_206,TCB-04951,09/23,6/6/2024,R. Wanger,silica,FastPrep - 30 sec @ 6.0m/s,Scissors,EZNA,Consolidated,0.033,>60.0,,,,,,,,,,,,,,,,,,
SH-Q3342,brandegeei,QUBR_LC_185,TCB-04952,09/23,6/6/2024,R. Wanger,silica,FastPrep - 30 sec @ 6.0m/s,Scissors,EZNA,Consolidated,0.037,>60.0,,,,,,,,,,,,,,,,,,
SH-Q3343,brandegeei,QUBR_LC_184,TCB-04953,09/23,6/6/2024,R. Wanger,silica,FastPrep - 30 sec @ 6.0m/s,Scissors,EZNA,Consolidated,0.037,>60.0,,,,,,,,,,,,,,,,,,
SH-Q3344,brandegeei,QUBR_LC_209,TCB-04961,09/23,6/6/2024,R. Wanger,silica,FastPrep - 30 sec @ 6.0m/s,Scissors,EZNA,Consolidated,0.036,>60.0,,,,,,,,,,,,,,,,,,
SH-Q3345,brandegeei,QUBR_LC_032,TCB-04967,09/23,6/6/2024,R. Wanger,silica,FastPrep - 30 sec @ 6.0m/s,Scissors,EZNA,Consolidated,0.039,31.5,,,,,,,,,,,,,,,,,,
SH-Q3346,brandegeei,QUBR_LC_217,TCB-04968,09/23,6/6/2024,R. Wanger,silica,FastPrep - 30 sec @ 6.0m/s,Scissors,EZNA,Consolidated,0.037,>60.0,,,,,,,,,,,,,,,,,,
SH-Q3347,brandegeei,QUBR_LC_168,TCB-04969,09/23,6/6/2024,R. Wanger,silica,FastPrep - 30 sec @ 6.0m/s,Scissors,EZNA,Consolidated,0.039,46.9,,,,,,,,,,,,,,,,,,
SH-Q3348,brandegeei,QUBR_LC_176,TCB-04973,09/23,6/6/2024,R. Wanger,silica,FastPrep - 30 sec @ 6.0m/s,Scissors,EZNA,Consolidated,0.036,51,,,,,,,,,,,,,,,,,,
SH-Q3349,brandegeei,QUBR_LC_172,TCB-04977,09/23,6/6/2024,R. Wanger,silica,FastPrep - 30 sec @ 6.0m/s,Scissors,EZNA,Consolidated,0.035,>60.0,,,,,,,,,,,,,,,,,,
SH-Q3350,brandegeei,QUBR_LC_102,TCB-04989,09/23,6/6/2024,R. Wanger,silica,FastPrep - 30 sec @ 6.0m/s,Scissors,EZNA,Consolidated,0.033,51,,,,,,,,,,,,,,,,,,
SH-Q3351,brandegeei,QUBR_LC_170,TCB-04990,09/23,6/6/2024,R. Wanger,silica,FastPrep - 30 sec @ 6.0m/s,Scissors,EZNA,Consolidated,0.036,>60.0,,,,,,,,,,,,,,,,,,
SH-Q3352,brandegeei,QUBR_LC_171,TCB-04991,09/23,6/6/2024,R. Wanger,silica,FastPrep - 30 sec @ 6.0m/s,Scissors,EZNA,Consolidated,0.034,>60.0,,,,,,,,,,,,,,,,,,
SH-Q3353,brandegeei,QUBR_LC_051,TCB-05035,09/23,6/6/2024,R. Wanger,silica,FastPrep - 30 sec @ 6.0m/s,Scissors,EZNA,Consolidated,0.036,53,,,,,,,,,,,,,,,,,,
SH-Q3354,brandegeei,QUBR_SD_175,TCB-05096,09/23,6/6/2024,R. Wanger,silica,FastPrep - 30 sec @ 6.0m/s,Scissors,EZNA,Consolidated,0.038,>60.0,,,,,,,,,,,,,,,,,,
SH-Q3355,brandegeei,QUBR_SD_193,TCB-05098,09/23,6/6/2024,R. Wanger,silica,FastPrep - 30 sec @ 6.0m/s,Scissors,EZNA,Consolidated,0.028,>60.0,,,,,,,,,,,,,,,,,,
SH-Q3356,brandegeei,QUBR_SD_211,TCB-05110,09/23,6/6/2024,R. Wanger,silica,FastPrep - 30 sec @ 6.0m/s,Scissors,EZNA,Consolidated,0.037,48.6,,,,,,,,,,,,,,,,,,
SH-Q3357,brandegeei,QUBR_SD_209,TCB-05112,09/23,6/6/2024,R. Wanger,silica,FastPrep - 30 sec @ 6.0m/s,Scissors,EZNA,Consolidated,0.029,48,,,,,,,,,,,,,,,,,,
SH-Q3358,brandegeei,QUBR_SD_166,TCB-05115,09/23,6/6/2024,R. Wanger,silica,FastPrep - 30 sec @ 6.0m/s,Scissors,EZNA,Consolidated,0.039,60,,,,,,,,,,,,,,,,,,
SH-Q3359,brandegeei,QUBR_SD_157,TCB-05122,09/23,6/6/2024,R. Wanger,silica,FastPrep - 30 sec @ 6.0m/s,Scissors,EZNA,Consolidated,0.038,46.6,,,,,,,,,,,,,,,,,,
SH-Q3360,brandegeei,QUBR_SD_246,TCB-05130,09/23,6/6/2024,R. Wanger,silica,FastPrep - 30 sec @ 6.0m/s,Scissors,EZNA,Consolidated,0.038,25.8,,,,,,,,,,,,,,,,,,
SH-Q3361,brandegeei,QUBR_SD_207,TCB-05142,09/23,6/6/2024,R. Wanger,silica,FastPrep - 30 sec @ 6.0m/s,Scissors,EZNA,Consolidated,0.033,45.7,,,,,,,,,,,,,,,,,,
SH-Q3362,brandegeei,QUBR_SD_038,TCB-05162,09/23,6/6/2024,R. Wanger,silica,FastPrep - 30 sec @ 6.0m/s,Scissors,EZNA,Consolidated,0.037,51,,,,,,,,,,,,,,,,,,
SH-Q3363,brandegeei,QUBR_SD_204,TCB-05167,09/23,6/6/2024,R. Wanger,silica,FastPrep - 30 sec @ 6.0m/s,Scissors,EZNA,Consolidated,0.034,50,,,,,,,,,,,,,,,,,,
SH-Q3364,brandegeei,QUBR_SD_004,TCB-05189,09/23,6/6/2024,R. Wanger,silica,FastPrep - 30 sec @ 6.0m/s,Scissors,EZNA,Consolidated,0.033,50,,,,,,,,,,,,,,,,,,
SH-Q3365,brandegeei,QUBR_SD_206,TCB-05230,09/23,6/7/2024,M. Evans,silica,FastPrep - 30 sec @ 6.0m/s,Scissors,EZNA,Consolidated,0.032,,,,73.9,,,,1.71,,0.37,,,,,,,,,
SH-Q3366,brandegeei,QUBR_SD_134,TCB-05255,09/23,6/7/2024,M. Evans,silica,FastPrep - 30 sec @ 6.0m/s,Scissors,EZNA,Consolidated,0.031,,,,63.8,,,,1.75,,0.68,,,,,,,,,
SH-Q3367,brandegeei,QUBR_SD_073,TCB-05256,09/23,6/7/2024,M. Evans,silica,FastPrep - 30 sec @ 6.0m/s,Scissors,EZNA,Consolidated,0.033,,,,106.8,,,,1.76,,1.70,,,,,,,,,
SH-Q3368,brandegeei,QUBR_LM_015,TCB-04651,09/23,6/7/2024,M. Evans,silica,FastPrep - 30 sec @ 6.0m/s,Scissors,EZNA,Consolidated,0.025,,,,52.1,,,,1.70,,0.82,,,,,,,,,
SH-Q3369,brandegeei,QUBR_LM_140,TCB-04652,09/23,6/7/2024,M. Evans,silica,FastPrep - 30 sec @ 6.0m/s,Scissors,EZNA,Consolidated,0.030,,,,102.8,,,,1.69,,0.26,,,,,,,,,
SH-Q3370,brandegeei,QUBR_LM_150,TCB-04654,09/23,6/7/2024,M. Evans,silica,FastPrep - 30 sec @ 6.0m/s,Scissors,EZNA,Consolidated,0.029,,,,85.3,,,,1.69,,0.73,,,,,,,,,
SH-Q3371,brandegeei,QUBR_LM_111,TCB-04659,09/23,6/7/2024,M. Evans,silica,FastPrep - 30 sec @ 6.0m/s,Scissors,EZNA,Consolidated,0.027,,,,100.5,,,,1.72,,1.49,,,,,,,,,
SH-Q3372,brandegeei,QUBR_LM_137,TCB-04660,09/23,6/7/2024,M. Evans,silica,FastPrep - 30 sec @ 6.0m/s,Scissors,EZNA,Consolidated,0.030,,,,58.3,,,,1.33,,0.17,,,,,,,,,
SH-Q3373,brandegeei,QUBR_LM_221,TCB-04661,09/23,6/7/2024,M. Evans,silica,FastPrep - 30 sec @ 6.0m/s,Scissors,EZNA,Consolidated,0.031,,,,94.4,,,,1.66,,1.32,,,,,,,,,
SH-Q3374,brandegeei,QUBR_LM_144,TCB-04662,09/23,6/7/2024,M. Evans,silica,FastPrep - 30 sec @ 6.0m/s,Scissors,EZNA,Consolidated,0.030,,,,74.5,,,,1.72,,0.99,,,,,,,,,
SH-Q3375,brandegeei,QUBR_LM_004,TCB-04664,09/23,6/7/2024,M. Evans,silica,FastPrep - 30 sec @ 6.0m/s,Scissors,EZNA,Consolidated,0.030,,,,68.0,,,,1.55,,0.23,,,,,,,,,
SH-Q3376,brandegeei,QUBR_LM_139,TCB-04665,09/23,6/7/2024,M. Evans,silica,FastPrep - 30 sec @ 6.0m/s,Scissors,EZNA,Consolidated,0.028,,,,94.2,,,,1.30,,0.14,,,,,,,,,
SH-Q3377,brandegeei,QUBR_LM_138,TCB-04666,09/23,6/7/2024,M. Evans,silica,FastPrep - 30 sec @ 6.0m/s,Scissors,EZNA,Consolidated,0.033,,,,55.7,,,,1.76,,1.32,,,,,,,,,
SH-Q3378,brandegeei,QUBR_LM_037,TCB-04667,09/23,6/7/2024,M. Evans,silica,FastPrep - 30 sec @ 6.0m/s,Scissors,EZNA,Consolidated,0.029,,,,100.2,,,,1.56,,0.24,,,,,,,,,
SH-Q3379,brandegeei,QUBR_LM_040,TCB-04668,09/23,6/7/2024,M. Evans,silica,FastPrep - 30 sec @ 6.0m/s,Scissors,EZNA,Consolidated,0.030,,,,119.0,,,,1.64,,0.81,,,,,,,,,
SH-Q3380,brandegeei,QUBR_LM_127,TCB-04669,09/23,6/7/2024,M. Evans,silica,FastPrep - 30 sec @ 6.0m/s,Scissors,EZNA,Consolidated,0.028,,,,71.0,,,,1.73,,1.22,,,,,,,,,
SH-Q3381,brandegeei,QUBR_LM_202,TCB-04670,09/23,6/7/2024,M. Evans,silica,FastPrep - 30 sec @ 6.0m/s,Scissors,EZNA,Consolidated,0.026,,,,89.8,,,,1.71,,1.39,,,,,,,,,
SH-Q3382,brandegeei,QUBR_LM_164,TCB-04671,09/23,6/7/2024,M. Evans,silica,FastPrep - 30 sec @ 6.0m/s,Scissors,EZNA,Consolidated,0.041,,,,80.9,,,,1.78,,0.99,,,,,,,,,
SH-Q3383,brandegeei,QUBR_LM_166,TCB-04672,09/23,6/7/2024,M. Evans,silica,FastPrep - 30 sec @ 6.0m/s,Scissors,EZNA,Consolidated,0.027,,,,180.8,,,,1.80,,1.52,,,,,,,,,
SH-Q3384,brandegeei,QUBR_LM_220,TCB-04673,09/23,6/7/2024,M. Evans,silica,FastPrep - 30 sec @ 6.0m/s,Scissors,EZNA,Consolidated,0.034,,,,107.2,,,,1.58,,0.30,,,,,,,,,
SH-Q3385,brandegeei,QUBR_LM_002,TCB-04674,09/23,6/7/2024,M. Evans,silica,FastPrep - 30 sec @ 6.0m/s,Scissors,EZNA,Consolidated,0.034,,,,81.3,,,,1.77,,0.82,,,,,,,,,
SH-Q3386,brandegeei,QUBR_LM_149,TCB-04675,09/23,6/7/2024,M. Evans,silica,FastPrep - 30 sec @ 6.0m/s,Scissors,EZNA,Consolidated,0.027,,,,66.7,,,,1.73,,0.56,,,,,,,,,
SH-Q3387,brandegeei,QUBR_LM_035,TCB-04676,09/23,6/7/2024,M. Evans,silica,FastPrep - 30 sec @ 6.0m/s,Scissors,EZNA,Consolidated,0.036,,,,114.2,,,,1.75,,1.60,,,,,,,,,
SH-Q3388,brandegeei,QUBR_LM_003,TCB-04677,09/23,6/7/2024,M. Evans,silica,FastPrep - 30 sec @ 6.0m/s,Scissors,EZNA,Consolidated,0.034,,,,80.1,,,,1.48,,0.15,,,,,,,,,
SH-Q3389,brandegeei,QUBR_LM_088,TCB-04679,09/23,6/7/2024,R. Wanger,silica,FastPrep - 30 sec @ 6.0m/s,Scissors,EZNA,Consolidated,0.039,,,,76.1,,,,1.72,,1.20,,,,,,,,,
SH-Q3390,brandegeei,QUBR_LM_156,TCB-04680,09/23,6/7/2024,R. Wanger,silica,FastPrep - 30 sec @ 6.0m/s,Scissors,EZNA,Consolidated,0.039,,,,80.0,,,,1.79,,0.56,,,,,,,,,
SH-Q3391,brandegeei,QUBR_LM_110,TCB-04681,09/23,6/7/2024,R. Wanger,silica,FastPrep - 30 sec @ 6.0m/s,Scissors,EZNA,Consolidated,0.033,,,,79.0,,,,1.71,,0.64,,,,,,,,,
SH-Q3392,brandegeei,QUBR_LM_023,TCB-04682,09/23,6/7/2024,R. Wanger,silica,FastPrep - 30 sec @ 6.0m/s,Scissors,EZNA,Consolidated,0.036,,,,92.9,,,,1.47,,0.24,,,,,,,,,
SH-Q3393,brandegeei,QUBR_LM_074,TCB-04683,09/23,6/7/2024,R. Wanger,silica,FastPrep - 30 sec @ 6.0m/s,Scissors,EZNA,Consolidated,0.038,,,,93.4,,,,1.70,,0.20,,,,,,,,,
SH-Q3394,brandegeei,QUBR_LM_087,TCB-04684,09/23,6/7/2024,R. Wanger,silica,FastPrep - 30 sec @ 6.0m/s,Scissors,EZNA,Consolidated,0.033,,,,76.1,,,,1.47,,0.16,,,,,,,,,
SH-Q3395,brandegeei,QUBR_LM_025,TCB-04685,09/23,6/7/2024,R. Wanger,silica,FastPrep - 30 sec @ 6.0m/s,Scissors,EZNA,Consolidated,0.037,,,,75.3,,,,1.69,,0.49,,,,,,,,,
SH-Q3396,brandegeei,QUBR_LM_162,TCB-04686,09/23,6/7/2024,R. Wanger,silica,FastPrep - 30 sec @ 6.0m/s,Scissors,EZNA,Consolidated,0.033,,,,204.9,,,,1.80,,1.06,,,,,,,,,
SH-Q3397,brandegeei,QUBR_LM_014,TCB-04688,09/23,6/7/2024,R. Wanger,silica,FastPrep - 30 sec @ 6.0m/s,Scissors,EZNA,Consolidated,0.037,,,,113.3,,,,1.74,,0.95,,,,,,,,,
SH-Q3398,brandegeei,QUBR_LM_101,TCB-04689,09/23,6/7/2024,R. Wanger,silica,FastPrep - 30 sec @ 6.0m/s,Scissors,EZNA,Consolidated,0.036,,,,60.6,,,,1.44,,0.12,,,,,,,,,
SH-Q3399,brandegeei,QUBR_LM_114,TCB-04691,09/23,6/7/2024,R. Wanger,silica,FastPrep - 30 sec @ 6.0m/s,Scissors,EZNA,Consolidated,0.039,,,,65.5,,,,1.70,,0.54,,,,,,,,,
SH-Q3400,brandegeei,QUBR_LM_158,TCB-04693,09/23,6/7/2024,R. Wanger,silica,FastPrep - 30 sec @ 6.0m/s,Scissors,EZNA,Consolidated,0.039,,,,97.8,,,,1.78,,1.28,,,,,,,,,
SH-Q3401,brandegeei,QUBR_LM_112,TCB-04694,09/23,6/7/2024,R. Wanger,silica,FastPrep - 30 sec @ 6.0m/s,Scissors,EZNA,Consolidated,0.039,,,,105.8,,,,1.73,,0.89,,,,,,,,,
SH-Q3402,brandegeei,QUBR_LM_219,TCB-04695,09/23,6/7/2024,R. Wanger,silica,FastPrep - 30 sec @ 6.0m/s,Scissors,EZNA,Consolidated,0.037,,,,51.6,,,,1.44,,0.10,,,,,,,,,
SH-Q3403,brandegeei,QUBR_LM_126,TCB-04696,09/23,6/7/2024,R. Wanger,silica,FastPrep - 30 sec @ 6.0m/s,Scissors,EZNA,Consolidated,0.038,,,,54.8,,,,1.62,,0.43,,,,,,,,,
SH-Q3404,brandegeei,QUBR_LM_117,TCB-04697,09/23,6/7/2024,R. Wanger,silica,FastPrep - 30 sec @ 6.0m/s,Scissors,EZNA,Consolidated,0.034,,,,64.1,,,,1.60,,0.17,,,,,,,,,
SH-Q3405,brandegeei,QUBR_LM_216,TCB-04698,09/23,6/7/2024,R. Wanger,silica,FastPrep - 30 sec @ 6.0m/s,Scissors,EZNA,Consolidated,0.040,,,,277.8,,,,1.61,,0.30,,,,,,,,,
SH-Q3406,brandegeei,QUBR_LM_146,TCB-04699,09/23,6/7/2024,R. Wanger,silica,FastPrep - 30 sec @ 6.0m/s,Scissors,EZNA,Consolidated,0.036,,,,81.3,,,,1.71,,0.74,,,,,,,,,
SH-Q3407,brandegeei,QUBR_LM_173,TCB-04700,09/23,6/7/2024,R. Wanger,silica,FastPrep - 30 sec @ 6.0m/s,Scissors,EZNA,Consolidated,0.038,,,,141.3,,,,1.76,,0.54,,,,,,,,,
SH-Q3408,brandegeei,QUBR_LM_185,TCB-04701,09/23,6/7/2024,R. Wanger,silica,FastPrep - 30 sec @ 6.0m/s,Scissors,EZNA,Consolidated,0.039,,,,80.4,,,,1.26,,0.11,,,,,,,,,
SH-Q3409,brandegeei,QUBR_LM_131,TCB-04702,09/23,6/7/2024,R. Wanger,silica,FastPrep - 30 sec @ 6.0m/s,Scissors,EZNA,Consolidated,0.038,,,,75.0,,,,1.67,,0.43,,,,,,,,,
SH-Q3410,brandegeei,QUBR_LM_045,TCB-04703,09/23,6/7/2024,R. Wanger,silica,FastPrep - 30 sec @ 6.0m/s,Scissors,EZNA,Consolidated,0.038,,,,143.3,,,,1.80,,1.18,,,,,,,,,
SH-Q3411,brandegeei,QUBR_LM_175,TCB-04704,09/23,6/7/2024,R. Wanger,silica,FastPrep - 30 sec @ 6.0m/s,Scissors,EZNA,Consolidated,0.040,,,,91.3,,,,1.77,,0.67,,,,,,,,,
SH-Q3412,brandegeei,QUBR_LM_113,TCB-04705,09/23,6/7/2024,R. Wanger,silica,FastPrep - 30 sec @ 6.0m/s,Scissors,EZNA,Consolidated,0.038,,,,51.9,,,,1.60,,0.17,,,,,,,,,
SH-Q3413,brandegeei,QUBR_LM_048,TCB-04706,09/23,6/18/2024,M. Evans,silica,FastPrep - 30 sec @ 6.0m/s,Scissors,EZNA,Consolidated,0.034,,,,97.9,,,,1.63,,0.27,,,,,,,,,
SH-Q3414,brandegeei,QUBR_LM_119,TCB-04707,09/23,6/18/2024,M. Evans,silica,FastPrep - 30 sec @ 6.0m/s,Scissors,EZNA,Consolidated,0.034,,,,76.5,,,,1.70,,1.08,,,,,,,,,
SH-Q3415,brandegeei,QUBR_LM_102,TCB-04708,09/23,6/18/2024,M. Evans,silica,FastPrep - 30 sec @ 6.0m/s,Scissors,EZNA,Consolidated,0.027,,,,68.5,,,,1.67,,0.95,,,,,,,,,
SH-Q3416,brandegeei,QUBR_LM_017,TCB-04709,09/23,6/18/2024,M. Evans,silica,FastPrep - 30 sec @ 6.0m/s,Scissors,EZNA,Consolidated,0.034,,,,72.0,,,,1.68,,0.34,,,,,,,,,
SH-Q3417,brandegeei,QUBR_LM_159,TCB-04710,09/23,6/18/2024,M. Evans,silica,FastPrep - 30 sec @ 6.0m/s,Scissors,EZNA,Consolidated,0.030,,,,105.2,,,,1.77,,1.15,,,,,,,,,
SH-Q3418,brandegeei,QUBR_LM_001,TCB-04711,09/23,6/18/2024,M. Evans,silica,FastPrep - 30 sec @ 6.0m/s,Scissors,EZNA,Consolidated,0.030,,,,66.9,,,,1.68,,0.40,,,,,,,,,
SH-Q3419,brandegeei,QUBR_LM_141,TCB-04714,09/23,6/18/2024,M. Evans,silica,FastPrep - 30 sec @ 6.0m/s,Scissors,EZNA,Consolidated,0.030,,,,84.0,,,,1.73,,0.72,,,,,,,,,
SH-Q3420,brandegeei,QUBR_LM_018,TCB-04715,09/23,6/18/2024,M. Evans,silica,FastPrep - 30 sec @ 6.0m/s,Scissors,EZNA,Consolidated,0.033,,,,62.6,,,,1.66,,0.33,,,,,,,,,
SH-Q3421,brandegeei,QUBR_LM_039,TCB-04717,09/23,6/18/2024,M. Evans,silica,FastPrep - 30 sec @ 6.0m/s,Scissors,EZNA,Consolidated,0.031,,,,72.2,,,,1.65,,0.20,,,,,,,,,
SH-Q3422,brandegeei,QUBR_LM_020,TCB-04718,09/23,6/18/2024,M. Evans,silica,FastPrep - 30 sec @ 6.0m/s,Scissors,EZNA,Consolidated,0.032,,,,96.9,,,,1.74,,0.81,,,,,,,,,
SH-Q3423,brandegeei,QUBR_LM_049,TCB-04719,09/23,6/18/2024,M. Evans,silica,FastPrep - 30 sec @ 6.0m/s,Scissors,EZNA,Consolidated,0.033,,,,65.9,,,,1.61,,0.40,,,,,,,,,
SH-Q3424,brandegeei,QUBR_LM_192,TCB-04720,09/23,6/18/2024,M. Evans,silica,FastPrep - 30 sec @ 6.0m/s,Scissors,EZNA,Consolidated,0.036,,,,54.2,,,,1.62,,0.92,,,,,,,,,
SH-Q3425,brandegeei,QUBR_LM_197,TCB-04721,09/23,6/18/2024,M. Evans,silica,FastPrep - 30 sec @ 6.0m/s,Scissors,EZNA,Consolidated,0.031,,,,69.9,,,,1.66,,0.84,,,,,,,,,
SH-Q3426,brandegeei,QUBR_LM_176,TCB-04724,09/23,6/18/2024,M. Evans,silica,FastPrep - 30 sec @ 6.0m/s,Scissors,EZNA,Consolidated,0.029,,,,92.1,,,,1.75,,0.39,,,,,,,,,
SH-Q3427,brandegeei,QUBR_LM_152,TCB-04726,09/23,6/18/2024,M. Evans,silica,FastPrep - 30 sec @ 6.0m/s,Scissors,EZNA,Consolidated,0.038,,,,180.2,,,,1.81,,1.03,,,,,,,,,
SH-Q3428,brandegeei,QUBR_LM_184,TCB-04727,09/23,6/18/2024,M. Evans,silica,FastPrep - 30 sec @ 6.0m/s,Scissors,EZNA,Consolidated,0.034,,,,83.4,,,,1.66,,0.37,,,,,,,,,
SH-Q3429,brandegeei,QUBR_LM_151,TCB-04728,09/23,6/18/2024,M. Evans,silica,FastPrep - 30 sec @ 6.0m/s,Scissors,EZNA,Consolidated,0.031,,,,84.3,,,,1.68,,0.53,,,,,,,,,
SH-Q3430,brandegeei,QUBR_LM_065,TCB-04729,09/23,6/18/2024,M. Evans,silica,FastPrep - 30 sec @ 6.0m/s,Scissors,EZNA,Consolidated,0.032,,,,97.8,,,,1.77,,0.90,,,,,,,,,
SH-Q3431,brandegeei,QUBR_LM_028,TCB-04730,09/23,6/18/2024,M. Evans,silica,FastPrep - 30 sec @ 6.0m/s,Scissors,EZNA,Consolidated,0.037,,,,76.7,,,,1.75,,0.57,,,,,,,,,
SH-Q3432,brandegeei,QUBR_LM_130,TCB-04731,09/23,6/18/2024,M. Evans,silica,FastPrep - 30 sec @ 6.0m/s,Scissors,EZNA,Consolidated,0.027,,,,71.2,,,,1.58,,0.64,,,,,,,,,
SH-Q3433,brandegeei,QUBR_LM_069,TCB-04732,09/23,6/18/2024,M. Evans,silica,FastPrep - 30 sec @ 6.0m/s,Scissors,EZNA,Consolidated,0.030,,,,89.5,,,,1.70,,0.52,,,,,,,,,
SH-Q3434,brandegeei,QUBR_LM_078,TCB-04733,09/23,6/18/2024,M. Evans,silica,FastPrep - 30 sec @ 6.0m/s,Scissors,EZNA,Consolidated,0.030,,,,59.3,,,,1.70,,0.63,,,,,,,,,
SH-Q3435,brandegeei,QUBR_LM_073,TCB-04734,09/23,6/18/2024,M. Evans,silica,FastPrep - 30 sec @ 6.0m/s,Scissors,EZNA,Consolidated,0.033,,,,86.8,,,,1.62,,0.70,,,,,,,,,
SH-Q3436,brandegeei,QUBR_LM_072,TCB-04735,09/23,6/18/2024,M. Evans,silica,FastPrep - 30 sec @ 6.0m/s,Scissors,EZNA,Consolidated,0.033,,,,97.6,,,,1.71,,0.30,,,,,,,,,
SH-Q3437,brandegeei,QUBR_LM_034,TCB-04736,09/23,6/11/2024,R. Wanger,silica,FastPrep - 30 sec @ 6.0m/s,Scissors,EZNA,Consolidated,0.038,59,,,,,,,,,,,,,,,,,,
SH-Q3438,brandegeei,QUBR_LM_064,TCB-04737,09/23,6/11/2024,R. Wanger,silica,FastPrep - 30 sec @ 6.0m/s,Scissors,EZNA,Consolidated,0.039,58,,,,,,,,,,,,,,,,,,
SH-Q3439,brandegeei,QUBR_LM_148,TCB-04738,09/23,6/11/2024,R. Wanger,silica,FastPrep - 30 sec @ 6.0m/s,Scissors,EZNA,Consolidated,0.037,34.2,,,,,,,,,,,,,,,,,,
SH-Q3440,brandegeei,QUBR_LM_056,TCB-04739,09/23,6/11/2024,R. Wanger,silica,FastPrep - 30 sec @ 6.0m/s,Scissors,EZNA,Consolidated,0.039,38.3,,,,,,,,,,,,,,,,,,
SH-Q3441,brandegeei,QUBR_LM_054,TCB-04740,09/23,6/11/2024,R. Wanger,silica,FastPrep - 30 sec @ 6.0m/s,Scissors,EZNA,Consolidated,0.039,45.2,,,,,,,,,,,,,,,,,,
SH-Q3442,brandegeei,QUBR_LM_061,TCB-04741,09/23,6/11/2024,R. Wanger,silica,FastPrep - 30 sec @ 6.0m/s,Scissors,EZNA,Consolidated,0.038,56,,,,,,,,,,,,,,,,,,
SH-Q3443,brandegeei,QUBR_LM_027,TCB-04742,09/23,6/11/2024,R. Wanger,silica,FastPrep - 30 sec @ 6.0m/s,Scissors,EZNA,Consolidated,0.039,>60.0,,,,,,,,,,,,,,,,,,
SH-Q3444,brandegeei,QUBR_LM_080,TCB-04743,09/23,6/11/2024,R. Wanger,silica,FastPrep - 30 sec @ 6.0m/s,Scissors,EZNA,Consolidated,0.036,55,,,,,,,,,,,,,,,,,,
SH-Q3445,brandegeei,QUBR_LM_030,TCB-04744,09/23,6/11/2024,R. Wanger,silica,FastPrep - 30 sec @ 6.0m/s,Scissors,EZNA,Consolidated,0.038,47.8,,,,,,,,,,,,,,,,,,
SH-Q3446,brandegeei,QUBR_LM_091,TCB-04745,09/23,6/11/2024,R. Wanger,silica,FastPrep - 30 sec @ 6.0m/s,Scissors,EZNA,Consolidated,0.037,54,,,,,,,,,,,,,,,,,,
SH-Q3447,brandegeei,QUBR_LM_225,TCB-04746,09/23,6/11/2024,R. Wanger,silica,FastPrep - 30 sec @ 6.0m/s,Scissors,EZNA,Consolidated,0.037,47.8,,,,,,,,,,,,,,,,,,
SH-Q3448,brandegeei,QUBR_LM_085,TCB-04747,09/23,6/11/2024,R. Wanger,silica,FastPrep - 30 sec @ 6.0m/s,Scissors,EZNA,Consolidated,0.036,>60.0,,,,,,,,,,,,,,,,,,
SH-Q3449,brandegeei,QUBR_LM_129,TCB-04748,09/23,6/11/2024,R. Wanger,silica,FastPrep - 30 sec @ 6.0m/s,Scissors,EZNA,Consolidated,0.037,57,,,,,,,,,,,,,,,,,,
SH-Q3450,brandegeei,QUBR_LM_193,TCB-04749,09/23,6/11/2024,R. Wanger,silica,FastPrep - 30 sec @ 6.0m/s,Scissors,EZNA,Consolidated,0.035,53,,,,,,,,,,,,,,,,,,
SH-Q3451,brandegeei,QUBR_LM_171,TCB-04750,09/23,6/11/2024,R. Wanger,silica,FastPrep - 30 sec @ 6.0m/s,Scissors,EZNA,Consolidated,0.037,45.1,,,,,,,,,,,,,,,,,,
SH-Q3452,brandegeei,QUBR_LM_097,TCB-04751,09/23,6/11/2024,R. Wanger,silica,FastPrep - 30 sec @ 6.0m/s,Scissors,EZNA,Consolidated,0.038,51,,,,,,,,,,,,,,,,,,
SH-Q3453,brandegeei,QUBR_LM_055,TCB-04752,09/23,6/11/2024,R. Wanger,silica,FastPrep - 30 sec @ 6.0m/s,Scissors,EZNA,Consolidated,0.037,54,,,,,,,,,,,,,,,,,,
SH-Q3454,brandegeei,QUBR_LM_058,TCB-04753,09/23,6/11/2024,R. Wanger,silica,FastPrep - 30 sec @ 6.0m/s,Scissors,EZNA,Consolidated,0.036,58,,,,,,,,,,,,,,,,,,
SH-Q3455,brandegeei,QUBR_LM_050,TCB-04755,09/23,6/11/2024,R. Wanger,silica,FastPrep - 30 sec @ 6.0m/s,Scissors,EZNA,Consolidated,0.039,54,,,,,,,,,,,,,,,,,,
SH-Q3456,brandegeei,QUBR_LM_057,TCB-04756,09/23,6/11/2024,R. Wanger,silica,FastPrep - 30 sec @ 6.0m/s,Scissors,EZNA,Consolidated,0.037,44.3,,,,,,,,,,,,,,,,,,
SH-Q3457,brandegeei,QUBR_LM_075,TCB-04757,09/23,6/11/2024,R. Wanger,silica,FastPrep - 30 sec @ 6.0m/s,Scissors,EZNA,Consolidated,0.035,42.6,,,,,,,,,,,,,,,,,,
SH-Q3458,brandegeei,QUBR_LM_060,TCB-04758,09/23,6/11/2024,R. Wanger,silica,FastPrep - 30 sec @ 6.0m/s,Scissors,EZNA,Consolidated,0.034,56,,,,,,,,,,,,,,,,,,
SH-Q3459,brandegeei,QUBR_LM_168,TCB-04759,09/23,6/11/2024,R. Wanger,silica,FastPrep - 30 sec @ 6.0m/s,Scissors,EZNA,Consolidated,0.037,>60.0,,,,,,,,,,,,,,,,,,
SH-Q3460,brandegeei,QUBR_LM_071,TCB-04754,09/23,6/11/2024,R. Wanger,silica,FastPrep - 30 sec @ 6.0m/s,Scissors,EZNA,Consolidated,0.037,41.2,,,,,,,,,,,,,,,,,,
SH-Q3461,brandegeei,QUBR_LM_093,TCB-04760,09/23,6/17/2024,R. Wanger,silica,FastPrep - 30 sec @ 6.0m/s,Scissors,EZNA,Consolidated,0.039,,,,88.4,,,,1.77,,0.51,,,,,,,,,
SH-Q3462,brandegeei,QUBR_LM_051,TCB-04761,09/23,6/17/2024,R. Wanger,silica,FastPrep - 30 sec @ 6.0m/s,Scissors,EZNA,Consolidated,0.035,,,,118.8,,,,1.78,,0.36,,,,,,,,,
SH-Q3463,brandegeei,QUBR_LM_132,TCB-04762,09/23,6/17/2024,R. Wanger,silica,FastPrep - 30 sec @ 6.0m/s,Scissors,EZNA,Consolidated,0.036,,,,126.0,,,,1.78,,1.00,,,,,,,,,
SH-Q3464,brandegeei,QUBR_LM_077,TCB-04763,09/23,6/17/2024,R. Wanger,silica,FastPrep - 30 sec @ 6.0m/s,Scissors,EZNA,Consolidated,0.038,,,,56.1,,,,1.61,,0.21,,,,,,,,,
SH-Q3465,brandegeei,QUBR_LM_086,TCB-04764,09/23,6/17/2024,R. Wanger,silica,FastPrep - 30 sec @ 6.0m/s,Scissors,EZNA,Consolidated,0.038,,,,61.5,,,,1.42,,0.13,,,,,,,,,
SH-Q3466,brandegeei,QUBR_LM_214,TCB-04765,09/23,6/17/2024,R. Wanger,silica,FastPrep - 30 sec @ 6.0m/s,Scissors,EZNA,Consolidated,0.038,,,,72.1,,,,1.60,,0.90,,,,,,,,,
SH-Q3467,brandegeei,QUBR_LM_212,TCB-04766,09/23,6/17/2024,R. Wanger,silica,FastPrep - 30 sec @ 6.0m/s,Scissors,EZNA,Consolidated,0.036,,,,83.3,,,,1.75,,0.66,,,,,,,,,
SH-Q3468,brandegeei,QUBR_LM_031,TCB-04767,09/23,6/17/2024,R. Wanger,silica,FastPrep - 30 sec @ 6.0m/s,Scissors,EZNA,Consolidated,0.038,,,,109.8,,,,1.76,,0.63,,,,,,,,,
SH-Q3469,brandegeei,QUBR_LM_076,TCB-04768,09/23,6/17/2024,R. Wanger,silica,FastPrep - 30 sec @ 6.0m/s,Scissors,EZNA,Consolidated,0.038,,,,63.9,,,,1.65,,1.02,,,,,,,,,
SH-Q3470,brandegeei,QUBR_LM_079,TCB-04769,09/23,6/17/2024,R. Wanger,silica,FastPrep - 30 sec @ 6.0m/s,Scissors,EZNA,Consolidated,0.037,,,,68.0,,,,1.67,,0.73,,,,,,,,,
SH-Q3471,brandegeei,QUBR_LM_167,TCB-04770,09/23,6/17/2024,R. Wanger,silica,FastPrep - 30 sec @ 6.0m/s,Scissors,EZNA,Consolidated,0.038,,,,185.9,,,,1.81,,0.54,,,,,,,,,
SH-Q3472,brandegeei,QUBR_LM_189,TCB-04771,09/23,6/17/2024,R. Wanger,silica,FastPrep - 30 sec @ 6.0m/s,Scissors,EZNA,Consolidated,0.038,,,,103.0,,,,1.72,,0.43,,,,,,,,,
SH-Q3473,brandegeei,QUBR_LM_182,TCB-04773,09/23,6/17/2024,R. Wanger,silica,FastPrep - 30 sec @ 6.0m/s,Scissors,EZNA,Consolidated,0.038,,,,61.2,,,,1.54,,0.94,,,,,,,,,
SH-Q3474,brandegeei,QUBR_LM_108,TCB-04774,09/23,6/17/2024,R. Wanger,silica,FastPrep - 30 sec @ 6.0m/s,Scissors,EZNA,Consolidated,0.037,,,,112.7,,,,1.82,,0.54,,,,,,,,,
SH-Q3475,brandegeei,QUBR_LM_200,TCB-04775,09/23,6/17/2024,R. Wanger,silica,FastPrep - 30 sec @ 6.0m/s,Scissors,EZNA,Consolidated,0.038,,,,118.4,,,,1.78,,1.19,,,,,,,,,
SH-Q3476,brandegeei,QUBR_LM_174,TCB-04776,09/23,6/17/2024,R. Wanger,silica,FastPrep - 30 sec @ 6.0m/s,Scissors,EZNA,Consolidated,0.038,,,,76.8,,,,1.76,,1.24,,,,,,,,,
SH-Q3477,brandegeei,QUBR_LM_211,TCB-04777,09/23,6/17/2024,R. Wanger,silica,FastPrep - 30 sec @ 6.0m/s,Scissors,EZNA,Consolidated,0.038,,,,151.2,,,,1.85,,0.70,,,,,,,,,
SH-Q3478,brandegeei,QUBR_LM_109,TCB-04779,09/23,6/17/2024,R. Wanger,silica,FastPrep - 30 sec @ 6.0m/s,Scissors,EZNA,Consolidated,0.039,,,,91.2,,,,1.74,,0.72,,,,,,,,,
SH-Q3479,brandegeei,QUBR_LM_022,TCB-04780,09/23,6/17/2024,R. Wanger,silica,FastPrep - 30 sec @ 6.0m/s,Scissors,EZNA,Consolidated,0.039,,,,85.3,,,,1.78,,1.28,,,,,,,,,
SH-Q3480,brandegeei,QUBR_LM_092,TCB-04781,09/23,6/17/2024,R. Wanger,silica,FastPrep - 30 sec @ 6.0m/s,Scissors,EZNA,Consolidated,0.038,,,,72.0,,,,1.73,,0.92,,,,,,,,,
SH-Q3481,brandegeei,QUBR_LM_082,TCB-04782,09/23,6/17/2024,R. Wanger,silica,FastPrep - 30 sec @ 6.0m/s,Scissors,EZNA,Consolidated,0.036,,,,63.7,,,,1.70,,1.11,,,,,,,,,
SH-Q3482,brandegeei,QUBR_LM_172,TCB-04783,09/23,6/17/2024,R. Wanger,silica,FastPrep - 30 sec @ 6.0m/s,Scissors,EZNA,Consolidated,0.038,,,,53.1,,,,1.64,,0.15,,,,,,,,,
SH-Q3483,brandegeei,QUBR_LM_128,TCB-04784,09/23,6/17/2024,R. Wanger,silica,FastPrep - 30 sec @ 6.0m/s,Scissors,EZNA,Consolidated,0.038,,,,49.5,,,,1.74,,0.65,,,,,,,,,
SH-Q3484,brandegeei,QUBR_LM_181,TCB-04785,09/23,6/17/2024,R. Wanger,silica,FastPrep - 30 sec @ 6.0m/s,Scissors,EZNA,Consolidated,0.039,,,,78.0,,,,1.73,,0.53,,,,,,,,,
SH-Q3485,brandegeei,QUBR_LM_029,TCB-04786,09/23,6/24/2024,M. Evans,silica,FastPrep - 30 sec @ 6.0m/s,Scissors,EZNA,Consolidated,0.031,,,,81.8,,,,1.70,,1.30,,,,,,,,,
SH-Q3486,brandegeei,QUBR_LM_209,TCB-04787,09/23,6/24/2024,M. Evans,silica,FastPrep - 30 sec @ 6.0m/s,Scissors,EZNA,Consolidated,0.030,,,,92.5,,,,1.66,,0.20,,,,,,,,,
SH-Q3487,brandegeei,QUBR_LM_183,TCB-04789,09/23,6/24/2024,M. Evans,silica,FastPrep - 30 sec @ 6.0m/s,Scissors,EZNA,Consolidated,0.033,,,,58.3,,,,1.52,,0.31,,,,,,,,,
SH-Q3488,brandegeei,QUBR_LM_217,TCB-04790,09/23,6/24/2024,M. Evans,silica,FastPrep - 30 sec @ 6.0m/s,Scissors,EZNA,Consolidated,0.030,,,,89.4,,,,1.73,,0.54,,,,,,,,,
SH-Q3489,brandegeei,QUBR_LM_026,TCB-04791,09/23,6/24/2024,M. Evans,silica,FastPrep - 30 sec @ 6.0m/s,Scissors,EZNA,Consolidated,0.031,,,,65.5,,,,1.64,,0.43,,,,,,,,,
SH-Q3490,brandegeei,QUBR_LM_205,TCB-04792,09/23,6/24/2024,M. Evans,silica,FastPrep - 30 sec @ 6.0m/s,Scissors,EZNA,Consolidated,0.033,,,,114.6,,,,1.69,,0.85,,,,,,,,,
SH-Q3491,brandegeei,QUBR_LM_180,TCB-04793,09/23,6/24/2024,M. Evans,silica,FastPrep - 30 sec @ 6.0m/s,Scissors,EZNA,Consolidated,0.031,,,,58.9,,,,1.63,,0.62,,,,,,,,,
SH-Q3492,brandegeei,QUBR_LM_096,TCB-04794,09/23,6/24/2024,M. Evans,silica,FastPrep - 30 sec @ 6.0m/s,Scissors,EZNA,Consolidated,0.035,,,,78.8,,,,1.72,,0.37,,,,,,,,,
SH-Q3493,brandegeei,QUBR_LM_084,TCB-04795,09/23,6/24/2024,M. Evans,silica,FastPrep - 30 sec @ 6.0m/s,Scissors,EZNA,Consolidated,0.033,,,,75.4,,,,1.67,,0.32,,,,,,,,,
SH-Q3494,brandegeei,QUBR_LM_120,TCB-04797,09/23,6/24/2024,M. Evans,silica,FastPrep - 30 sec @ 6.0m/s,Scissors,EZNA,Consolidated,0.032,,,,70.7,,,,1.64,,0.94,,,,,,,,,
SH-Q3495,brandegeei,QUBR_LM_095,TCB-04798,09/23,6/24/2024,M. Evans,silica,FastPrep - 30 sec @ 6.0m/s,Scissors,EZNA,Consolidated,0.032,,,,61.8,,,,1.67,,0.92,,,,,,,,,
SH-Q3496,brandegeei,QUBR_LM_019,TCB-04799,09/23,6/24/2024,M. Evans,silica,FastPrep - 30 sec @ 6.0m/s,Scissors,EZNA,Consolidated,0.034,,,,88.9,,,,1.65,,0.25,,,,,,,,,
SH-Q3497,brandegeei,QUBR_LM_142,TCB-04800,09/23,6/24/2024,M. Evans,silica,FastPrep - 30 sec @ 6.0m/s,Scissors,EZNA,Consolidated,0.030,,,,80.7,,,,1.70,,0.62,,,,,,,,,
SH-Q3498,brandegeei,QUBR_LM_133,TCB-04801,09/23,6/24/2024,M. Evans,silica,FastPrep - 30 sec @ 6.0m/s,Scissors,EZNA,Consolidated,0.033,,,,103.7,,,,1.67,,0.31,,,,,,,,,
SH-Q3499,brandegeei,QUBR_LM_169,TCB-04803,09/23,6/24/2024,M. Evans,silica,FastPrep - 30 sec @ 6.0m/s,Scissors,EZNA,Consolidated,0.031,,,,77.1,,,,1.60,,0.60,,,,,,,,,
SH-Q3500,brandegeei,QUBR_LM_105,TCB-04804,09/23,6/24/2024,M. Evans,silica,FastPrep - 30 sec @ 6.0m/s,Scissors,EZNA,Consolidated,0.032,,,,96.0,,,,1.72,,0.83,,,,,,,,,
SH-Q3501,brandegeei,QUBR_LM_179,TCB-04805,09/23,6/24/2024,M. Evans,silica,FastPrep - 30 sec @ 6.0m/s,Scissors,EZNA,Consolidated,0.032,,,,100.1,,,,1.71,,0.70,,,,,,,,,
SH-Q3502,brandegeei,QUBR_LM_204,TCB-04806,09/23,6/24/2024,M. Evans,silica,FastPrep - 30 sec @ 6.0m/s,Scissors,EZNA,Consolidated,0.031,,,,75.1,,,,1.68,,0.49,,,,,,,,,
SH-Q3503,brandegeei,QUBR_LM_106,TCB-04808,09/23,6/24/2024,M. Evans,silica,FastPrep - 30 sec @ 6.0m/s,Scissors,EZNA,Consolidated,0.033,,,,76.4,,,,1.68,,0.45,,,,,,,,,
SH-Q3504,brandegeei,QUBR_LM_089,TCB-04809,09/23,6/24/2024,M. Evans,silica,FastPrep - 30 sec @ 6.0m/s,Scissors,EZNA,Consolidated,0.032,,,,73.1,,,,1.57,,0.13,,,,,,,,,
SH-Q3505,brandegeei,QUBR_LM_213,TCB-04810,09/23,6/24/2024,M. Evans,silica,FastPrep - 30 sec @ 6.0m/s,Scissors,EZNA,Consolidated,0.032,,,,56.2,,,,1.68,,0.72,,,,,,,,,
SH-Q3506,brandegeei,QUBR_LM_187,TCB-04811,09/23,6/24/2024,M. Evans,silica,FastPrep - 30 sec @ 6.0m/s,Scissors,EZNA,Consolidated,0.030,,,,58.0,,,,1.75,,0.34,,,,,,,,,
SH-Q3507,brandegeei,QUBR_LM_215,TCB-04812,09/23,6/24/2024,M. Evans,silica,FastPrep - 30 sec @ 6.0m/s,Scissors,EZNA,Consolidated,0.031,,,,65.9,,,,1.68,,0.21,,,,,,,,,
SH-Q3508,brandegeei,QUBR_LM_010,TCB-04813,09/23,6/24/2024,M. Evans,silica,FastPrep - 30 sec @ 6.0m/s,Scissors,EZNA,Consolidated,0.034,,,,95.2,,,,1.69,,1.13,,,,,,,,,
SH-Q3509,brandegeei,QUBR_LM_207,TCB-04815,09/23,6/25/2024,M. Evans,silica,FastPrep - 30 sec @ 6.0m/s,Scissors,EZNA,Consolidated,0.030,,,,113.9,,,,1.67,,0.38,,,,,,,,,
SH-Q3510,brandegeei,QUBR_LM_210,TCB-04816,09/23,6/25/2024,M. Evans,silica,FastPrep - 30 sec @ 6.0m/s,Scissors,EZNA,Consolidated,0.035,,,,86.4,,,,1.64,,0.35,,,,,,,,,
SH-Q3511,brandegeei,QUBR_LM_099,TCB-04817,09/23,6/25/2024,M. Evans,silica,FastPrep - 30 sec @ 6.0m/s,Scissors,EZNA,Consolidated,0.036,,,,120.9,,,,1.68,,0.36,,,,,,,,,
SH-Q3512,brandegeei,QUBR_LM_208,TCB-04818,09/23,6/25/2024,M. Evans,silica,FastPrep - 30 sec @ 6.0m/s,Scissors,EZNA,Consolidated,0.033,,,,107.7,,,,1.70,,0.81,,,,,,,,,
SH-Q3513,brandegeei,QUBR_LM_090,TCB-04819,09/23,6/25/2024,M. Evans,silica,FastPrep - 30 sec @ 6.0m/s,Scissors,EZNA,Consolidated,0.033,,,,61.1,,,,1.67,,0.14,,,,,,,,,
SH-Q3514,brandegeei,QUBR_LM_195,TCB-04820,09/23,6/25/2024,M. Evans,silica,FastPrep - 30 sec @ 6.0m/s,Scissors,EZNA,Consolidated,0.034,,,,62.6,,,,1.69,,0.23,,,,,,,,,
SH-Q3515,brandegeei,QUBR_LM_196,TCB-04821,09/23,6/25/2024,M. Evans,silica,FastPrep - 30 sec @ 6.0m/s,Scissors,EZNA,Consolidated,0.031,,,,90.2,,,,1.69,,0.34,,,,,,,,,
SH-Q3516,brandegeei,QUBR_LM_178,TCB-04822,09/23,6/25/2024,M. Evans,silica,FastPrep - 30 sec @ 6.0m/s,Scissors,EZNA,Consolidated,0.031,,,,130.0,,,,1.66,,1.04,,,,,,,,,
SH-Q3517,brandegeei,QUBR_LM_094,TCB-04823,09/23,6/25/2024,M. Evans,silica,FastPrep - 30 sec @ 6.0m/s,Scissors,EZNA,Consolidated,0.032,,,,103.7,,,,1.70,,0.92,,,,,,,,,
SH-Q3518,brandegeei,QUBR_LM_198,TCB-04824,09/23,6/25/2024,M. Evans,silica,FastPrep - 30 sec @ 6.0m/s,Scissors,EZNA,Consolidated,0.030,,,,97.8,,,,1.70,,0.91,,,,,,,,,
SH-Q3519,brandegeei,QUBR_LM_203,TCB-04825,09/23,6/25/2024,M. Evans,silica,FastPrep - 30 sec @ 6.0m/s,Scissors,EZNA,Consolidated,0.032,,,,114.6,,,,1.71,,1.14,,,,,,,,,
SH-Q3520,brandegeei,QUBR_LM_188,TCB-04826,09/23,6/25/2024,M. Evans,silica,FastPrep - 30 sec @ 6.0m/s,Scissors,EZNA,Consolidated,0.036,,,,61.4,,,,1.58,,0.75,,,,,,,,,
SH-Q3521,brandegeei,QUBR_LM_190,TCB-04827,09/23,6/25/2024,M. Evans,silica,FastPrep - 30 sec @ 6.0m/s,Scissors,EZNA,Consolidated,0.032,,,,119.9,,,,1.73,,0.94,,,,,,,,,
SH-Q3522,brandegeei,QUBR_LM_067,TCB-04828,09/23,6/25/2024,M. Evans,silica,FastPrep - 30 sec @ 6.0m/s,Scissors,EZNA,Consolidated,0.031,,,,133.6,,,,1.71,,0.71,,,,,,,,,
SH-Q3523,brandegeei,QUBR_LM_009,TCB-04830,09/23,6/25/2024,M. Evans,silica,FastPrep - 30 sec @ 6.0m/s,Scissors,EZNA,Consolidated,0.031,,,,95.8,,,,1.72,,0.55,,,,,,,,,
SH-Q3524,brandegeei,QUBR_LM_047,TCB-04831,09/23,6/25/2024,M. Evans,silica,FastPrep - 30 sec @ 6.0m/s,Scissors,EZNA,Consolidated,0.036,,,,73.9,,,,1.66,,0.97,,,,,,,,,
SH-Q3525,brandegeei,QUBR_LM_100,TCB-04832,09/23,6/25/2024,M. Evans,silica,FastPrep - 30 sec @ 6.0m/s,Scissors,EZNA,Consolidated,0.030,,,,101.5,,,,1.64,,0.60,,,,,,,,,
SH-Q3526,brandegeei,QUBR_LM_104,TCB-04833,09/23,6/25/2024,M. Evans,silica,FastPrep - 30 sec @ 6.0m/s,Scissors,EZNA,Consolidated,0.034,,,,104.5,,,,1.75,,1.06,,,,,,,,,
SH-Q3527,brandegeei,QUBR_LM_122,TCB-04834,09/23,6/25/2024,M. Evans,silica,FastPrep - 30 sec @ 6.0m/s,Scissors,EZNA,Consolidated,0.034,,,,78.4,,,,1.67,,0.67,,,,,,,,,
SH-Q3528,brandegeei,QUBR_LM_012,TCB-04835,09/23,6/25/2024,M. Evans,silica,FastPrep - 30 sec @ 6.0m/s,Scissors,EZNA,Consolidated,0.032,,,,93.3,,,,1.66,,0.59,,,,,,,,,
SH-Q3529,brandegeei,QUBR_LM_062,TCB-04836,09/23,6/25/2024,M. Evans,silica,FastPrep - 30 sec @ 6.0m/s,Scissors,EZNA,Consolidated,0.030,,,,71.8,,,,1.59,,0.20,,,,,,,,,
SH-Q3530,brandegeei,QUBR_LM_125,TCB-04837,09/23,6/25/2024,M. Evans,silica,FastPrep - 30 sec @ 6.0m/s,Scissors,EZNA,Consolidated,0.032,,,,111.1,,,,1.69,,1.02,,,,,,,,,
SH-Q3531,brandegeei,QUBR_LM_036,TCB-04838,09/23,6/25/2024,M. Evans,silica,FastPrep - 30 sec @ 6.0m/s,Scissors,EZNA,Consolidated,0.034,,,,77.7,,,,1.66,,1.10,,,,,,,,,
SH-Q3532,brandegeei,QUBR_LM_041,TCB-04839,09/23,6/25/2024,M. Evans,silica,FastPrep - 30 sec @ 6.0m/s,Scissors,EZNA,Consolidated,0.030,,,,54.8,,,,1.71,,0.35,,,,,,,,,
SH-Q3533,brandegeei,QUBR_LM_123,TCB-04840,09/23,6/19/2024,R. Wanger,silica,FastPrep - 30 sec @ 6.0m/s,Scissors,EZNA,Consolidated,0.037,,,,86.1,,,,1.70,,0.59,,,,,,,,,
SH-Q3534,brandegeei,QUBR_LM_098,TCB-04841,09/23,6/19/2024,R. Wanger,silica,FastPrep - 30 sec @ 6.0m/s,Scissors,EZNA,Consolidated,0.038,,,,105.9,,,,1.77,,0.47,,,,,,,,,
SH-Q3535,brandegeei,QUBR_LM_107,TCB-04843,09/23,6/19/2024,R. Wanger,silica,FastPrep - 30 sec @ 6.0m/s,Scissors,EZNA,Consolidated,0.037,,,,179.1,,,,1.81,,1.53,,,,,,,,,
SH-Q3536,brandegeei,QUBR_LM_013,TCB-04844,09/23,6/19/2024,R. Wanger,silica,FastPrep - 30 sec @ 6.0m/s,Scissors,EZNA,Consolidated,0.038,,,,121.8,,,,1.83,,0.68,,,,,,,,,
SH-Q3537,brandegeei,QUBR_LM_008,TCB-04845,09/23,6/19/2024,R. Wanger,silica,FastPrep - 30 sec @ 6.0m/s,Scissors,EZNA,Consolidated,0.032,,,,111.7,,,,1.77,,0.59,,,,,,,,,
SH-Q3538,brandegeei,QUBR_LM_005,TCB-04846,09/23,6/19/2024,R. Wanger,silica,FastPrep - 30 sec @ 6.0m/s,Scissors,EZNA,Consolidated,0.037,,,,76.8,,,,1.41,,0.13,,,,,,,,,
SH-Q3539,brandegeei,QUBR_LM_006,TCB-04847,09/23,6/19/2024,R. Wanger,silica,FastPrep - 30 sec @ 6.0m/s,Scissors,EZNA,Consolidated,0.038,,,,100.6,,,,1.77,,1.39,,,,,,,,,
SH-Q3540,brandegeei,QUBR_LM_016,TCB-04848,09/23,6/19/2024,R. Wanger,silica,FastPrep - 30 sec @ 6.0m/s,Scissors,EZNA,Consolidated,0.036,,,,118.3,,,,1.80,,1.51,,,,,,,,,
SH-Q3541,brandegeei,QUBR_LM_143,TCB-04849,09/23,6/19/2024,R. Wanger,silica,FastPrep - 30 sec @ 6.0m/s,Scissors,EZNA,Consolidated,0.040,,,,88.3,,,,1.82,,1.26,,,,,,,,,
SH-Q3542,brandegeei,QUBR_LM_063,TCB-04851,09/23,6/19/2024,R. Wanger,silica,FastPrep - 30 sec @ 6.0m/s,Scissors,EZNA,Consolidated,0.036,,,,99.4,,,,1.80,,1.48,,,,,,,,,
SH-Q3543,brandegeei,QUBR_LM_135,TCB-04852,09/23,6/19/2024,R. Wanger,silica,FastPrep - 30 sec @ 6.0m/s,Scissors,EZNA,Consolidated,0.034,,,,68.3,,,,1.67,,0.92,,,,,,,,,
SH-Q3544,brandegeei,QUBR_LM_121,TCB-04853,09/23,6/19/2024,R. Wanger,silica,FastPrep - 30 sec @ 6.0m/s,Scissors,EZNA,Consolidated,0.039,,,,82.7,,,,1.52,,0.16,,,,,,,,,
SH-Q3545,brandegeei,QUBR_LM_070,TCB-04854,09/23,6/19/2024,R. Wanger,silica,FastPrep - 30 sec @ 6.0m/s,Scissors,EZNA,Consolidated,0.037,,,,191.6,,,,1.88,,1.58,,,,,,,,,
SH-Q3546,brandegeei,QUBR_LM_136,TCB-04855,09/23,6/19/2024,R. Wanger,silica,FastPrep - 30 sec @ 6.0m/s,Scissors,EZNA,Consolidated,0.037,,,,129.8,,,,1.82,,0.68,,,,,,,,,
SH-Q3547,brandegeei,QUBR_LM_033,TCB-04856,09/23,6/19/2024,R. Wanger,silica,FastPrep - 30 sec @ 6.0m/s,Scissors,EZNA,Consolidated,0.039,,,,85.8,,,,1.72,,1.01,,,,,,,,,
SH-Q3548,brandegeei,QUBR_LM_059,TCB-04857,09/23,6/19/2024,R. Wanger,silica,FastPrep - 30 sec @ 6.0m/s,Scissors,EZNA,Consolidated,0.038,,,,83.1,,,,1.62,,0.20,,,,,,,,,
SH-Q3549,brandegeei,QUBR_LM_032,TCB-04858,09/23,6/19/2024,R. Wanger,silica,FastPrep - 30 sec @ 6.0m/s,Scissors,EZNA,Consolidated,0.039,,,,66.5,,,,1.76,,0.41,,,,,,,,,
SH-Q3550,brandegeei,QUBR_LM_081,TCB-04859,09/23,6/19/2024,R. Wanger,silica,FastPrep - 30 sec @ 6.0m/s,Scissors,EZNA,Consolidated,0.033,,,,56.8,,,,1.57,,0.96,,,,,,,,,
SH-Q3551,brandegeei,QUBR_LM_145,TCB-04860,09/23,6/19/2024,R. Wanger,silica,FastPrep - 30 sec @ 6.0m/s,Scissors,EZNA,Consolidated,0.039,,,,85.6,,,,1.56,,0.22,,,,,,,,,
SH-Q3552,brandegeei,QUBR_LM_134,TCB-04861,09/23,6/19/2024,R. Wanger,silica,FastPrep - 30 sec @ 6.0m/s,Scissors,EZNA,Consolidated,0.037,,,,104.5,,,,1.78,,0.95,,,,,,,,,
SH-Q3553,brandegeei,QUBR_LM_053,TCB-04862,09/23,6/19/2024,R. Wanger,silica,FastPrep - 30 sec @ 6.0m/s,Scissors,EZNA,Consolidated,0.038,,,,75.1,,,,1.72,,0.30,,,,,,,,,
SH-Q3554,brandegeei,QUBR_LM_147,TCB-04863,09/23,6/19/2024,R. Wanger,silica,FastPrep - 30 sec @ 6.0m/s,Scissors,EZNA,Consolidated,0.038,,,,84.9,,,,1.44,,0.16,,,,,,,,,
SH-Q3555,brandegeei,QUBR_LM_066,TCB-04864,09/23,6/19/2024,R. Wanger,silica,FastPrep - 30 sec @ 6.0m/s,Scissors,EZNA,Consolidated,0.038,,,,87.4,,,,1.82,,0.84,,,,,,,,,
SH-Q3556,brandegeei,QUBR_LM_042,TCB-04865,09/23,6/19/2024,R. Wanger,silica,FastPrep - 30 sec @ 6.0m/s,Scissors,EZNA,Consolidated,0.038,,,,80.3,,,,1.73,,0.37,,,,,,,,,
SH-Q3557,brandegeei,QUBR_LM_038,TCB-04866,09/23,6/26/2024,M. Evans,silica,FastPrep - 30 sec @ 6.0m/s,Scissors,EZNA,Consolidated,0.030,,,,125.4,,,,1.68,,0.23,,,,,,,,,
SH-Q3558,brandegeei,QUBR_LM_043,TCB-04867,09/23,6/26/2024,M. Evans,silica,FastPrep - 30 sec @ 6.0m/s,Scissors,EZNA,Consolidated,0.032,,,,107.2,,,,1.72,,0.52,,,,,,,,,
SH-Q3559,brandegeei,QUBR_LM_044,TCB-04868,09/23,6/26/2024,M. Evans,silica,FastPrep - 30 sec @ 6.0m/s,Scissors,EZNA,Consolidated,0.030,,,,141.6,,,,1.75,,0.72,,,,,,,,,
SH-Q3560,brandegeei,QUBR_LM_124,TCB-04869,09/23,6/26/2024,M. Evans,silica,FastPrep - 30 sec @ 6.0m/s,Scissors,EZNA,Consolidated,0.032,,,,89.4,,,,1.65,,0.35,,,,,,,,,
SH-Q3561,brandegeei,QUBR_LC_039,TCB-04890,09/23,6/26/2024,M. Evans,silica,FastPrep - 30 sec @ 6.0m/s,Scissors,EZNA,Consolidated,0.027,,,,85.0,,,,1.76,,1.42,,,,,,,,,
SH-Q3562,brandegeei,QUBR_LM_118,TCB-04871,09/23,6/26/2024,M. Evans,silica,FastPrep - 30 sec @ 6.0m/s,Scissors,EZNA,Consolidated,0.033,,,,108.2,,,,1.68,,1.26,,,,,,,,,
SH-Q3563,brandegeei,QUBR_LC_015,TCB-04891,09/23,6/26/2024,M. Evans,silica,FastPrep - 30 sec @ 6.0m/s,Scissors,EZNA,Consolidated,0.033,,,,115.5,,,,1.68,,0.92,,,,,,,,,
SH-Q3564,brandegeei,QUBR_LM_115,TCB-04873,09/23,6/26/2024,M. Evans,silica,FastPrep - 30 sec @ 6.0m/s,Scissors,EZNA,Consolidated,0.033,,,,84.4,,,,1.67,,0.46,,,,,,,,,
SH-Q3565,brandegeei,QUBR_LM_177,TCB-04874,09/23,6/26/2024,M. Evans,silica,FastPrep - 30 sec @ 6.0m/s,Scissors,EZNA,Consolidated,0.035,,,,124.0,,,,1.72,,1.24,,,,,,,,,
SH-Q3566,brandegeei,QUBR_LC_089,TCB-04875,09/23,6/26/2024,M. Evans,silica,FastPrep - 30 sec @ 6.0m/s,Scissors,EZNA,Consolidated,0.036,,,,119.2,,,,1.70,,0.89,,,,,,,,,
SH-Q3567,brandegeei,QUBR_LC_128,TCB-04892,09/23,6/26/2024,M. Evans,silica,FastPrep - 30 sec @ 6.0m/s,Scissors,EZNA,Consolidated,0.036,,,,135.0,,,,1.73,,1.56,,,,,,,,,
SH-Q3568,brandegeei,QUBR_LC_175,TCB-04877,09/23,6/26/2024,M. Evans,silica,FastPrep - 30 sec @ 6.0m/s,Scissors,EZNA,Consolidated,0.036,,,,77.5,,,,1.65,,1.02,,,,,,,,,
SH-Q3569,brandegeei,QUBR_LC_013,TCB-04878,09/23,6/26/2024,M. Evans,silica,FastPrep - 30 sec @ 6.0m/s,Scissors,EZNA,Consolidated,0.034,,,,110.1,,,,1.78,,0.45,,,,,,,,,
SH-Q3570,brandegeei,QUBR_LC_200,TCB-04879,09/23,6/26/2024,M. Evans,silica,FastPrep - 30 sec @ 6.0m/s,Scissors,EZNA,Consolidated,0.036,,,,80.1,,,,1.72,,0.43,,,,,,,,,
SH-Q3571,brandegeei,QUBR_LC_156,TCB-04893,09/23,6/26/2024,M. Evans,silica,FastPrep - 30 sec @ 6.0m/s,Scissors,EZNA,Consolidated,0.031,,,,68.1,,,,1.66,,0.39,,,,,,,,,
SH-Q3572,brandegeei,QUBR_LC_214,TCB-04881,09/23,6/26/2024,M. Evans,silica,FastPrep - 30 sec @ 6.0m/s,Scissors,EZNA,Consolidated,0.027,,,,105.0,,,,1.77,,0.75,,,,,,,,,
SH-Q3573,brandegeei,QUBR_LC_162,TCB-04882,09/23,6/26/2024,M. Evans,silica,FastPrep - 30 sec @ 6.0m/s,Scissors,EZNA,Consolidated,0.035,,,,105.4,,,,1.70,,1.15,,,,,,,,,
SH-Q3574,brandegeei,QUBR_LC_163,TCB-04883,09/23,6/26/2024,M. Evans,silica,FastPrep - 30 sec @ 6.0m/s,Scissors,EZNA,Consolidated,0.039,,,,205.9,,,,1.82,,1.67,,,,,,,,,
SH-Q3575,brandegeei,QUBR_LC_215,TCB-04884,09/23,6/26/2024,M. Evans,silica,FastPrep - 30 sec @ 6.0m/s,Scissors,EZNA,Consolidated,0.031,,,,94.8,,,,1.74,,0.82,,,,,,,,,
SH-Q3576,brandegeei,QUBR_LC_164,TCB-04885,09/23,6/26/2024,M. Evans,silica,FastPrep - 30 sec @ 6.0m/s,Scissors,EZNA,Consolidated,0.040,,,,206.8,,,,1.82,,1.94,,,,,,,,,
SH-Q3577,brandegeei,QUBR_LC_005,TCB-04886,09/23,6/26/2024,M. Evans,silica,FastPrep - 30 sec @ 6.0m/s,Scissors,EZNA,Consolidated,0.032,,,,91.5,,,,1.75,,0.90,,,,,,,,,
SH-Q3578,brandegeei,QUBR_LC_007,TCB-04887,09/23,6/26/2024,M. Evans,silica,FastPrep - 30 sec @ 6.0m/s,Scissors,EZNA,Consolidated,0.031,,,,71.6,,,,1.74,,1.30,,,,,,,,,
SH-Q3579,brandegeei,QUBR_LC_179,TCB-04888,09/23,6/26/2024,M. Evans,silica,FastPrep - 30 sec @ 6.0m/s,Scissors,EZNA,Consolidated,0.038,,,,212.0,,,,1.79,,0.52,,,,,,,,,
SH-Q3580,brandegeei,QUBR_LC_152,TCB-04889,09/23,6/26/2024,M. Evans,silica,FastPrep - 30 sec @ 6.0m/s,Scissors,EZNA,Consolidated,0.032,,,,80.0,,,,1.72,,0.66,,,,,,,,,
SH-Q3581,brandegeei,QUBR_LC_157,TCB-04894,09/23,6/20/2024,R. Wanger,silica,FastPrep - 30 sec @ 6.0m/s,Scissors,EZNA,Consolidated,0.039,,,,88.0,,,,1.65,,1.06,,,,,,,,,
SH-Q3582,brandegeei,QUBR_LC_076,TCB-04895,09/23,6/20/2024,R. Wanger,silica,FastPrep - 30 sec @ 6.0m/s,Scissors,EZNA,Consolidated,0.036,,,,115.7,,,,1.77,,0.99,,,,,,,,,
SH-Q3583,brandegeei,QUBR_LC_196,TCB-04896,09/23,6/20/2024,R. Wanger,silica,FastPrep - 30 sec @ 6.0m/s,Scissors,EZNA,Consolidated,0.039,,,,80.7,,,,1.67,,0.47,,,,,,,,,
SH-Q3584,brandegeei,QUBR_LC_165,TCB-04898,09/23,6/20/2024,R. Wanger,silica,FastPrep - 30 sec @ 6.0m/s,Scissors,EZNA,Consolidated,0.038,,,,109.0,,,,1.76,,1.15,,,,,,,,,
SH-Q3585,brandegeei,QUBR_LC_159,TCB-04899,09/23,6/20/2024,R. Wanger,silica,FastPrep - 30 sec @ 6.0m/s,Scissors,EZNA,Consolidated,0.038,,,,103.4,,,,1.36,,0.16,,,,,,,,,
SH-Q3586,brandegeei,QUBR_LC_166,TCB-04901,09/23,6/20/2024,R. Wanger,silica,FastPrep - 30 sec @ 6.0m/s,Scissors,EZNA,Consolidated,0.038,,,,135.5,,,,1.78,,1.37,,,,,,,,,
SH-Q3587,brandegeei,QUBR_LC_169,TCB-04902,09/23,6/20/2024,R. Wanger,silica,FastPrep - 30 sec @ 6.0m/s,Scissors,EZNA,Consolidated,0.038,,,,105.5,,,,1.74,,0.54,,,,,,,,,
SH-Q3588,brandegeei,QUBR_LC_090,TCB-04903,09/23,6/20/2024,R. Wanger,silica,FastPrep - 30 sec @ 6.0m/s,Scissors,EZNA,Consolidated,0.035,,,,125.4,,,,1.72,,0.69,,,,,,,,,
SH-Q3589,brandegeei,QUBR_LC_026,TCB-04904,09/23,6/20/2024,R. Wanger,silica,FastPrep - 30 sec @ 6.0m/s,Scissors,EZNA,Consolidated,0.038,,,,155.3,,,,1.83,,1.61,,,,,,,,,
SH-Q3590,brandegeei,QUBR_LC_011,TCB-04905,09/23,6/20/2024,R. Wanger,silica,FastPrep - 30 sec @ 6.0m/s,Scissors,EZNA,Consolidated,0.039,,,,233.5,,,,1.83,,0.61,,,,,,,,,
SH-Q3591,brandegeei,QUBR_LC_153,TCB-04908,09/23,6/20/2024,R. Wanger,silica,FastPrep - 30 sec @ 6.0m/s,Scissors,EZNA,Consolidated,0.037,,,,104.5,,,,1.71,,0.42,,,,,,,,,
SH-Q3592,brandegeei,QUBR_LC_088,TCB-04909,09/23,6/20/2024,R. Wanger,silica,FastPrep - 30 sec @ 6.0m/s,Scissors,EZNA,Consolidated,0.039,,,,40.2,,,,1.56,,0.33,,,,,,,,,
SH-Q3593,brandegeei,QUBR_LC_189,TCB-04910,09/23,6/20/2024,R. Wanger,silica,FastPrep - 30 sec @ 6.0m/s,Scissors,EZNA,Consolidated,0.039,,,,98.7,,,,1.79,,0.79,,,,,,,,,
SH-Q3594,brandegeei,QUBR_LC_012,TCB-04911,09/23,6/20/2024,R. Wanger,silica,FastPrep - 30 sec @ 6.0m/s,Scissors,EZNA,Consolidated,0.037,,,,110.2,,,,1.80,,1.20,,,,,,,,,
SH-Q3595,brandegeei,QUBR_LC_075,TCB-04912,09/23,6/20/2024,R. Wanger,silica,FastPrep - 30 sec @ 6.0m/s,Scissors,EZNA,Consolidated,0.038,,,,104.3,,,,1.75,,1.39,,,,,,,,,
SH-Q3596,brandegeei,QUBR_LC_154,TCB-04913,09/23,6/20/2024,R. Wanger,silica,FastPrep - 30 sec @ 6.0m/s,Scissors,EZNA,Consolidated,0.039,,,,83.3,,,,1.72,,0.70,,,,,,,,,
SH-Q3597,brandegeei,QUBR_LC_008,TCB-04914,09/23,6/20/2024,R. Wanger,silica,FastPrep - 30 sec @ 6.0m/s,Scissors,EZNA,Consolidated,0.039,,,,132.3,,,,1.80,,1.07,,,,,,,,,
SH-Q3598,brandegeei,QUBR_LC_216,TCB-04915,09/23,6/20/2024,R. Wanger,silica,FastPrep - 30 sec @ 6.0m/s,Scissors,EZNA,Consolidated,0.037,,,,88.7,,,,1.60,,0.24,,,,,,,,,
SH-Q3599,brandegeei,QUBR_LC_131,TCB-04916,09/23,6/20/2024,R. Wanger,silica,FastPrep - 30 sec @ 6.0m/s,Scissors,EZNA,Consolidated,0.037,,,,148.1,,,,1.81,,0.72,,,,,,,,,
SH-Q3600,brandegeei,QUBR_LC_043,TCB-04917,09/23,6/20/2024,R. Wanger,silica,FastPrep - 30 sec @ 6.0m/s,Scissors,EZNA,Consolidated,0.038,,,,77.6,,,,1.71,,0.38,,,,,,,,,
SH-Q3601,brandegeei,QUBR_LC_001,TCB-04918,09/23,6/20/2024,R. Wanger,silica,FastPrep - 30 sec @ 6.0m/s,Scissors,EZNA,Consolidated,0.037,,,,63.5,,,,1.61,,0.24,,,,,,,,,
SH-Q3602,brandegeei,QUBR_LC_158,TCB-04919,09/23,6/20/2024,R. Wanger,silica,FastPrep - 30 sec @ 6.0m/s,Scissors,EZNA,Consolidated,0.034,,,,89.7,,,,1.80,,0.99,,,,,,,,,
SH-Q3603,brandegeei,QUBR_LC_085,TCB-04923,09/23,6/20/2024,R. Wanger,silica,FastPrep - 30 sec @ 6.0m/s,Scissors,EZNA,Consolidated,0.039,,,,79.6,,,,1.60,,0.19,,,,,,,,,
SH-Q3604,brandegeei,QUBR_LC_155,TCB-04924,09/23,6/20/2024,R. Wanger,silica,FastPrep - 30 sec @ 6.0m/s,Scissors,EZNA,Consolidated,0.037,,,,93.4,,,,1.55,,0.23,,,,,,,,,
SH-Q3605,brandegeei,QUBR_LC_204,TCB-04926,09/23,7/8/2024,M. Evans,silica,FastPrep - 30 sec @ 6.0m/s,Scissors,EZNA,Consolidated,0.030,,,,159.9,,,,1.77,,0.83,,,,,,,,,
SH-Q3606,brandegeei,QUBR_LC_197,TCB-04927,09/23,7/8/2024,M. Evans,silica,FastPrep - 30 sec @ 6.0m/s,Scissors,EZNA,Consolidated,0.032,,,,92.9,,,,1.73,,0.44,,,,,,,,,
SH-Q3607,brandegeei,QUBR_LC_182,TCB-04928,09/23,7/8/2024,M. Evans,silica,FastPrep - 30 sec @ 6.0m/s,Scissors,EZNA,Consolidated,0.033,,,,104.7,,,,1.77,,1.17,,,,,,,,,
SH-Q3608,brandegeei,QUBR_LC_009,TCB-04929,09/23,7/8/2024,M. Evans,silica,FastPrep - 30 sec @ 6.0m/s,Scissors,EZNA,Consolidated,0.030,,,,103.9,,,,1.74,,0.64,,,,,,,,,
SH-Q3609,brandegeei,QUBR_LC_208,TCB-04930,09/23,7/8/2024,M. Evans,silica,FastPrep - 30 sec @ 6.0m/s,Scissors,EZNA,Consolidated,0.037,,,,102.5,,,,1.72,,1.17,,,,,,,,,
SH-Q3610,brandegeei,QUBR_LC_160,TCB-04936,09/23,7/8/2024,M. Evans,silica,FastPrep - 30 sec @ 6.0m/s,Scissors,EZNA,Consolidated,0.033,,,,99.9,,,,1.70,,0.85,,,,,,,,,
SH-Q3611,brandegeei,QUBR_LC_218,TCB-04937,09/23,7/8/2024,M. Evans,silica,FastPrep - 30 sec @ 6.0m/s,Scissors,EZNA,Consolidated,0.034,,,,77.9,,,,1.73,,0.73,,,,,,,,,
SH-Q3612,brandegeei,QUBR_LC_199,TCB-04938,09/23,7/8/2024,M. Evans,silica,FastPrep - 30 sec @ 6.0m/s,Scissors,EZNA,Consolidated,0.031,,,,58.0,,,,1.64,,0.44,,,,,,,,,
SH-Q3613,brandegeei,QUBR_LC_207,TCB-04941,09/23,7/8/2024,M. Evans,silica,FastPrep - 30 sec @ 6.0m/s,Scissors,EZNA,Consolidated,0.040,,,,103.5,,,,1.80,,1.61,,,,,,,,,
SH-Q3614,brandegeei,QUBR_LC_036,TCB-04946,09/23,7/8/2024,M. Evans,silica,FastPrep - 30 sec @ 6.0m/s,Scissors,EZNA,Consolidated,0.034,,,,96.0,,,,1.69,,1.08,,,,,,,,,
SH-Q3615,brandegeei,QUBR_LC_014,TCB-04948,09/23,7/8/2024,M. Evans,silica,FastPrep - 30 sec @ 6.0m/s,Scissors,EZNA,Consolidated,0.033,,,,104.3,,,,1.71,,0.76,,,,,,,,,
SH-Q3616,brandegeei,QUBR_LC_035,TCB-04954,09/23,7/8/2024,M. Evans,silica,FastPrep - 30 sec @ 6.0m/s,Scissors,EZNA,Consolidated,0.037,,,,92.0,,,,1.74,,0.80,,,,,,,,,
SH-Q3617,brandegeei,QUBR_LC_003,TCB-04956,09/23,7/8/2024,M. Evans,silica,FastPrep - 30 sec @ 6.0m/s,Scissors,EZNA,Consolidated,0.032,,,,92.4,,,,1.76,,0.34,,,,,,,,,
SH-Q3618,brandegeei,QUBR_LC_010,TCB-04957,09/23,7/8/2024,M. Evans,silica,FastPrep - 30 sec @ 6.0m/s,Scissors,EZNA,Consolidated,0.030,,,,101.8,,,,1.66,,0.76,,,,,,,,,
SH-Q3619,brandegeei,QUBR_LC_002,TCB-04958,09/23,7/8/2024,M. Evans,silica,FastPrep - 30 sec @ 6.0m/s,Scissors,EZNA,Consolidated,0.030,,,,90.9,,,,1.70,,0.32,,,,,,,,,
SH-Q3620,brandegeei,QUBR_LC_004,TCB-04959,09/23,7/8/2024,M. Evans,silica,FastPrep - 30 sec @ 6.0m/s,Scissors,EZNA,Consolidated,0.028,,,,77.6,,,,1.63,,0.44,,,,,,,,,
SH-Q3621,brandegeei,QUBR_LC_006,TCB-04960,09/23,7/8/2024,M. Evans,silica,FastPrep - 30 sec @ 6.0m/s,Scissors,EZNA,Consolidated,0.034,,,,76.8,,,,1.71,,0.64,,,,,,,,,
SH-Q3622,brandegeei,QUBR_LC_038,TCB-04962,09/23,7/8/2024,M. Evans,silica,FastPrep - 30 sec @ 6.0m/s,Scissors,EZNA,Consolidated,0.035,,,,46.8,,,,1.39,,0.11,,,,,,,,,
SH-Q3623,brandegeei,QUBR_LC_034,TCB-04963,09/23,7/8/2024,M. Evans,silica,FastPrep - 30 sec @ 6.0m/s,Scissors,EZNA,Consolidated,0.042,,,,126.9,,,,1.80,,0.92,,,,,,,,,
SH-Q3624,brandegeei,QUBR_LC_040,TCB-04964,09/23,7/8/2024,M. Evans,silica,FastPrep - 30 sec @ 6.0m/s,Scissors,EZNA,Consolidated,0.031,,,,88.4,,,,1.61,,0.50,,,,,,,,,
SH-Q3625,brandegeei,QUBR_LC_041,TCB-04965,09/23,7/8/2024,M. Evans,silica,FastPrep - 30 sec @ 6.0m/s,Scissors,EZNA,Consolidated,0.032,,,,66.2,,,,1.58,,0.22,,,,,,,,,
SH-Q3626,brandegeei,QUBR_LC_037,TCB-04966,09/23,7/8/2024,M. Evans,silica,FastPrep - 30 sec @ 6.0m/s,Scissors,EZNA,Consolidated,0.035,,,,87.7,,,,1.65,,0.35,,,,,,,,,
SH-Q3627,brandegeei,QUBR_LC_066,TCB-04970,09/23,7/8/2024,M. Evans,silica,FastPrep - 30 sec @ 6.0m/s,Scissors,EZNA,Consolidated,0.038,,,,101.0,,,,1.68,,0.44,,,,,,,,,
SH-Q3628,brandegeei,QUBR_LC_028,TCB-04971,09/23,7/8/2024,M. Evans,silica,FastPrep - 30 sec @ 6.0m/s,Scissors,EZNA,Consolidated,0.035,,,,73.5,,,,1.73,,0.67,,,,,,,,,
SH-Q3629,brandegeei,QUBR_LC_025,TCB-04972,09/23,6/24/2024,R. Wanger,silica,FastPrep - 30 sec @ 6.0m/s,Scissors,EZNA,Consolidated,0.045,,,,158.1,,,,1.74,,0.52,,,,,,,,,
SH-Q3630,brandegeei,QUBR_LC_178,TCB-04974,09/23,6/24/2024,R. Wanger,silica,FastPrep - 30 sec @ 6.0m/s,Scissors,EZNA,Consolidated,0.038,,,,218.1,,,,1.84,,1.03,,,,,,,,,
SH-Q3631,brandegeei,QUBR_LC_018,TCB-04975,09/23,6/24/2024,R. Wanger,silica,FastPrep - 30 sec @ 6.0m/s,Scissors,EZNA,Consolidated,0.045,,,,185.1,,,,1.78,,1.13,,,,,,,,,
SH-Q3632,brandegeei,QUBR_LC_173,TCB-04976,09/23,6/24/2024,R. Wanger,silica,FastPrep - 30 sec @ 6.0m/s,Scissors,EZNA,Consolidated,0.038,,,,158.9,,,,1.79,,0.68,,,,,,,,,
SH-Q3633,brandegeei,QUBR_LC_030,TCB-04978,09/23,6/24/2024,R. Wanger,silica,FastPrep - 30 sec @ 6.0m/s,Scissors,EZNA,Consolidated,0.037,,,,107.5,,,,1.49,,0.21,,,,,,,,,
SH-Q3634,brandegeei,QUBR_LC_046,TCB-04979,09/23,6/24/2024,R. Wanger,silica,FastPrep - 30 sec @ 6.0m/s,Scissors,EZNA,Consolidated,0.037,,,,166.1,,,,1.68,,0.31,,,,,,,,,
SH-Q3635,brandegeei,QUBR_LC_194,TCB-04980,09/23,6/24/2024,R. Wanger,silica,FastPrep - 30 sec @ 6.0m/s,Scissors,EZNA,Consolidated,0.038,,,,95.5,,,,1.71,,0.68,,,,,,,,,
SH-Q3636,brandegeei,QUBR_LC_042,TCB-04981,09/23,6/24/2024,R. Wanger,silica,FastPrep - 30 sec @ 6.0m/s,Scissors,EZNA,Consolidated,0.037,,,,115.4,,,,1.80,,1.50,,,,,,,,,
SH-Q3637,brandegeei,QUBR_LC_027,TCB-04982,09/23,6/24/2024,R. Wanger,silica,FastPrep - 30 sec @ 6.0m/s,Scissors,EZNA,Consolidated,0.039,,,,127.3,,,,1.78,,0.63,,,,,,,,,
SH-Q3638,brandegeei,QUBR_LC_193,TCB-04983,09/23,6/24/2024,R. Wanger,silica,FastPrep - 30 sec @ 6.0m/s,Scissors,EZNA,Consolidated,0.036,,,,153.5,,,,1.82,,1.74,,,,,,,,,
SH-Q3639,brandegeei,QUBR_LC_029,TCB-04984,09/23,6/24/2024,R. Wanger,silica,FastPrep - 30 sec @ 6.0m/s,Scissors,EZNA,Consolidated,0.038,,,,98.4,,,,1.77,,0.86,,,,,,,,,
SH-Q3640,brandegeei,QUBR_LC_213,TCB-04985,09/23,6/24/2024,R. Wanger,silica,FastPrep - 30 sec @ 6.0m/s,Scissors,EZNA,Consolidated,0.037,,,,150.3,,,,1.81,,1.44,,,,,,,,,
SH-Q3641,brandegeei,QUBR_LC_151,TCB-04986,09/23,6/24/2024,R. Wanger,silica,FastPrep - 30 sec @ 6.0m/s,Scissors,EZNA,Consolidated,0.044,,,,91.6,,,,1.81,,0.71,,,,,,,,,
SH-Q3642,brandegeei,QUBR_LC_097,TCB-04987,09/23,6/24/2024,R. Wanger,silica,FastPrep - 30 sec @ 6.0m/s,Scissors,EZNA,Consolidated,0.039,,,,97.2,,,,1.76,,0.65,,,,,,,,,
SH-Q3643,brandegeei,QUBR_LC_150,TCB-04988,09/23,6/24/2024,R. Wanger,silica,FastPrep - 30 sec @ 6.0m/s,Scissors,EZNA,Consolidated,0.038,,,,137.5,,,,1.78,,0.77,,,,,,,,,
SH-Q3644,brandegeei,QUBR_LC_045,TCB-04992,09/23,6/24/2024,R. Wanger,silica,FastPrep - 30 sec @ 6.0m/s,Scissors,EZNA,Consolidated,0.038,,,,250.7,,,,1.92,,1.41,,,,,,,,,
SH-Q3645,brandegeei,QUBR_LC_186,TCB-04993,09/23,6/24/2024,R. Wanger,silica,FastPrep - 30 sec @ 6.0m/s,Scissors,EZNA,Consolidated,0.036,,,,134.4,,,,1.81,,1.18,,,,,,,,,
SH-Q3646,brandegeei,QUBR_LC_098,TCB-04994,09/23,6/24/2024,R. Wanger,silica,FastPrep - 30 sec @ 6.0m/s,Scissors,EZNA,Consolidated,0.038,,,,121.8,,,,1.69,,0.28,,,,,,,,,
SH-Q3647,brandegeei,QUBR_LC_181,TCB-04995,09/23,6/24/2024,R. Wanger,silica,FastPrep - 30 sec @ 6.0m/s,Scissors,EZNA,Consolidated,0.037,,,,282.3,,,,1.86,,1.88,,,,,,,,,
SH-Q3648,brandegeei,QUBR_LC_180,TCB-04996,09/23,6/24/2024,R. Wanger,silica,FastPrep - 30 sec @ 6.0m/s,Scissors,EZNA,Consolidated,0.044,,,,280.4,,,,1.69,,0.34,,,,,,,,,
SH-Q3649,brandegeei,QUBR_LC_031,TCB-04997,09/23,6/24/2024,R. Wanger,silica,FastPrep - 30 sec @ 6.0m/s,Scissors,EZNA,Consolidated,0.039,,,,109.8,,,,1.82,,0.62,,,,,,,,,
SH-Q3650,brandegeei,QUBR_LC_133,TCB-04998,09/23,6/24/2024,R. Wanger,silica,FastPrep - 30 sec @ 6.0m/s,Scissors,EZNA,Consolidated,0.043,,,,108.2,,,,1.64,,0.22,,,,,,,,,
SH-Q3651,brandegeei,QUBR_LC_082,TCB-04999,09/23,6/24/2024,R. Wanger,silica,FastPrep - 30 sec @ 6.0m/s,Scissors,EZNA,Consolidated,0.044,,,,112.4,,,,1.70,,0.91,,,,,,,,,
SH-Q3652,brandegeei,QUBR_LC_117,TCB-05000,09/23,6/24/2024,R. Wanger,silica,FastPrep - 30 sec @ 6.0m/s,Scissors,EZNA,Consolidated,0.039,,,,85.4,,,,2.31,,0.75,,,,,,,,,
SH-Q3653,brandegeei,QUBR_LC_113,TCB-05001,09/23,7/10/2024,M. Evans,silica,FastPrep - 30 sec @ 6.0m/s,Scissors,EZNA,Consolidated,0.031,,,,98.3,,,,1.71,,1.19,,,,,,,,,
SH-Q3654,brandegeei,QUBR_LC_023,TCB-05002,09/23,7/10/2024,M. Evans,silica,FastPrep - 30 sec @ 6.0m/s,Scissors,EZNA,Consolidated,0.032,,,,112.0,,,,1.80,,1.65,,,,,,,,,
SH-Q3655,brandegeei,QUBR_LC_122,TCB-05003,09/23,7/10/2024,M. Evans,silica,FastPrep - 30 sec @ 6.0m/s,Scissors,EZNA,Consolidated,0.034,,,,71.7,,,,1.63,,0.90,,,,,,,,,
SH-Q3656,brandegeei,QUBR_LC_127,TCB-05004,09/23,7/10/2024,M. Evans,silica,FastPrep - 30 sec @ 6.0m/s,Scissors,EZNA,Consolidated,0.039,,,,68.5,,,,1.63,,0.85,,,,,,,,,
SH-Q3657,brandegeei,QUBR_LC_020,TCB-05005,09/23,7/10/2024,M. Evans,silica,FastPrep - 30 sec @ 6.0m/s,Scissors,EZNA,Consolidated,0.036,,,,104.6,,,,1.68,,0.67,,,,,,,,,
SH-Q3658,brandegeei,QUBR_LC_112,TCB-05006,09/23,7/10/2024,M. Evans,silica,FastPrep - 30 sec @ 6.0m/s,Scissors,EZNA,Consolidated,0.036,,,,82.1,,,,1.62,,0.93,,,,,,,,,
SH-Q3659,brandegeei,QUBR_LC_094,TCB-05007,09/23,7/10/2024,M. Evans,silica,FastPrep - 30 sec @ 6.0m/s,Scissors,EZNA,Consolidated,0.038,,,,108.6,,,,1.72,,0.72,,,,,,,,,
SH-Q3660,brandegeei,QUBR_LC_105,TCB-05008,09/23,7/10/2024,M. Evans,silica,FastPrep - 30 sec @ 6.0m/s,Scissors,EZNA,Consolidated,0.036,,,,54.6,,,,1.56,,0.76,,,,,,,,,
SH-Q3661,brandegeei,QUBR_LC_071,TCB-05009,09/23,7/10/2024,M. Evans,silica,FastPrep - 30 sec @ 6.0m/s,Scissors,EZNA,Consolidated,0.032,,,,76.6,,,,1.75,,1.21,,,,,,,,,
SH-Q3662,brandegeei,QUBR_LC_134,TCB-05010,09/23,7/10/2024,M. Evans,silica,FastPrep - 30 sec @ 6.0m/s,Scissors,EZNA,Consolidated,0.035,,,,127.8,,,,1.74,,1.36,,,,,,,,,
SH-Q3663,brandegeei,QUBR_LC_054,TCB-05011,09/23,7/10/2024,M. Evans,silica,FastPrep - 30 sec @ 6.0m/s,Scissors,EZNA,Consolidated,0.038,,,,81.0,,,,1.63,,0.42,,,,,,,,,
SH-Q3664,brandegeei,QUBR_LC_079,TCB-05012,09/23,7/10/2024,M. Evans,silica,FastPrep - 30 sec @ 6.0m/s,Scissors,EZNA,Consolidated,0.032,,,,86.6,,,,1.68,,0.36,,,,,,,,,
SH-Q3665,brandegeei,QUBR_LC_052,TCB-05013,09/23,7/10/2024,M. Evans,silica,FastPrep - 30 sec @ 6.0m/s,Scissors,EZNA,Consolidated,0.031,,,,67.4,,,,1.53,,0.69,,,,,,,,,
SH-Q3666,brandegeei,QUBR_LC_109,TCB-05014,09/23,7/10/2024,M. Evans,silica,FastPrep - 30 sec @ 6.0m/s,Scissors,EZNA,Consolidated,0.037,,,,78.4,,,,1.72,,1.10,,,,,,,,,
SH-Q3667,brandegeei,QUBR_LC_111,TCB-05015,09/23,7/10/2024,M. Evans,silica,FastPrep - 30 sec @ 6.0m/s,Scissors,EZNA,Consolidated,0.036,,,,63.3,,,,1.64,,0.36,,,,,,,,,
SH-Q3668,brandegeei,QUBR_LC_019,TCB-05016,09/23,7/10/2024,M. Evans,silica,FastPrep - 30 sec @ 6.0m/s,Scissors,EZNA,Consolidated,0.031,,,,109.5,,,,1.71,,1.14,,,,,,,,,
SH-Q3669,brandegeei,QUBR_LC_016,TCB-05017,09/23,7/10/2024,M. Evans,silica,FastPrep - 30 sec @ 6.0m/s,Scissors,EZNA,Consolidated,0.036,,,,106.7,,,,1.73,,1.39,,,,,,,,,
SH-Q3670,brandegeei,QUBR_LC_149,TCB-05018,09/23,7/10/2024,M. Evans,silica,FastPrep - 30 sec @ 6.0m/s,Scissors,EZNA,Consolidated,0.032,,,,67.1,,,,1.63,,0.25,,,,,,,,,
SH-Q3671,brandegeei,QUBR_LC_061,TCB-05019,09/23,7/10/2024,M. Evans,silica,FastPrep - 30 sec @ 6.0m/s,Scissors,EZNA,Consolidated,0.035,,,,87.8,,,,1.73,,0.51,,,,,,,,,
SH-Q3672,brandegeei,QUBR_LC_106,TCB-05020,09/23,7/10/2024,M. Evans,silica,FastPrep - 30 sec @ 6.0m/s,Scissors,EZNA,Consolidated,0.036,,,,58.4,,,,1.57,,0.73,,,,,,,,,
SH-Q3673,brandegeei,QUBR_LC_103,TCB-05021,09/23,7/10/2024,M. Evans,silica,FastPrep - 30 sec @ 6.0m/s,Scissors,EZNA,Consolidated,0.036,,,,90.7,,,,1.70,,1.35,,,,,,,,,
SH-Q3674,brandegeei,QUBR_LC_118,TCB-05022,09/23,7/10/2024,M. Evans,silica,FastPrep - 30 sec @ 6.0m/s,Scissors,EZNA,Consolidated,0.033,,,,59.1,,,,1.62,,0.38,,,,,,,,,
SH-Q3675,brandegeei,QUBR_LC_056,TCB-05023,09/23,7/10/2024,M. Evans,silica,FastPrep - 30 sec @ 6.0m/s,Scissors,EZNA,Consolidated,0.039,,,,48.8,,,,1.54,,0.70,,,,,,,,,
SH-Q3676,brandegeei,QUBR_LC_049,TCB-05024,09/23,7/10/2024,M. Evans,silica,FastPrep - 30 sec @ 6.0m/s,Scissors,EZNA,Consolidated,0.038,,,,110.2,,,,1.67,,0.42,,,,,,,,,
SH-Q3677,brandegeei,QUBR_LC_148,TCB-05025,09/23,6/25/2024,R. Wanger,silica,FastPrep - 30 sec @ 6.0m/s,Scissors,EZNA,Consolidated,0.042,,,,71.3,,,,1.70,,1.15,,,,,,,,,
SH-Q3678,brandegeei,QUBR_LC_072,TCB-05026,09/23,6/25/2024,R. Wanger,silica,FastPrep - 30 sec @ 6.0m/s,Scissors,EZNA,Consolidated,0.038,,,,98.5,,,,1.75,,1.08,,,,,,,,,
SH-Q3679,brandegeei,QUBR_LC_067,TCB-05027,09/23,6/25/2024,R. Wanger,silica,FastPrep - 30 sec @ 6.0m/s,Scissors,EZNA,Consolidated,0.043,,,,166.1,,,,1.69,,0.35,,,,,,,,,
SH-Q3680,brandegeei,QUBR_LC_059,TCB-05028,09/23,6/25/2024,R. Wanger,silica,FastPrep - 30 sec @ 6.0m/s,Scissors,EZNA,Consolidated,0.042,,,,144.7,,,,1.79,,1.46,,,,,,,,,
SH-Q3681,brandegeei,QUBR_LC_144,TCB-05029,09/23,6/25/2024,R. Wanger,silica,FastPrep - 30 sec @ 6.0m/s,Scissors,EZNA,Consolidated,0.044,,,,193.7,,,,1.73,,0.47,,,,,,,,,
SH-Q3682,brandegeei,QUBR_LC_143,TCB-05030,09/23,6/25/2024,R. Wanger,silica,FastPrep - 30 sec @ 6.0m/s,Scissors,EZNA,Consolidated,0.040,,,,126.8,,,,1.65,,0.25,,,,,,,,,
SH-Q3683,brandegeei,QUBR_LC_091,TCB-05031,09/23,6/25/2024,R. Wanger,silica,FastPrep - 30 sec @ 6.0m/s,Scissors,EZNA,Consolidated,0.045,,,,158.7,,,,1.83,,0.76,,,,,,,,,
SH-Q3684,brandegeei,QUBR_LC_135,TCB-05032,09/23,6/25/2024,R. Wanger,silica,FastPrep - 30 sec @ 6.0m/s,Scissors,EZNA,Consolidated,0.042,,,,113.1,,,,1.50,,0.18,,,,,,,,,
SH-Q3685,brandegeei,QUBR_LC_017,TCB-05033,09/23,6/25/2024,R. Wanger,silica,FastPrep - 30 sec @ 6.0m/s,Scissors,EZNA,Consolidated,0.037,,,,116.4,,,,1.78,,1.52,,,,,,,,,
SH-Q3686,brandegeei,QUBR_LC_147,TCB-05034,09/23,6/25/2024,R. Wanger,silica,FastPrep - 30 sec @ 6.0m/s,Scissors,EZNA,Consolidated,0.042,,,,112.3,,,,1.78,,1.05,,,,,,,,,
SH-Q3687,brandegeei,QUBR_LC_140,TCB-05036,09/23,6/25/2024,R. Wanger,silica,FastPrep - 30 sec @ 6.0m/s,Scissors,EZNA,Consolidated,0.042,,,,122.5,,,,1.81,,1.08,,,,,,,,,
SH-Q3688,brandegeei,QUBR_LC_074,TCB-05037,09/23,6/25/2024,R. Wanger,silica,FastPrep - 30 sec @ 6.0m/s,Scissors,EZNA,Consolidated,0.041,,,,129.1,,,,1.78,,0.60,,,,,,,,,
SH-Q3689,brandegeei,QUBR_LC_048,TCB-05038,09/23,6/25/2024,R. Wanger,silica,FastPrep - 30 sec @ 6.0m/s,Scissors,EZNA,Consolidated,0.044,,,,114.4,,,,1.67,,0.34,,,,,,,,,
SH-Q3690,brandegeei,QUBR_LC_136,TCB-05039,09/23,6/25/2024,R. Wanger,silica,FastPrep - 30 sec @ 6.0m/s,Scissors,EZNA,Consolidated,0.043,,,,124.2,,,,1.59,,0.22,,,,,,,,,
SH-Q3691,brandegeei,QUBR_LC_047,TCB-05040,09/23,6/25/2024,R. Wanger,silica,FastPrep - 30 sec @ 6.0m/s,Scissors,EZNA,Consolidated,0.040,,,,104.6,,,,1.52,,0.17,,,,,,,,,
SH-Q3692,brandegeei,QUBR_LC_132,TCB-05041,09/23,6/25/2024,R. Wanger,silica,FastPrep - 30 sec @ 6.0m/s,Scissors,EZNA,Consolidated,0.038,,,,188.0,,,,1.79,,0.90,,,,,,,,,
SH-Q3693,brandegeei,QUBR_LC_138,TCB-05042,09/23,6/25/2024,R. Wanger,silica,FastPrep - 30 sec @ 6.0m/s,Scissors,EZNA,Consolidated,0.040,,,,153.2,,,,1.77,,0.38,,,,,,,,,
SH-Q3694,brandegeei,QUBR_LC_096,TCB-05043,09/23,6/25/2024,R. Wanger,silica,FastPrep - 30 sec @ 6.0m/s,Scissors,EZNA,Consolidated,0.041,,,,134.4,,,,1.83,,1.49,,,,,,,,,
SH-Q3695,brandegeei,QUBR_LC_024,TCB-05044,09/23,6/25/2024,R. Wanger,silica,FastPrep - 30 sec @ 6.0m/s,Scissors,EZNA,Consolidated,0.038,,,,127.1,,,,1.58,,0.26,,,,,,,,,
SH-Q3696,brandegeei,QUBR_LC_068,TCB-05045,09/23,6/25/2024,R. Wanger,silica,FastPrep - 30 sec @ 6.0m/s,Scissors,EZNA,Consolidated,0.040,,,,119.0,,,,1.81,,0.61,,,,,,,,,
SH-Q3697,brandegeei,QUBR_LC_115,TCB-05046,09/23,6/25/2024,R. Wanger,silica,FastPrep - 30 sec @ 6.0m/s,Scissors,EZNA,Consolidated,0.040,,,,109.1,,,,1.81,,0.89,,,,,,,,,
SH-Q3698,brandegeei,QUBR_LC_073,TCB-05047,09/23,6/25/2024,R. Wanger,silica,FastPrep - 30 sec @ 6.0m/s,Scissors,EZNA,Consolidated,0.039,,,,111.2,,,,1.65,,0.27,,,,,,,,,
SH-Q3699,brandegeei,QUBR_LC_129,TCB-05048,09/23,6/25/2024,R. Wanger,silica,FastPrep - 30 sec @ 6.0m/s,Scissors,EZNA,Consolidated,0.044,,,,122.3,,,,1.70,,0.45,,,,,,,,,
SH-Q3700,brandegeei,QUBR_LC_078,TCB-05049,09/23,6/25/2024,R. Wanger,silica,FastPrep - 30 sec @ 6.0m/s,Scissors,EZNA,Consolidated,0.040,,,,135.2,,,,1.82,,0.63,,,,,,,,,
SH-Q3701,brandegeei,QUBR_LC_114,TCB-05050,09/23,7/5/2024,R. Wanger,silica,FastPrep - 30 sec @ 6.0m/s,Scissors,EZNA,Consolidated,0.039,,,,73.4,,,,1.71,,0.74,,,,,,,,,
SH-Q3702,brandegeei,QUBR_LC_080,TCB-05051,09/23,7/5/2024,R. Wanger,silica,FastPrep - 30 sec @ 6.0m/s,Scissors,EZNA,Consolidated,0.039,,,,91.7,,,,1.43,,0.17,,,,,,,,,
SH-Q3703,brandegeei,QUBR_LC_130,TCB-05052,09/23,7/5/2024,R. Wanger,silica,FastPrep - 30 sec @ 6.0m/s,Scissors,EZNA,Consolidated,0.037,,,,79.6,,,,1.73,,0.83,,,,,,,,,
SH-Q3704,brandegeei,QUBR_LC_081,TCB-05053,09/23,7/5/2024,R. Wanger,silica,FastPrep - 30 sec @ 6.0m/s,Scissors,EZNA,Consolidated,0.039,,,,66.1,,,,1.56,,0.69,,,,,,,,,
SH-Q3705,brandegeei,QUBR_LC_087,TCB-05054,09/23,7/5/2024,R. Wanger,silica,FastPrep - 30 sec @ 6.0m/s,Scissors,EZNA,Consolidated,0.040,,,,115.9,,,,1.48,,0.20,,,,,,,,,
SH-Q3706,brandegeei,QUBR_LC_104,TCB-05055,09/23,7/5/2024,R. Wanger,silica,FastPrep - 30 sec @ 6.0m/s,Scissors,EZNA,Consolidated,0.037,,,,112.8,,,,1.74,,1.20,,,,,,,,,
SH-Q3707,brandegeei,QUBR_LC_101,TCB-05056,09/23,7/5/2024,R. Wanger,silica,FastPrep - 30 sec @ 6.0m/s,Scissors,EZNA,Consolidated,0.039,,,,130.5,,,,1.78,,1.30,,,,,,,,,
SH-Q3708,brandegeei,QUBR_LC_069,TCB-05057,09/23,7/5/2024,R. Wanger,silica,FastPrep - 30 sec @ 6.0m/s,Scissors,EZNA,Consolidated,0.039,,,,102.3,,,,1.74,,1.26,,,,,,,,,
SH-Q3709,brandegeei,QUBR_LC_077,TCB-05058,09/23,7/5/2024,R. Wanger,silica,FastPrep - 30 sec @ 6.0m/s,Scissors,EZNA,Consolidated,0.039,,,,103.5,,,,1.66,,0.36,,,,,,,,,
SH-Q3710,brandegeei,QUBR_LC_053,TCB-05059,09/23,7/5/2024,R. Wanger,silica,FastPrep - 30 sec @ 6.0m/s,Scissors,EZNA,Consolidated,0.038,,,,75.4,,,,1.57,,0.36,,,,,,,,,
SH-Q3711,brandegeei,QUBR_LC_099,TCB-05060,09/23,7/5/2024,R. Wanger,silica,FastPrep - 30 sec @ 6.0m/s,Scissors,EZNA,Consolidated,0.039,,,,124.1,,,,1.78,,1.16,,,,,,,,,
SH-Q3712,brandegeei,QUBR_LC_107,TCB-05061,09/23,7/5/2024,R. Wanger,silica,FastPrep - 30 sec @ 6.0m/s,Scissors,EZNA,Consolidated,0.038,,,,92.7,,,,1.78,,1.38,,,,,,,,,
SH-Q3713,brandegeei,QUBR_LC_126,TCB-05062,09/23,7/5/2024,R. Wanger,silica,FastPrep - 30 sec @ 6.0m/s,Scissors,EZNA,Consolidated,0.038,,,,127.2,,,,1.75,,1.12,,,,,,,,,
SH-Q3714,brandegeei,QUBR_LC_095,TCB-05063,09/23,7/5/2024,R. Wanger,silica,FastPrep - 30 sec @ 6.0m/s,Scissors,EZNA,Consolidated,0.039,,,,113.2,,,,1.50,,0.17,,,,,,,,,
SH-Q3715,brandegeei,QUBR_LC_093,TCB-05064,09/23,7/5/2024,R. Wanger,silica,FastPrep - 30 sec @ 6.0m/s,Scissors,EZNA,Consolidated,0.036,,,,143.9,,,,1.52,,0.19,,,,,,,,,
SH-Q3716,brandegeei,QUBR_LC_125,TCB-05065,09/23,7/5/2024,R. Wanger,silica,FastPrep - 30 sec @ 6.0m/s,Scissors,EZNA,Consolidated,0.039,,,,134.0,,,,1.77,,1.14,,,,,,,,,
SH-Q3717,brandegeei,QUBR_LC_119,TCB-05066,09/23,7/5/2024,R. Wanger,silica,FastPrep - 30 sec @ 6.0m/s,Scissors,EZNA,Consolidated,0.039,,,,104.4,,,,1.77,,0.41,,,,,,,,,
SH-Q3718,brandegeei,QUBR_LC_145,TCB-05067,09/23,7/5/2024,R. Wanger,silica,FastPrep - 30 sec @ 6.0m/s,Scissors,EZNA,Consolidated,0.040,,,,129.1,,,,1.68,,0.33,,,,,,,,,
SH-Q3719,brandegeei,QUBR_LC_070,TCB-05068,09/23,7/5/2024,R. Wanger,silica,FastPrep - 30 sec @ 6.0m/s,Scissors,EZNA,Consolidated,0.038,,,,122.9,,,,1.71,,0.74,,,,,,,,,
SH-Q3720,brandegeei,QUBR_LC_124,TCB-05069,09/23,7/5/2024,R. Wanger,silica,FastPrep - 30 sec @ 6.0m/s,Scissors,EZNA,Consolidated,0.037,,,,112.1,,,,1.75,,0.99,,,,,,,,,
SH-Q3721,brandegeei,QUBR_LC_062,TCB-05070,09/23,7/5/2024,R. Wanger,silica,FastPrep - 30 sec @ 6.0m/s,Scissors,EZNA,Consolidated,0.038,,,,57.5,,,,1.65,,0.77,,,,,,,,,
SH-Q3722,brandegeei,QUBR_LC_142,TCB-05071,09/23,7/5/2024,R. Wanger,silica,FastPrep - 30 sec @ 6.0m/s,Scissors,EZNA,Consolidated,0.037,,,,129.2,,,,1.61,,0.26,,,,,,,,,
SH-Q3723,brandegeei,QUBR_LC_123,TCB-05072,09/23,7/5/2024,R. Wanger,silica,FastPrep - 30 sec @ 6.0m/s,Scissors,EZNA,Consolidated,0.037,,,,60.1,,,,1.70,,0.65,,,,,,,,,
SH-Q3724,brandegeei,QUBR_LC_058,TCB-05073,09/23,7/5/2024,R. Wanger,silica,FastPrep - 30 sec @ 6.0m/s,Scissors,EZNA,Consolidated,0.039,,,,53.7,,,,1.52,,0.44,,,,,,,,,
SH-Q3725,brandegeei,QUBR_LC_116,TCB-05074,09/23,7/19/2024,M. Evans,silica,FastPrep - 30 sec @ 6.0m/s,Scissors,EZNA,Consolidated,0.032,,,,129.5,,,,1.72,,1.73,,,,,,,,,Protein contamination indicated on Nanodrop
SH-Q3726,brandegeei,QUBR_LC_141,TCB-05075,09/23,7/19/2024,M. Evans,silica,FastPrep - 30 sec @ 6.0m/s,Scissors,EZNA,Consolidated,0.039,,,,106.1,,,,1.77,,0.71,,,,,,,,,Protein contamination indicated on Nanodrop
SH-Q3727,brandegeei,QUBR_LC_100,TCB-05076,09/23,7/19/2024,M. Evans,silica,FastPrep - 30 sec @ 6.0m/s,Scissors,EZNA,Consolidated,0.033,,,,121.5,,,,1.72,,1.14,,,,,,,,,Protein contamination indicated on Nanodrop
SH-Q3728,brandegeei,QUBR_LC_092,TCB-05077,09/23,7/19/2024,M. Evans,silica,FastPrep - 30 sec @ 6.0m/s,Scissors,EZNA,Consolidated,0.034,,,,125.5,,,,1.76,,0.86,,,,,,,,,Protein contamination indicated on Nanodrop
SH-Q3729,brandegeei,QUBR_LC_050,TCB-05078,09/23,7/19/2024,M. Evans,silica,FastPrep - 30 sec @ 6.0m/s,Scissors,EZNA,Consolidated,0.034,,,,154.6,,,,1.74,,1.67,,,,,,,,,
SH-Q3730,brandegeei,QUBR_LC_108,TCB-05079,09/23,7/19/2024,M. Evans,silica,FastPrep - 30 sec @ 6.0m/s,Scissors,EZNA,Consolidated,0.036,,,,110.3,,,,1.74,,0.50,,,,,,,,,
SH-Q3731,brandegeei,QUBR_LC_063,TCB-05080,09/23,7/19/2024,M. Evans,silica,FastPrep - 30 sec @ 6.0m/s,Scissors,EZNA,Consolidated,0.037,,,,90.1,,,,1.73,,1.03,,,,,,,,,Protein contamination indicated on Nanodrop
SH-Q3732,brandegeei,QUBR_LC_110,TCB-05081,09/23,7/19/2024,M. Evans,silica,FastPrep - 30 sec @ 6.0m/s,Scissors,EZNA,Consolidated,0.040,,,,91.6,,,,1.76,,1.16,,,,,,,,,
SH-Q3733,brandegeei,QUBR_LC_057,TCB-05082,09/23,7/19/2024,M. Evans,silica,FastPrep - 30 sec @ 6.0m/s,Scissors,EZNA,Consolidated,0.040,,,,72.7,,,,1.65,,0.76,,,,,,,,,
SH-Q3734,brandegeei,QUBR_LC_021,TCB-05083,09/23,7/19/2024,M. Evans,silica,FastPrep - 30 sec @ 6.0m/s,Scissors,EZNA,Consolidated,0.033,,,,79.2,,,,1.69,,0.59,,,,,,,,,
SH-Q3735,brandegeei,QUBR_LC_146,TCB-05084,09/23,7/19/2024,M. Evans,silica,FastPrep - 30 sec @ 6.0m/s,Scissors,EZNA,Consolidated,0.037,,,,95.2,,,,1.67,,1.33,,,,,,,,,
SH-Q3736,brandegeei,QUBR_LC_121,TCB-05085,09/23,7/19/2024,M. Evans,silica,FastPrep - 30 sec @ 6.0m/s,Scissors,EZNA,Consolidated,0.035,,,,52.2,,,,1.58,,0.26,,,,,,,,,
SH-Q3737,brandegeei,QUBR_LC_120,TCB-05086,09/23,7/19/2024,M. Evans,silica,FastPrep - 30 sec @ 6.0m/s,Scissors,EZNA,Consolidated,0.035,,,,67.0,,,,1.70,,1.44,,,,,,,,,
SH-Q3738,brandegeei,QUBR_LC_064,TCB-05087,09/23,7/19/2024,M. Evans,silica,FastPrep - 30 sec @ 6.0m/s,Scissors,EZNA,Consolidated,0.038,,,,128.5,,,,1.69,,1.33,,,,,,,,,
SH-Q3739,brandegeei,QUBR_LC_065,TCB-05088,09/23,7/19/2024,M. Evans,silica,FastPrep - 30 sec @ 6.0m/s,Scissors,EZNA,Consolidated,0.038,,,,137.1,,,,1.71,,1.40,,,,,,,,,
SH-Q3740,brandegeei,QUBR_LC_137,TCB-05089,09/23,7/19/2024,M. Evans,silica,FastPrep - 30 sec @ 6.0m/s,Scissors,EZNA,Consolidated,0.040,,,,100.0,,,,1.72,,0.46,,,,,,,,,
SH-Q3741,brandegeei,QUBR_LC_139,TCB-05090,09/23,7/19/2024,M. Evans,silica,FastPrep - 30 sec @ 6.0m/s,Scissors,EZNA,Consolidated,0.036,,,,71.8,,,,1.58,,0.68,,,,,,,,,
SH-Q3742,brandegeei,QUBR_LC_060,TCB-05091,09/23,7/19/2024,M. Evans,silica,FastPrep - 30 sec @ 6.0m/s,Scissors,EZNA,Consolidated,0.035,,,,102.4,,,,1.64,,0.50,,,,,,,,,Protein contamination indicated on Nanodrop
SH-Q3743,brandegeei,QUBR_LC_022,TCB-05092,09/23,7/19/2024,M. Evans,silica,FastPrep - 30 sec @ 6.0m/s,Scissors,EZNA,Consolidated,0.029,,,,73.6,,,,1.65,,1.48,,,,,,,,,Protein contamination indicated on Nanodrop
SH-Q3744,brandegeei,QUBR_LC_055,TCB-05093,09/23,7/19/2024,M. Evans,silica,FastPrep - 30 sec @ 6.0m/s,Scissors,EZNA,Consolidated,0.034,,,,80.7,,,,1.57,,1.04,,,,,,,,,
SH-Q3745,brandegeei,QUBR_SD_104,TCB-05094,09/23,7/19/2024,M. Evans,silica,FastPrep - 30 sec @ 6.0m/s,Scissors,EZNA,Consolidated,0.031,,,,99.0,,,,1.72,,0.54,,,,,,,,,
SH-Q3746,brandegeei,QUBR_SD_243,TCB-05095,09/23,7/19/2024,M. Evans,silica,FastPrep - 30 sec @ 6.0m/s,Scissors,EZNA,Consolidated,0.035,,,,72.6,,,,1.56,,0.47,,,,,,,,,
SH-Q3747,brandegeei,QUBR_SD_199,TCB-05099,09/23,7/19/2024,M. Evans,silica,FastPrep - 30 sec @ 6.0m/s,Scissors,EZNA,Consolidated,0.035,,,,103.1,,,,1.68,,1.10,,,,,,,,,
SH-Q3748,brandegeei,QUBR_SD_154,TCB-05100,09/23,7/19/2024,M. Evans,silica,FastPrep - 30 sec @ 6.0m/s,Scissors,EZNA,Consolidated,0.034,,,,67.3,,,,1.64,,0.41,,,,,,,,,
SH-Q3749,brandegeei,QUBR_SD_152,TCB-05101,09/23,7/9/2024,R. Wanger,silica,FastPrep - 30 sec @ 6.0m/s,Scissors,EZNA,Consolidated,0.039,,,,119.8,,,,1.78,,0.46,,,,,,,,,
SH-Q3750,brandegeei,QUBR_SD_205,TCB-05102,09/23,7/9/2024,R. Wanger,silica,FastPrep - 30 sec @ 6.0m/s,Scissors,EZNA,Consolidated,0.036,,,,67.9,,,,1.69,,0.65,,,,,,,,,
SH-Q3751,brandegeei,QUBR_SD_187,TCB-05103,09/23,7/9/2024,R. Wanger,silica,FastPrep - 30 sec @ 6.0m/s,Scissors,EZNA,Consolidated,0.037,,,,105.8,,,,1.71,,1.40,,,,,,,,,
SH-Q3752,brandegeei,QUBR_SD_021,TCB-05104,09/23,7/9/2024,R. Wanger,silica,FastPrep - 30 sec @ 6.0m/s,Scissors,EZNA,Consolidated,0.037,,,,88.0,,,,1.73,,0.89,,,,,,,,,
SH-Q3753,brandegeei,QUBR_SD_192,TCB-05105,09/23,7/9/2024,R. Wanger,silica,FastPrep - 30 sec @ 6.0m/s,Scissors,EZNA,Consolidated,0.039,,,,126.2,,,,1.76,,0.82,,,,,,,,,
SH-Q3754,brandegeei,QUBR_SD_063,TCB-05106,09/23,7/9/2024,R. Wanger,silica,FastPrep - 30 sec @ 6.0m/s,Scissors,EZNA,Consolidated,0.037,,,,165.1,,,,1.80,,1.38,,,,,,,,,
SH-Q3755,brandegeei,QUBR_SD_203,TCB-05107,09/23,7/9/2024,R. Wanger,silica,FastPrep - 30 sec @ 6.0m/s,Scissors,EZNA,Consolidated,0.039,,,,76.2,,,,1.44,,0.17,,,,,,,,,
SH-Q3756,brandegeei,QUBR_SD_179,TCB-05108,09/23,7/9/2024,R. Wanger,silica,FastPrep - 30 sec @ 6.0m/s,Scissors,EZNA,Consolidated,0.037,,,,95.3,,,,1.70,,1.11,,,,,,,,,
SH-Q3757,brandegeei,QUBR_SD_056,TCB-05109,09/23,7/9/2024,R. Wanger,silica,FastPrep - 30 sec @ 6.0m/s,Scissors,EZNA,Consolidated,0.038,,,,72.4,,,,1.68,,0.70,,,,,,,,,
SH-Q3758,brandegeei,QUBR_SD_210,TCB-05111,09/23,7/9/2024,R. Wanger,silica,FastPrep - 30 sec @ 6.0m/s,Scissors,EZNA,Consolidated,0.037,,,,82.3,,,,1.74,,1.42,,,,,,,,,
SH-Q3759,brandegeei,QUBR_SD_208,TCB-05113,09/23,7/9/2024,R. Wanger,silica,FastPrep - 30 sec @ 6.0m/s,Scissors,EZNA,Consolidated,0.036,,,,92.1,,,,1.47,,0.19,,,,,,,,,
SH-Q3760,brandegeei,QUBR_SD_023,TCB-05114,09/23,7/9/2024,R. Wanger,silica,FastPrep - 30 sec @ 6.0m/s,Scissors,EZNA,Consolidated,0.037,,,,116.0,,,,1.51,,0.17,,,,,,,,,
SH-Q3761,brandegeei,QUBR_SD_054,TCB-05116,09/23,7/9/2024,R. Wanger,silica,FastPrep - 30 sec @ 6.0m/s,Scissors,EZNA,Consolidated,0.036,,,,60.8,,,,1.73,,0.37,,,,,,,,,
SH-Q3762,brandegeei,QUBR_SD_237,TCB-05117,09/23,7/9/2024,R. Wanger,silica,FastPrep - 30 sec @ 6.0m/s,Scissors,EZNA,Consolidated,0.038,,,,57.7,,,,1.66,,0.97,,,,,,,,,
SH-Q3763,brandegeei,QUBR_SD_046,TCB-05118,09/23,7/9/2024,R. Wanger,silica,FastPrep - 30 sec @ 6.0m/s,Scissors,EZNA,Consolidated,0.037,,,,79.2,,,,1.39,,0.14,,,,,,,,,
SH-Q3764,brandegeei,QUBR_SD_156,TCB-05119,09/23,7/9/2024,R. Wanger,silica,FastPrep - 30 sec @ 6.0m/s,Scissors,EZNA,Consolidated,0.040,,,,152.0,,,,1.80,,0.69,,,,,,,,,
SH-Q3765,brandegeei,QUBR_SD_162,TCB-05120,09/23,7/9/2024,R. Wanger,silica,FastPrep - 30 sec @ 6.0m/s,Scissors,EZNA,Consolidated,0.037,,,,157.3,,,,1.68,,0.44,,,,,,,,,
SH-Q3766,brandegeei,QUBR_SD_158,TCB-05121,09/23,7/9/2024,R. Wanger,silica,FastPrep - 30 sec @ 6.0m/s,Scissors,EZNA,Consolidated,0.038,,,,112.0,,,,1.66,,0.28,,,,,,,,,
SH-Q3767,brandegeei,QUBR_SD_198,TCB-05123,09/23,7/9/2024,R. Wanger,silica,FastPrep - 30 sec @ 6.0m/s,Scissors,EZNA,Consolidated,0.039,,,,145.5,,,,1.73,,0.78,,,,,,,,,
SH-Q3768,brandegeei,QUBR_SD_025,TCB-05124,09/23,7/9/2024,R. Wanger,silica,FastPrep - 30 sec @ 6.0m/s,Scissors,EZNA,Consolidated,0.038,,,,138.6,,,,1.81,,1.49,,,,,,,,,
SH-Q3769,brandegeei,QUBR_SD_178,TCB-05125,09/23,7/9/2024,R. Wanger,silica,FastPrep - 30 sec @ 6.0m/s,Scissors,EZNA,Consolidated,0.039,,,,89.6,,,,1.74,,0.58,,,,,,,,,
SH-Q3770,brandegeei,QUBR_SD_019,TCB-05126,09/23,7/9/2024,R. Wanger,silica,FastPrep - 30 sec @ 6.0m/s,Scissors,EZNA,Consolidated,0.038,,,,77.2,,,,1.79,,1.26,,,,,,,,,
SH-Q3771,brandegeei,QUBR_SD_049,TCB-05127,09/23,7/9/2024,R. Wanger,silica,FastPrep - 30 sec @ 6.0m/s,Scissors,EZNA,Consolidated,0.035,,,,88.4,,,,1.71,,0.52,,,,,,,,,
SH-Q3772,brandegeei,QUBR_SD_241,TCB-05128,09/23,7/9/2024,R. Wanger,silica,FastPrep - 30 sec @ 6.0m/s,Scissors,EZNA,Consolidated,0.039,,,,74.0,,,,1.70,,0.81,,,,,,,,,
SH-Q3773,brandegeei,QUBR_SD_055,TCB-05129,09/23,7/24/2024,M. Evans,silica,FastPrep - 30 sec @ 6.0m/s,Scissors,EZNA,Consolidated,0.035,,,,112.1,,,,1.72,,1.70,,,,,,,,,
SH-Q3774,brandegeei,QUBR_SD_236,TCB-05131,09/23,7/24/2024,M. Evans,silica,FastPrep - 30 sec @ 6.0m/s,Scissors,EZNA,Consolidated,0.031,,,,69.2,,,,1.71,,0.49,,,,,,,,,
SH-Q3775,brandegeei,QUBR_SD_045,TCB-05132,09/23,7/24/2024,M. Evans,silica,FastPrep - 30 sec @ 6.0m/s,Scissors,EZNA,Consolidated,0.035,,,,95.7,,,,1.66,,0.54,,,,,,,,,
SH-Q3776,brandegeei,QUBR_SD_065,TCB-05133,09/23,7/24/2024,M. Evans,silica,FastPrep - 30 sec @ 6.0m/s,Scissors,EZNA,Consolidated,0.035,,,,149.3,,,,1.70,,0.94,,,,,,,,,Protein contamination indicated on Nanodrop
SH-Q3777,brandegeei,QUBR_SD_161,TCB-05134,09/23,7/24/2024,M. Evans,silica,FastPrep - 30 sec @ 6.0m/s,Scissors,EZNA,Consolidated,0.040,,,,109.0,,,,1.78,,0.47,,,,,,,,,
SH-Q3778,brandegeei,QUBR_SD_212,TCB-05135,09/23,7/24/2024,M. Evans,silica,FastPrep - 30 sec @ 6.0m/s,Scissors,EZNA,Consolidated,0.037,,,,140.4,,,,1.68,,1.26,,,,,,,,,
SH-Q3779,brandegeei,QUBR_SD_051,TCB-05136,09/23,7/24/2024,M. Evans,silica,FastPrep - 30 sec @ 6.0m/s,Scissors,EZNA,Consolidated,0.030,,,,81.4,,,,1.68,,0.86,,,,,,,,,
SH-Q3780,brandegeei,QUBR_SD_188,TCB-05137,09/23,7/24/2024,M. Evans,silica,FastPrep - 30 sec @ 6.0m/s,Scissors,EZNA,Consolidated,0.032,,,,102.2,,,,1.73,,1.22,,,,,,,,,
SH-Q3781,brandegeei,QUBR_SD_053,TCB-05138,09/23,7/24/2024,M. Evans,silica,FastPrep - 30 sec @ 6.0m/s,Scissors,EZNA,Consolidated,0.040,,,,62.8,,,,1.64,,1.10,,,,,,,,,
SH-Q3782,brandegeei,QUBR_SD_189,TCB-05139,09/23,7/24/2024,M. Evans,silica,FastPrep - 30 sec @ 6.0m/s,Scissors,EZNA,Consolidated,0.030,,,,124.7,,,,1.74,,0.83,,,,,,,,,Protein contamination indicated on Nanodrop
SH-Q3783,brandegeei,QUBR_SD_062,TCB-05140,09/23,7/24/2024,M. Evans,silica,FastPrep - 30 sec @ 6.0m/s,Scissors,EZNA,Consolidated,0.032,,,,130.1,,,,1.72,,1.78,,,,,,,,,Protein contamination indicated on Nanodrop
SH-Q3784,brandegeei,QUBR_SD_235,TCB-05141,09/23,7/24/2024,M. Evans,silica,FastPrep - 30 sec @ 6.0m/s,Scissors,EZNA,Consolidated,0.035,,,,51.7,,,,1.47,,0.79,,,,,,,,,
SH-Q3785,brandegeei,QUBR_SD_052,TCB-05143,09/23,7/24/2024,M. Evans,silica,FastPrep - 30 sec @ 6.0m/s,Scissors,EZNA,Consolidated,0.035,,,,77.7,,,,1.73,,1.27,,,,,,,,,Protein contamination indicated on Nanodrop
SH-Q3786,brandegeei,QUBR_SD_027,TCB-05144,09/23,7/24/2024,M. Evans,silica,FastPrep - 30 sec @ 6.0m/s,Scissors,EZNA,Consolidated,0.035,,,,81.5,,,,1.73,,0.77,,,,,,,,,Protein contamination indicated on Nanodrop
SH-Q3787,brandegeei,QUBR_SD_061,TCB-05145,09/23,7/24/2024,M. Evans,silica,FastPrep - 30 sec @ 6.0m/s,Scissors,EZNA,Consolidated,0.035,,,,103.7,,,,1.77,,0.58,,,,,,,,,
SH-Q3788,brandegeei,QUBR_SD_031,TCB-05146,09/23,7/24/2024,M. Evans,silica,FastPrep - 30 sec @ 6.0m/s,Scissors,EZNA,Consolidated,0.034,,,,91.4,,,,1.77,,1.38,,,,,,,,,
SH-Q3789,brandegeei,QUBR_SD_249,TCB-05147,09/23,7/24/2024,M. Evans,silica,FastPrep - 30 sec @ 6.0m/s,Scissors,EZNA,Consolidated,0.037,,,,113.5,,,,1.72,,1.24,,,,,,,,,Protein contamination indicated on Nanodrop
SH-Q3790,brandegeei,QUBR_SD_250,TCB-05148,09/23,7/24/2024,M. Evans,silica,FastPrep - 30 sec @ 6.0m/s,Scissors,EZNA,Consolidated,0.035,,,,64.9,,,,1.68,,0.71,,,,,,,,,
SH-Q3791,brandegeei,QUBR_SD_028,TCB-05149,09/23,7/24/2024,M. Evans,silica,FastPrep - 30 sec @ 6.0m/s,Scissors,EZNA,Consolidated,0.035,,,,111.8,,,,1.75,,1.48,,,,,,,,,
SH-Q3792,brandegeei,QUBR_SD_248,TCB-05150,09/23,7/24/2024,M. Evans,silica,FastPrep - 30 sec @ 6.0m/s,Scissors,EZNA,Consolidated,0.032,,,,80.3,,,,1.72,,0.47,,,,,,,,,
SH-Q3793,brandegeei,QUBR_SD_155,TCB-05151,09/23,7/24/2024,M. Evans,silica,FastPrep - 30 sec @ 6.0m/s,Scissors,EZNA,Consolidated,0.038,,,,110.0,,,,1.70,,1.23,,,,,,,,,Protein contamination indicated on Nanodrop
SH-Q3794,brandegeei,QUBR_SD_050,TCB-05152,09/23,7/24/2024,M. Evans,silica,FastPrep - 30 sec @ 6.0m/s,Scissors,EZNA,Consolidated,0.036,,,,136.6,,,,1.56,,0.32,,,,,,,,,
SH-Q3795,brandegeei,QUBR_SD_234,TCB-05153,09/23,7/24/2024,M. Evans,silica,FastPrep - 30 sec @ 6.0m/s,Scissors,EZNA,Consolidated,0.036,,,,53.6,,,,1.58,,0.73,,,,,,,,,
SH-Q3796,brandegeei,QUBR_SD_029,TCB-05154,09/23,7/24/2024,M. Evans,silica,FastPrep - 30 sec @ 6.0m/s,Scissors,EZNA,Consolidated,0.042,,,,153.1,,,,1.81,,1.46,,,,,,,,,
SH-Q3797,brandegeei,QUBR_SD_058,TCB-05155,09/23,7/5/2024,A. Hamilton,silica,FastPrep - 30 sec @ 6.0m/s,Scissors,EZNA,Consolidated,0.035,,,,80.7,,,,1.44,,0.16,,,,,,,,,
SH-Q3798,brandegeei,QUBR_SD_159,TCB-05156,09/23,7/5/2024,A. Hamilton,silica,FastPrep - 30 sec @ 6.0m/s,Scissors,EZNA,Consolidated,0.037,,,,131.7,,,,1.58,,0.47,,,,,,,,,
SH-Q3799,brandegeei,QUBR_SD_026,TCB-05157,09/23,7/5/2024,A. Hamilton,silica,FastPrep - 30 sec @ 6.0m/s,Scissors,EZNA,Consolidated,0.038,,,,109.0,,,,1.64,,0.26,,,,,,,,,
SH-Q3800,brandegeei,QUBR_SD_048,TCB-05158,09/23,7/5/2024,A. Hamilton,silica,FastPrep - 30 sec @ 6.0m/s,Scissors,EZNA,Consolidated,0.037,,,,82.5,,,,1.73,,0.58,,,,,,,,,
SH-Q3801,brandegeei,QUBR_SD_064,TCB-05159,09/23,7/5/2024,A. Hamilton,silica,FastPrep - 30 sec @ 6.0m/s,Scissors,EZNA,Consolidated,0.040,,,,166.6,,,,1.79,,1.21,,,,,,,,,
SH-Q3802,brandegeei,QUBR_SD_300,TCB-05160,09/23,7/5/2024,A. Hamilton,silica,FastPrep - 30 sec @ 6.0m/s,Scissors,EZNA,Consolidated,0.037,,,,80.7,,,,1.79,,0.71,,,,,,,,,
SH-Q3803,brandegeei,QUBR_SD_006,TCB-05163,09/23,7/5/2024,A. Hamilton,silica,FastPrep - 30 sec @ 6.0m/s,Scissors,EZNA,Consolidated,0.038,,,,110.6,,,,1.73,,1.17,,,,,,,,,
SH-Q3804,brandegeei,QUBR_SD_072,TCB-05164,09/23,7/5/2024,A. Hamilton,silica,FastPrep - 30 sec @ 6.0m/s,Scissors,EZNA,Consolidated,0.034,,,,113.6,,,,1.78,,1.25,,,,,,,,,
SH-Q3805,brandegeei,QUBR_SD_143,TCB-05165,09/23,7/11/2024,R. Wanger,silica,FastPrep - 30 sec @ 6.0m/s,Scissors,EZNA,Consolidated,0.039,,,,155.3,,,,1.79,,1.39,,,,,,,,,
SH-Q3806,brandegeei,QUBR_SD_042,TCB-05166,09/23,7/11/2024,R. Wanger,silica,FastPrep - 30 sec @ 6.0m/s,Scissors,EZNA,Consolidated,0.037,,,,101.1,,,,1.57,,0.19,,,,,,,,,
SH-Q3807,brandegeei,QUBR_SD_135,TCB-05168,09/23,7/11/2024,R. Wanger,silica,FastPrep - 30 sec @ 6.0m/s,Scissors,EZNA,Consolidated,0.039,,,,106.8,,,,1.78,,1.22,,,,,,,,,
SH-Q3808,brandegeei,QUBR_SD_093,TCB-05169,09/23,7/11/2024,R. Wanger,silica,FastPrep - 30 sec @ 6.0m/s,Scissors,EZNA,Consolidated,0.037,,,,73.2,,,,1.44,,0.16,,,,,,,,,
SH-Q3809,brandegeei,QUBR_SD_068,TCB-05170,09/23,7/11/2024,R. Wanger,silica,FastPrep - 30 sec @ 6.0m/s,Scissors,EZNA,Consolidated,0.037,,,,79.8,,,,1.74,,0.71,,,,,,,,,
SH-Q3810,brandegeei,QUBR_SD_084,TCB-05171,09/23,7/11/2024,R. Wanger,silica,FastPrep - 30 sec @ 6.0m/s,Scissors,EZNA,Consolidated,0.039,,,,108.6,,,,1.75,,1.41,,,,,,,,,
SH-Q3811,brandegeei,QUBR_SD_075,TCB-05172,09/23,7/11/2024,R. Wanger,silica,FastPrep - 30 sec @ 6.0m/s,Scissors,EZNA,Consolidated,0.039,,,,87.7,,,,1.73,,0.29,,,,,,,,,
SH-Q3812,brandegeei,QUBR_SD_136,TCB-05173,09/23,7/11/2024,R. Wanger,silica,FastPrep - 30 sec @ 6.0m/s,Scissors,EZNA,Consolidated,0.037,,,,131.4,,,,1.73,,1.11,,,,,,,,,
SH-Q3813,brandegeei,QUBR_SD_015,TCB-05174,09/23,7/11/2024,R. Wanger,silica,FastPrep - 30 sec @ 6.0m/s,Scissors,EZNA,Consolidated,0.039,,,,97.8,,,,1.77,,1.39,,,,,,,,,
SH-Q3814,brandegeei,QUBR_SD_034,TCB-05175,09/23,7/11/2024,R. Wanger,silica,FastPrep - 30 sec @ 6.0m/s,Scissors,EZNA,Consolidated,0.037,,,,146.2,,,,1.77,,1.10,,,,,,,,,
SH-Q3815,brandegeei,QUBR_SD_150,TCB-05176,09/23,7/11/2024,R. Wanger,silica,FastPrep - 30 sec @ 6.0m/s,Scissors,EZNA,Consolidated,0.039,,,,96.4,,,,1.79,,1.29,,,,,,,,,
SH-Q3816,brandegeei,QUBR_SD_140,TCB-05177,09/23,7/11/2024,R. Wanger,silica,FastPrep - 30 sec @ 6.0m/s,Scissors,EZNA,Consolidated,0.037,,,,95.2,,,,1.39,,0.11,,,,,,,,,
SH-Q3817,brandegeei,QUBR_SD_103,TCB-05178,09/23,7/11/2024,R. Wanger,silica,FastPrep - 30 sec @ 6.0m/s,Scissors,EZNA,Consolidated,0.039,,,,107.0,,,,1.55,,0.14,,,,,,,,,
SH-Q3818,brandegeei,QUBR_SD_128,TCB-05179,09/23,7/11/2024,R. Wanger,silica,FastPrep - 30 sec @ 6.0m/s,Scissors,EZNA,Consolidated,0.038,,,,94.9,,,,1.73,,0.50,,,,,,,,,
SH-Q3819,brandegeei,QUBR_SD_142,TCB-05180,09/23,7/11/2024,R. Wanger,silica,FastPrep - 30 sec @ 6.0m/s,Scissors,EZNA,Consolidated,0.038,,,,93.6,,,,1.74,,0.41,,,,,,,,,
SH-Q3820,brandegeei,QUBR_SD_100,TCB-05181,09/23,7/11/2024,R. Wanger,silica,FastPrep - 30 sec @ 6.0m/s,Scissors,EZNA,Consolidated,0.037,,,,95.8,,,,1.78,,0.65,,,,,,,,,
SH-Q3821,brandegeei,QUBR_SD_066,TCB-05207,09/23,7/11/2024,R. Wanger,silica,FastPrep - 30 sec @ 6.0m/s,Scissors,EZNA,Consolidated,0.038,,,,101.7,,,,1.61,,0.22,,,,,,,,,
SH-Q3822,brandegeei,QUBR_SD_076,TCB-05208,09/23,7/11/2024,R. Wanger,silica,FastPrep - 30 sec @ 6.0m/s,Scissors,EZNA,Consolidated,0.039,,,,167.1,,,,1.89,,1.61,,,,,,,,,
SH-Q3823,brandegeei,QUBR_SD_146,TCB-05209,09/23,7/11/2024,R. Wanger,silica,FastPrep - 30 sec @ 6.0m/s,Scissors,EZNA,Consolidated,0.039,,,,191.6,,,,1.86,,1.06,,,,,,,,,
SH-Q3824,brandegeei,QUBR_SD_120,TCB-05210,09/23,7/11/2024,R. Wanger,silica,FastPrep - 30 sec @ 6.0m/s,Scissors,EZNA,Consolidated,0.038,,,,157.5,,,,1.75,,0.42,,,,,,,,,
SH-Q3825,brandegeei,QUBR_SD_036,TCB-05211,09/23,7/11/2024,R. Wanger,silica,FastPrep - 30 sec @ 6.0m/s,Scissors,EZNA,Consolidated,0.039,,,,118.2,,,,1.65,,0.35,,,,,,,,,
SH-Q3826,brandegeei,QUBR_SD_202,TCB-05212,09/23,7/11/2024,R. Wanger,silica,FastPrep - 30 sec @ 6.0m/s,Scissors,EZNA,Consolidated,0.038,,,,80.6,,,,1.71,,0.25,,,,,,,,,
SH-Q3827,brandegeei,QUBR_SD_041,TCB-05213,09/23,7/11/2024,R. Wanger,silica,FastPrep - 30 sec @ 6.0m/s,Scissors,EZNA,Consolidated,0.039,,,,118.9,,,,1.73,,0.30,,,,,,,,,
SH-Q3828,brandegeei,QUBR_SD_184,TCB-05214,09/23,7/11/2024,R. Wanger,silica,FastPrep - 30 sec @ 6.0m/s,Scissors,EZNA,Consolidated,0.038,,,,89.5,,,,1.78,,1.40,,,,,,,,,
SH-Q3829,brandegeei,QUBR_SD_147,TCB-05182,09/23,7/30/2024,R. Wanger,silica,FastPrep - 30 sec @ 6.0m/s,Scissors,EZNA,Consolidated,0.039,,,,112.4,,,,1.72,,1.64,,,,,,,,,
SH-Q3830,brandegeei,QUBR_SD_099,TCB-05183,09/23,7/30/2024,R. Wanger,silica,FastPrep - 30 sec @ 6.0m/s,Scissors,EZNA,Consolidated,0.039,,,,171.7,,,,1.82,,1.85,,,,,,,,,
SH-Q3831,brandegeei,QUBR_SD_141,TCB-05184,09/23,7/30/2024,R. Wanger,silica,FastPrep - 30 sec @ 6.0m/s,Scissors,EZNA,Consolidated,0.036,,,,117.3,,,,1.82,,1.18,,,,,,,,,
SH-Q3832,brandegeei,QUBR_SD_002,TCB-05185,09/23,7/30/2024,R. Wanger,silica,FastPrep - 30 sec @ 6.0m/s,Scissors,EZNA,Consolidated,0.038,,,,128.0,,,,1.63,,0.28,,,,,,,,,
SH-Q3833,brandegeei,QUBR_SD_007,TCB-05186,09/23,7/30/2024,R. Wanger,silica,FastPrep - 30 sec @ 6.0m/s,Scissors,EZNA,Consolidated,0.037,,,,106.2,,,,1.79,,1.72,,,,,,,,,
SH-Q3834,brandegeei,QUBR_SD_069,TCB-05187,09/23,7/30/2024,R. Wanger,silica,FastPrep - 30 sec @ 6.0m/s,Scissors,EZNA,Consolidated,0.036,,,,130.4,,,,1.77,,1.88,,,,,,,,,
SH-Q3835,brandegeei,QUBR_SD_043,TCB-05188,09/23,7/30/2024,R. Wanger,silica,FastPrep - 30 sec @ 6.0m/s,Scissors,EZNA,Consolidated,0.038,,,,114.6,,,,1.72,,1.35,,,,,,,,,
SH-Q3836,brandegeei,QUBR_SD_005,TCB-05190,09/23,7/30/2024,R. Wanger,silica,FastPrep - 30 sec @ 6.0m/s,Scissors,EZNA,Consolidated,0.037,,,,147.5,,,,1.81,,1.46,,,,,,,,,
SH-Q3837,brandegeei,QUBR_SD_040,TCB-05191,09/23,7/30/2024,R. Wanger,silica,FastPrep - 30 sec @ 6.0m/s,Scissors,EZNA,Consolidated,0.037,,,,109.9,,,,1.79,,1.80,,,,,,,,,
SH-Q3838,brandegeei,QUBR_SD_124,TCB-05192,09/23,7/30/2024,R. Wanger,silica,FastPrep - 30 sec @ 6.0m/s,Scissors,EZNA,Consolidated,0.036,,,,138.1,,,,1.73,,1.19,,,,,,,,,
SH-Q3839,brandegeei,QUBR_SD_194,TCB-05193,09/23,7/30/2024,R. Wanger,silica,FastPrep - 30 sec @ 6.0m/s,Scissors,EZNA,Consolidated,0.038,,,,89.2,,,,1.73,,1.23,,,,,,,,,
SH-Q3840,brandegeei,QUBR_SD_180,TCB-05194,09/23,7/30/2024,R. Wanger,silica,FastPrep - 30 sec @ 6.0m/s,Scissors,EZNA,Consolidated,0.038,,,,41.3,,,,1.50,,0.25,,,,,,,,,
SH-Q3841,brandegeei,QUBR_SD_087,TCB-05195,09/23,7/30/2024,R. Wanger,silica,FastPrep - 30 sec @ 6.0m/s,Scissors,EZNA,Consolidated,0.039,,,,97.2,,,,1.77,,1.38,,,,,,,,,
SH-Q3842,brandegeei,QUBR_SD_001,TCB-05196,09/23,7/30/2024,R. Wanger,silica,FastPrep - 30 sec @ 6.0m/s,Scissors,EZNA,Consolidated,0.037,,,,122.5,,,,1.78,,1.66,,,,,,,,,
SH-Q3843,brandegeei,QUBR_SD_083,TCB-05197,09/23,7/30/2024,R. Wanger,silica,FastPrep - 30 sec @ 6.0m/s,Scissors,EZNA,Consolidated,0.038,,,,181.4,,,,1.78,,1.84,,,,,,,,,
SH-Q3844,brandegeei,QUBR_SD_044,TCB-05198,09/23,7/30/2024,R. Wanger,silica,FastPrep - 30 sec @ 6.0m/s,Scissors,EZNA,Consolidated,0.039,,,,86.8,,,,1.80,,1.08,,,,,,,,,
SH-Q3845,brandegeei,QUBR_SD_071,TCB-05199,09/23,7/30/2024,R. Wanger,silica,FastPrep - 30 sec @ 6.0m/s,Scissors,EZNA,Consolidated,0.038,,,,134.9,,,,1.77,,1.28,,,,,,,,,
SH-Q3846,brandegeei,QUBR_SD_086,TCB-05200,09/23,7/30/2024,R. Wanger,silica,FastPrep - 30 sec @ 6.0m/s,Scissors,EZNA,Consolidated,0.039,,,,162.0,,,,1.79,,0.75,,,,,,,,,
SH-Q3847,brandegeei,QUBR_SD_238,TCB-05201,09/23,7/30/2024,R. Wanger,silica,FastPrep - 30 sec @ 6.0m/s,Scissors,EZNA,Consolidated,0.036,,,,76.1,,,,1.72,,0.83,,,,,,,,,
SH-Q3848,brandegeei,QUBR_SD_242,TCB-05202,09/23,7/30/2024,R. Wanger,silica,FastPrep - 30 sec @ 6.0m/s,Scissors,EZNA,Consolidated,0.038,,,,81.1,,,,1.70,,0.44,,,,,,,,,
SH-Q3849,brandegeei,QUBR_SD_035,TCB-05203,09/23,7/30/2024,R. Wanger,silica,FastPrep - 30 sec @ 6.0m/s,Scissors,EZNA,Consolidated,0.038,,,,81.9,,,,1.68,,0.35,,,,,,,,,
SH-Q3850,brandegeei,QUBR_SD_089,TCB-05204,09/23,7/30/2024,R. Wanger,silica,FastPrep - 30 sec @ 6.0m/s,Scissors,EZNA,Consolidated,0.037,,,,120.6,,,,1.78,,1.53,,,,,,,,,
SH-Q3851,brandegeei,QUBR_SD_013,TCB-05205,09/23,7/30/2024,R. Wanger,silica,FastPrep - 30 sec @ 6.0m/s,Scissors,EZNA,Consolidated,0.038,,,,82.8,,,,1.71,,1.31,,,,,,,,,
SH-Q3852,brandegeei,QUBR_SD_182,TCB-05206,09/23,7/30/2024,R. Wanger,silica,FastPrep - 30 sec @ 6.0m/s,Scissors,EZNA,Consolidated,0.038,,,,96.5,,,,1.75,,1.14,,,,,,,,,
SH-Q3853,brandegeei,QUBR_SD_201,TCB-05215,09/23,7/15/2024,R. Wanger,silica,FastPrep - 30 sec @ 6.0m/s,Scissors,EZNA,Consolidated,0.038,,,,78.4,,,,1.72,,0.98,,,,,,,,,
SH-Q3854,brandegeei,QUBR_SD_195,TCB-05216,09/23,7/15/2024,R. Wanger,silica,FastPrep - 30 sec @ 6.0m/s,Scissors,EZNA,Consolidated,0.039,,,,91.5,,,,1.77,,0.88,,,,,,,,,
SH-Q3855,brandegeei,QUBR_SD_239,TCB-05217,09/23,7/15/2024,R. Wanger,silica,FastPrep - 30 sec @ 6.0m/s,Scissors,EZNA,Consolidated,0.036,,,,86.9,,,,1.78,,1.21,,,,,,,,,
SH-Q3856,brandegeei,QUBR_SD_047,TCB-05218,09/23,7/15/2024,R. Wanger,silica,FastPrep - 30 sec @ 6.0m/s,Scissors,EZNA,Consolidated,0.038,,,,106.5,,,,1.83,,0.81,,,,,,,,,
SH-Q3857,brandegeei,QUBR_SD_160,TCB-05219,09/23,7/15/2024,R. Wanger,silica,FastPrep - 30 sec @ 6.0m/s,Scissors,EZNA,Consolidated,0.037,,,,119.2,,,,1.78,,1.55,,,,,,,,,
SH-Q3858,brandegeei,QUBR_SD_176,TCB-05220,09/23,7/15/2024,R. Wanger,silica,FastPrep - 30 sec @ 6.0m/s,Scissors,EZNA,Consolidated,0.038,,,,173.0,,,,1.89,,0.51,,,,,,,,,
SH-Q3859,brandegeei,QUBR_SD_165,TCB-05221,09/23,7/15/2024,R. Wanger,silica,FastPrep - 30 sec @ 6.0m/s,Scissors,EZNA,Consolidated,0.038,,,,94.2,,,,1.71,,0.46,,,,,,,,,
SH-Q3860,brandegeei,QUBR_SD_133,TCB-05222,09/23,7/15/2024,R. Wanger,silica,FastPrep - 30 sec @ 6.0m/s,Scissors,EZNA,Consolidated,0.039,,,,107.6,,,,1.62,,0.33,,,,,,,,,
SH-Q3861,brandegeei,QUBR_SD_037,TCB-05223,09/23,7/15/2024,R. Wanger,silica,FastPrep - 30 sec @ 6.0m/s,Scissors,EZNA,Consolidated,0.037,,,,159.2,,,,1.83,,1.15,,,,,,,,,
SH-Q3862,brandegeei,QUBR_SD_059,TCB-05224,09/23,7/15/2024,R. Wanger,silica,FastPrep - 30 sec @ 6.0m/s,Scissors,EZNA,Consolidated,0.038,,,,60.9,,,,1.71,,1.01,,,,,,,,,
SH-Q3863,brandegeei,QUBR_SD_008,TCB-05226,09/23,7/15/2024,R. Wanger,silica,FastPrep - 30 sec @ 6.0m/s,Scissors,EZNA,Consolidated,0.037,,,,117.7,,,,1.76,,1.46,,,,,,,,,
SH-Q3864,brandegeei,QUBR_SD_163,TCB-05227,09/23,7/15/2024,R. Wanger,silica,FastPrep - 30 sec @ 6.0m/s,Scissors,EZNA,Consolidated,0.039,,,,150.6,,,,1.83,,0.48,,,,,,,,,
SH-Q3865,brandegeei,QUBR_SD_024,TCB-05228,09/23,7/15/2024,R. Wanger,silica,FastPrep - 30 sec @ 6.0m/s,Scissors,EZNA,Consolidated,0.036,,,,140.2,,,,1.65,,0.26,,,,,,,,,
SH-Q3866,brandegeei,QUBR_SD_247,TCB-05229,09/23,7/15/2024,R. Wanger,silica,FastPrep - 30 sec @ 6.0m/s,Scissors,EZNA,Consolidated,0.039,,,,49.3,,,,1.51,,0.26,,,,,,,,,
SH-Q3867,brandegeei,QUBR_SD_151,TCB-05231,09/23,7/15/2024,R. Wanger,silica,FastPrep - 30 sec @ 6.0m/s,Scissors,EZNA,Consolidated,0.039,,,,119.1,,,,1.72,,0.43,,,,,,,,,
SH-Q3868,brandegeei,QUBR_SD_030,TCB-05232,09/23,7/15/2024,R. Wanger,silica,FastPrep - 30 sec @ 6.0m/s,Scissors,EZNA,Consolidated,0.036,,,,71.0,,,,1.68,,1.05,,,,,,,,,
SH-Q3869,brandegeei,QUBR_SD_177,TCB-05233,09/23,7/15/2024,R. Wanger,silica,FastPrep - 30 sec @ 6.0m/s,Scissors,EZNA,Consolidated,0.039,,,,92.6,,,,1.78,,0.78,,,,,,,,,
SH-Q3870,brandegeei,QUBR_SD_018,TCB-05234,09/23,7/15/2024,R. Wanger,silica,FastPrep - 30 sec @ 6.0m/s,Scissors,EZNA,Consolidated,0.039,,,,167.3,,,,1.83,,1.40,,,,,,,,,
SH-Q3871,brandegeei,QUBR_SD_022,TCB-05235,09/23,7/15/2024,R. Wanger,silica,FastPrep - 30 sec @ 6.0m/s,Scissors,EZNA,Consolidated,0.037,,,,101.5,,,,1.77,,0.64,,,,,,,,,
SH-Q3872,brandegeei,QUBR_SD_181,TCB-05236,09/23,7/15/2024,R. Wanger,silica,FastPrep - 30 sec @ 6.0m/s,Scissors,EZNA,Consolidated,0.039,,,,78.6,,,,1.46,,0.68,,,,,,,,,
SH-Q3873,brandegeei,QUBR_SD_012,TCB-05237,09/23,7/15/2024,R. Wanger,silica,FastPrep - 30 sec @ 6.0m/s,Scissors,EZNA,Consolidated,0.039,,,,89.7,,,,1.69,,1.52,,,,,,,,,
SH-Q3874,brandegeei,QUBR_SD_172,TCB-05238,09/23,7/15/2024,R. Wanger,silica,FastPrep - 30 sec @ 6.0m/s,Scissors,EZNA,Consolidated,0.037,,,,91.6,,,,1.78,,1.64,,,,,,,,,
SH-Q3875,brandegeei,QUBR_SD_183,TCB-05239,09/23,7/15/2024,R. Wanger,silica,FastPrep - 30 sec @ 6.0m/s,Scissors,EZNA,Consolidated,0.039,,,,87.9,,,,1.49,,0.19,,,,,,,,,
SH-Q3876,brandegeei,QUBR_SD_067,TCB-05240,09/23,7/15/2024,R. Wanger,silica,FastPrep - 30 sec @ 6.0m/s,Scissors,EZNA,Consolidated,0.037,,,,73.9,,,,1.67,,1.17,,,,,,,,,
SH-Q3877,brandegeei,QUBR_SD_033,TCB-05241,09/23,7/19/2024,R. Wanger,silica,FastPrep - 30 sec @ 6.0m/s,Scissors,EZNA,Consolidated,0.038,,,,131.0,,,,1.81,,1.10,,,,,,,,,
SH-Q3878,brandegeei,QUBR_SD_010,TCB-05242,09/23,7/19/2024,R. Wanger,silica,FastPrep - 30 sec @ 6.0m/s,Scissors,EZNA,Consolidated,0.037,,,,129.1,,,,1.81,,1.86,,,,,,,,,
SH-Q3879,brandegeei,QUBR_SD_009,TCB-05243,09/23,7/19/2024,R. Wanger,silica,FastPrep - 30 sec @ 6.0m/s,Scissors,EZNA,Consolidated,0.036,,,,128.9,,,,1.75,,0.87,,,,,,,,,
SH-Q3880,brandegeei,QUBR_SD_130,TCB-05244,09/23,7/19/2024,R. Wanger,silica,FastPrep - 30 sec @ 6.0m/s,Scissors,EZNA,Consolidated,0.038,,,,177.5,,,,1.85,,1.72,,,,,,,,,
SH-Q3881,brandegeei,QUBR_SD_108,TCB-05245,09/23,7/19/2024,R. Wanger,silica,FastPrep - 30 sec @ 6.0m/s,Scissors,EZNA,Consolidated,0.039,,,,57.6,,,,1.67,,1.25,,,,,,,,,
SH-Q3882,brandegeei,QUBR_SD_112,TCB-05246,09/23,7/19/2024,R. Wanger,silica,FastPrep - 30 sec @ 6.0m/s,Scissors,EZNA,Consolidated,0.038,,,,95.1,,,,1.73,,1.38,,,,,,,,,
SH-Q3883,brandegeei,QUBR_SD_085,TCB-05247,09/23,7/19/2024,R. Wanger,silica,FastPrep - 30 sec @ 6.0m/s,Scissors,EZNA,Consolidated,0.037,,,,140.7,,,,1.68,,0.51,,,,,,,,,
SH-Q3884,brandegeei,QUBR_SD_168,TCB-05249,09/23,7/19/2024,R. Wanger,silica,FastPrep - 30 sec @ 6.0m/s,Scissors,EZNA,Consolidated,0.038,,,,81.3,,,,1.73,,1.24,,,,,,,,,
SH-Q3885,brandegeei,QUBR_SD_132,TCB-05250,09/23,7/19/2024,R. Wanger,silica,FastPrep - 30 sec @ 6.0m/s,Scissors,EZNA,Consolidated,0.039,,,,111.6,,,,1.83,,1.68,,,,,,,,,
SH-Q3886,brandegeei,QUBR_SD_139,TCB-05251,09/23,7/19/2024,R. Wanger,silica,FastPrep - 30 sec @ 6.0m/s,Scissors,EZNA,Consolidated,0.038,,,,131.1,,,,1.78,,0.59,,,,,,,,,
SH-Q3887,brandegeei,QUBR_SD_110,TCB-05252,09/23,7/19/2024,R. Wanger,silica,FastPrep - 30 sec @ 6.0m/s,Scissors,EZNA,Consolidated,0.037,,,,81.2,,,,1.68,,0.22,,,,,,,,,
SH-Q3888,brandegeei,QUBR_SD_145,TCB-05253,09/23,7/19/2024,R. Wanger,silica,FastPrep - 30 sec @ 6.0m/s,Scissors,EZNA,Consolidated,0.038,,,,96.3,,,,1.76,,1.28,,,,,,,,,
SH-Q3889,brandegeei,QUBR_SD_003,TCB-05254,09/23,7/19/2024,R. Wanger,silica,FastPrep - 30 sec @ 6.0m/s,Scissors,EZNA,Consolidated,0.039,,,,183.2,,,,1.44,,0.19,,,,,,,,,
SH-Q3890,brandegeei,QUBR_SD_170,TCB-05257,09/23,7/19/2024,R. Wanger,silica,FastPrep - 30 sec @ 6.0m/s,Scissors,EZNA,Consolidated,0.038,,,,120.7,,,,1.81,,1.39,,,,,,,,,
SH-Q3891,brandegeei,QUBR_SD_138,TCB-05258,09/23,7/19/2024,R. Wanger,silica,FastPrep - 30 sec @ 6.0m/s,Scissors,EZNA,Consolidated,0.039,,,,158.9,,,,1.86,,1.33,,,,,,,,,
SH-Q3892,brandegeei,QUBR_SD_109,TCB-05259,09/23,7/19/2024,R. Wanger,silica,FastPrep - 30 sec @ 6.0m/s,Scissors,EZNA,Consolidated,0.038,,,,46.1,,,,1.69,,0.46,,,,,,,,,
SH-Q3893,brandegeei,QUBR_SD_118,TCB-05260,09/23,7/19/2024,R. Wanger,silica,FastPrep - 30 sec @ 6.0m/s,Scissors,EZNA,Consolidated,0.037,,,,114.2,,,,1.78,,0.66,,,,,,,,,
SH-Q3894,brandegeei,QUBR_SD_094,TCB-05261,09/23,7/19/2024,R. Wanger,silica,FastPrep - 30 sec @ 6.0m/s,Scissors,EZNA,Consolidated,0.038,,,,106.9,,,,1.74,,1.14,,,,,,,,,
SH-Q3895,brandegeei,QUBR_SD_167,TCB-05262,09/23,7/19/2024,R. Wanger,silica,FastPrep - 30 sec @ 6.0m/s,Scissors,EZNA,Consolidated,0.037,,,,62.9,,,,1.68,,0.40,,,,,,,,,
SH-Q3896,brandegeei,QUBR_SD_196,TCB-05263,09/23,7/19/2024,R. Wanger,silica,FastPrep - 30 sec @ 6.0m/s,Scissors,EZNA,Consolidated,0.039,,,,62.9,,,,1.68,,0.30,,,,,,,,,
SH-Q3897,brandegeei,QUBR_SD_077,TCB-05264,09/23,7/19/2024,R. Wanger,silica,FastPrep - 30 sec @ 6.0m/s,Scissors,EZNA,Consolidated,0.039,,,,62.2,,,,1.75,,0.81,,,,,,,,,
SH-Q3898,brandegeei,QUBR_SD_090,TCB-05265,09/23,7/19/2024,R. Wanger,silica,FastPrep - 30 sec @ 6.0m/s,Scissors,EZNA,Consolidated,0.039,,,,76.2,,,,1.79,,0.62,,,,,,,,,
SH-Q3899,brandegeei,QUBR_SD_197,TCB-05266,09/23,7/19/2024,R. Wanger,silica,FastPrep - 30 sec @ 6.0m/s,Scissors,EZNA,Consolidated,0.037,,,,86.3,,,,1.18,,0.10,,,,,,,,,
SH-Q3900,brandegeei,QUBR_SD_164,TCB-05267,09/23,7/19/2024,R. Wanger,silica,FastPrep - 30 sec @ 6.0m/s,Scissors,EZNA,Consolidated,0.037,,,,80.2,,,,1.70,,0.26,,,,,,,,,
SH-Q3901,brandegeei,QUBR_SD_245,TCB-05268,09/23,8/6/2024,R. Wanger,silica,FastPrep - 30 sec @ 6.0m/s,Scissors,EZNA,Consolidated,0.036,,,,95.3,,,,1.68,,1.51,,,,,,,,,Protein contamination indicated on Nanodrop
SH-Q3902,brandegeei,QUBR_SD_149,TCB-05269,09/23,8/6/2024,R. Wanger,silica,FastPrep - 30 sec @ 6.0m/s,Scissors,EZNA,Consolidated,0.037,,,,142.7,,,,1.74,,0.92,,,,,,,,,
SH-Q3903,brandegeei,QUBR_SD_014,TCB-05270,09/23,8/6/2024,R. Wanger,silica,FastPrep - 30 sec @ 6.0m/s,Scissors,EZNA,Consolidated,0.037,,,,168.4,,,,1.73,,1.25,,,,,,,,,Protein contamination indicated on Nanodrop
SH-Q3904,brandegeei,QUBR_SD_080,TCB-05271,09/23,8/6/2024,R. Wanger,silica,FastPrep - 30 sec @ 6.0m/s,Scissors,EZNA,Consolidated,0.039,,,,69.9,,,,1.66,,1.15,,,,,,,,,
SH-Q3905,brandegeei,QUBR_SD_169,TCB-05272,09/23,8/6/2024,R. Wanger,silica,FastPrep - 30 sec @ 6.0m/s,Scissors,EZNA,Consolidated,0.038,,,,94.5,,,,1.66,,1.28,,,,,,,,,
SH-Q3906,brandegeei,QUBR_SD_070,TCB-05273,09/23,8/6/2024,R. Wanger,silica,FastPrep - 30 sec @ 6.0m/s,Scissors,EZNA,Consolidated,0.039,,,,128.2,,,,1.71,,0.82,,,,,,,,,Protein contamination indicated on Nanodrop
SH-Q3907,brandegeei,QUBR_SD_131,TCB-05274,09/23,8/6/2024,R. Wanger,silica,FastPrep - 30 sec @ 6.0m/s,Scissors,EZNA,Consolidated,0.037,,,,105.2,,,,1.67,,1.48,,,,,,,,,Protein contamination indicated on Nanodrop
SH-Q3908,brandegeei,QUBR_SD_186,TCB-05275,09/23,8/6/2024,R. Wanger,silica,FastPrep - 30 sec @ 6.0m/s,Scissors,EZNA,Consolidated,0.039,,,,101.0,,,,1.74,,0.76,,,,,,,,,Protein contamination indicated on Nanodrop
SH-Q3909,brandegeei,QUBR_SD_057,TCB-05276,09/23,8/6/2024,R. Wanger,silica,FastPrep - 30 sec @ 6.0m/s,Scissors,EZNA,Consolidated,0.038,,,,62.7,,,,1.69,,1.04,,,,,,,,,
SH-Q3910,brandegeei,QUBR_SD_082,TCB-05277,09/23,8/6/2024,R. Wanger,silica,FastPrep - 30 sec @ 6.0m/s,Scissors,EZNA,Consolidated,0.039,,,,102.3,,,,1.73,,0.62,,,,,,,,,Protein contamination indicated on Nanodrop
SH-Q3911,brandegeei,QUBR_SD_129,TCB-05278,09/23,8/6/2024,R. Wanger,silica,FastPrep - 30 sec @ 6.0m/s,Scissors,EZNA,Consolidated,0.039,,,,92.6,,,,1.75,,1.04,,,,,,,,,Protein contamination indicated on Nanodrop
SH-Q3912,brandegeei,QUBR_SD_102,TCB-05279,09/23,8/6/2024,R. Wanger,silica,FastPrep - 30 sec @ 6.0m/s,Scissors,EZNA,Consolidated,0.036,,,,126.7,,,,1.71,,1.11,,,,,,,,,Protein contamination indicated on Nanodrop
SH-Q3913,brandegeei,QUBR_SD_148,TCB-05280,09/23,8/6/2024,R. Wanger,silica,FastPrep - 30 sec @ 6.0m/s,Scissors,EZNA,Consolidated,0.035,,,,104.7,,,,1.74,,0.86,,,,,,,,,Protein contamination indicated on Nanodrop
SH-Q3914,brandegeei,QUBR_SD_101,TCB-05281,09/23,8/6/2024,R. Wanger,silica,FastPrep - 30 sec @ 6.0m/s,Scissors,EZNA,Consolidated,0.038,,,,98.2,,,,1.69,,1.37,,,,,,,,,
SH-Q3915,brandegeei,QUBR_SD_098,TCB-05282,09/23,8/6/2024,R. Wanger,silica,FastPrep - 30 sec @ 6.0m/s,Scissors,EZNA,Consolidated,0.037,,,,95.9,,,,1.67,,0.64,,,,,,,,,Protein contamination indicated on Nanodrop
SH-Q3916,brandegeei,QUBR_SD_126,TCB-05283,09/23,8/6/2024,R. Wanger,silica,FastPrep - 30 sec @ 6.0m/s,Scissors,EZNA,Consolidated,0.036,,,,52.5,,,,1.65,,0.40,,,,,,,,,
SH-Q3917,brandegeei,QUBR_SD_011,TCB-05284,09/23,8/6/2024,R. Wanger,silica,FastPrep - 30 sec @ 6.0m/s,Scissors,EZNA,Consolidated,0.048,,,,80.0,,,,1.69,,0.31,,,,,,,,,
SH-Q3918,brandegeei,QUBR_SD_122,TCB-05285,09/23,8/6/2024,R. Wanger,silica,FastPrep - 30 sec @ 6.0m/s,Scissors,EZNA,Consolidated,0.038,,,,73.9,,,,1.66,,1.22,,,,,,,,,Protein contamination indicated on Nanodrop
SH-Q3919,brandegeei,QUBR_SD_123,TCB-05286,09/23,8/6/2024,R. Wanger,silica,FastPrep - 30 sec @ 6.0m/s,Scissors,EZNA,Consolidated,0.040,,,,73.8,,,,1.70,,0.50,,,,,,,,,
SH-Q3920,brandegeei,QUBR_SD_144,TCB-05287,09/23,8/6/2024,R. Wanger,silica,FastPrep - 30 sec @ 6.0m/s,Scissors,EZNA,Consolidated,0.037,,,,84.5,,,,1.75,,1.17,,,,,,,,,
SH-Q3921,brandegeei,QUBR_SD_092,TCB-05288,09/23,8/6/2024,R. Wanger,silica,FastPrep - 30 sec @ 6.0m/s,Scissors,EZNA,Consolidated,0.036,,,,80.4,,,,1.72,,0.61,,,,,,,,,Protein contamination indicated on Nanodrop
SH-Q3922,brandegeei,QUBR_SD_174,TCB-05289,09/23,8/6/2024,R. Wanger,silica,FastPrep - 30 sec @ 6.0m/s,Scissors,EZNA,Consolidated,0.037,,,,103.2,,,,1.69,,1.19,,,,,,,,,Protein contamination indicated on Nanodrop
SH-Q3923,brandegeei,QUBR_SD_121,TCB-05290,09/23,8/6/2024,R. Wanger,silica,FastPrep - 30 sec @ 6.0m/s,Scissors,EZNA,Consolidated,0.038,,,,88.7,,,,1.69,,0.79,,,,,,,,,Protein contamination indicated on Nanodrop
SH-Q3924,brandegeei,QUBR_SD_244,TCB-05291,09/23,8/6/2024,R. Wanger,silica,FastPrep - 30 sec @ 6.0m/s,Scissors,EZNA,Consolidated,0.039,,,,95.5,,,,1.66,,0.48,,,,,,,,,Protein contamination indicated on Nanodrop
SH-Q3925,brandegeei,QUBR_SD_039,TCB-05292,09/23,8/12/2024,M. Evans,silica,FastPrep - 30 sec @ 6.0m/s,Scissors,EZNA,Consolidated,0.030,,,,140.4,,,,1.73,,1.29,,,,,,,,,
SH-Q3926,brandegeei,QUBR_SD_173,TCB-05293,09/23,8/12/2024,M. Evans,silica,FastPrep - 30 sec @ 6.0m/s,Scissors,EZNA,Consolidated,0.030,,,,112.7,,,,1.78,,1.05,,,,,,,,,Nanodrop Protein Contamination
SH-Q3927,brandegeei,QUBR_SD_032,TCB-05294,09/23,8/12/2024,M. Evans,silica,FastPrep - 30 sec @ 6.0m/s,Scissors,EZNA,Consolidated,0.027,,,,86.0,,,,1.65,,1.21,,,,,,,,,
SH-Q3928,brandegeei,QUBR_SD_240,TCB-05295,09/23,8/12/2024,M. Evans,silica,FastPrep - 30 sec @ 6.0m/s,Scissors,EZNA,Consolidated,0.033,,,,87.0,,,,1.73,,0.78,,,,,,,,,
SH-Q3929,brandegeei,QUBR_SD_153,TCB-05296,09/23,8/12/2024,M. Evans,silica,FastPrep - 30 sec @ 6.0m/s,Scissors,EZNA,Consolidated,0.034,,,,70.1,,,,1.74,,0.70,,,,,,,,,
SH-Q3930,brandegeei,QUBR_SD_191,TCB-05297,09/23,8/12/2024,M. Evans,silica,FastPrep - 30 sec @ 6.0m/s,Scissors,EZNA,Consolidated,0.029,,,,88.8,,,,1.69,,0.60,,,,,,,,,Nanodrop Protein Contamination
SH-Q3931,brandegeei,QUBR_SD_111,TCB-05298,09/23,8/12/2024,M. Evans,silica,FastPrep - 30 sec @ 6.0m/s,Scissors,EZNA,Consolidated,0.031,,,,103.0,,,,1.62,,1.06,,,,,,,,,
SH-Q3932,brandegeei,QUBR_SD_127,TCB-05299,09/23,8/12/2024,M. Evans,silica,FastPrep - 30 sec @ 6.0m/s,Scissors,EZNA,Consolidated,0.032,,,,98.3,,,,1.70,,0.56,,,,,,,,,
SH-Q3933,brandegeei,QUBR_SD_125,TCB-05300,09/23,8/12/2024,M. Evans,silica,FastPrep - 30 sec @ 6.0m/s,Scissors,EZNA,Consolidated,0.050,,,,143.0,,,,1.78,,1.47,,,,,,,,,
SH-Q3934,brandegeei,QUBR_SD_017,TCB-05301,09/23,8/12/2024,M. Evans,silica,FastPrep - 30 sec @ 6.0m/s,Scissors,EZNA,Consolidated,0.034,,,,82.4,,,,1.68,,0.41,,,,,,,,,
SH-Q3935,brandegeei,QUBR_SD_081,TCB-05302,09/23,8/12/2024,M. Evans,silica,FastPrep - 30 sec @ 6.0m/s,Scissors,EZNA,Consolidated,0.033,,,,58.9,,,,1.63,,0.54,,,,,,,,,
SH-Q3936,brandegeei,QUBR_SD_137,TCB-05303,09/23,8/12/2024,M. Evans,silica,FastPrep - 30 sec @ 6.0m/s,Scissors,EZNA,Consolidated,0.033,,,,77.9,,,,1.69,,0.69,,,,,,,,,
SH-Q3937,brandegeei,QUBR_SD_060,TCB-05304,09/23,8/12/2024,M. Evans,silica,FastPrep - 30 sec @ 6.0m/s,Scissors,EZNA,Consolidated,0.034,,,,34.7,,,,1.51,,0.11,,,,,,,,,
SH-Q3938,brandegeei,QUBR_SD_119,TCB-05305,09/23,8/12/2024,M. Evans,silica,FastPrep - 30 sec @ 6.0m/s,Scissors,EZNA,Consolidated,0.038,,,,37.3,,,,1.62,,0.19,,,,,,,,,
SH-Q3939,brandegeei,QUBR_SD_106,TCB-05306,09/23,8/12/2024,M. Evans,silica,FastPrep - 30 sec @ 6.0m/s,Scissors,EZNA,Consolidated,0.034,,,,69.6,,,,1.69,,0.36,,,,,,,,,
SH-Q3940,brandegeei,QUBR_SD_113,TCB-05307,09/23,8/12/2024,M. Evans,silica,FastPrep - 30 sec @ 6.0m/s,Scissors,EZNA,Consolidated,0.031,,,,81.7,,,,1.69,,0.45,,,,,,,,,
SH-Q3941,brandegeei,QUBR_SD_107,TCB-05308,09/23,8/12/2024,M. Evans,silica,FastPrep - 30 sec @ 6.0m/s,Scissors,EZNA,Consolidated,0.033,,,,98.8,,,,1.67,,1.39,,,,,,,,,
SH-Q3942,brandegeei,QUBR_SD_115,TCB-05309,09/23,8/12/2024,M. Evans,silica,FastPrep - 30 sec @ 6.0m/s,Scissors,EZNA,Consolidated,0.036,,,,79.4,,,,1.68,,1.28,,,,,,,,,
SH-Q3943,brandegeei,QUBR_SD_095,TCB-05310,09/23,8/12/2024,M. Evans,silica,FastPrep - 30 sec @ 6.0m/s,Scissors,EZNA,Consolidated,0.035,,,,85.2,,,,1.75,,1.40,,,,,,,,,
SH-Q3944,brandegeei,QUBR_SD_171,TCB-05311,09/23,8/12/2024,M. Evans,silica,FastPrep - 30 sec @ 6.0m/s,Scissors,EZNA,Consolidated,0.033,,,,95.8,,,,1.69,,0.64,,,,,,,,,Nanodrop Protein Contamination
SH-Q3945,brandegeei,QUBR_SD_200,TCB-05312,09/23,8/12/2024,M. Evans,silica,FastPrep - 30 sec @ 6.0m/s,Scissors,EZNA,Consolidated,0.037,,,,76.5,,,,1.67,,0.60,,,,,,,,,
SH-Q3946,brandegeei,QUBR_SD_096,TCB-05313,09/23,8/12/2024,M. Evans,silica,FastPrep - 30 sec @ 6.0m/s,Scissors,EZNA,Consolidated,0.038,,,,116.9,,,,1.70,,0.48,,,,,,,,,Nanodrop Protein Contamination
SH-Q3947,brandegeei,QUBR_SD_097,TCB-05314,09/23,8/12/2024,M. Evans,silica,FastPrep - 30 sec @ 6.0m/s,Scissors,EZNA,Consolidated,0.031,,,,80.1,,,,1.64,,0.36,,,,,,,,,
SH-Q3948,brandegeei,QUBR_SD_116,TCB-05315,09/23,8/12/2024,M. Evans,silica,FastPrep - 30 sec @ 6.0m/s,Scissors,EZNA,Consolidated,0.033,,,,83.6,,,,1.72,,0.69,,,,,,,,,
SH-Q3949,brandegeei,QUBR_SD_114,TCB-05316,09/23,8/12/2024,M. Evans,silica,FastPrep - 30 sec @ 6.0m/s,Scissors,EZNA,Consolidated,0.031,,,,91.7,,,,1.64,,0.74,,,,,,,,,Nanodrop Protein Contamination
SH-Q3950,brandegeei,QUBR_SD_091,TCB-05317,09/23,8/12/2024,M. Evans,silica,FastPrep - 30 sec @ 6.0m/s,Scissors,EZNA,Consolidated,0.038,,,,86.6,,,,1.67,,0.45,,,,,,,,,
SH-Q3951,brandegeei,QUBR_SD_078,TCB-05318,09/23,8/12/2024,M. Evans,silica,FastPrep - 30 sec @ 6.0m/s,Scissors,EZNA,Consolidated,0.036,,,,61.0,,,,1.67,,0.87,,,,,,,,,
SH-Q3952,brandegeei,QUBR_SD_088,TCB-05319,09/23,8/12/2024,M. Evans,silica,FastPrep - 30 sec @ 6.0m/s,Scissors,EZNA,Consolidated,0.034,,,,64.9,,,,1.56,,1.19,,,,,,,,,
SH-Q3953,brandegeei,QUBR_SD_079,TCB-05320,09/23,8/12/2024,M. Evans,silica,FastPrep - 30 sec @ 6.0m/s,Scissors,EZNA,Consolidated,0.039,,,,99.7,,,,1.71,,1.04,,,,,,,,,
SH-Q3954,brandegeei,QUBR_SD_105,TCB-05321,09/23,8/12/2024,M. Evans,silica,FastPrep - 30 sec @ 6.0m/s,Scissors,EZNA,Consolidated,0.032,,,,75.7,,,,1.67,,1.10,,,,,,,,,
SH-Q3955,brandegeei,QUBR_SD_117,TCB-05322,09/23,8/12/2024,M. Evans,silica,FastPrep - 30 sec @ 6.0m/s,Scissors,EZNA,Consolidated,0.036,,,,87.5,,,,1.62,,0.75,,,,,,,,,
SH-Q3956,Q. muehlenbergii,UHA-0292,,07/12,8/9/2024,M. Evans,silica,FastPrep - 30 sec @ 6.0m/s,Scissors,EZNA,Consolidated,0.037,,,,73.6,,,,1.67,,1.14,,,,,,,,,
SH-Q3957,Q. muehlenbergii,UHA-0293,,07-12-2024,8/9/2024,M. Evans,silica,FastPrep - 30 sec @ 6.0m/s,Scissors,EZNA,Consolidated,0.033,,,,86.3,,,,1.73,,1.56,,,,,,,,,Nanodrop Protein Contamination
SH-Q3958,Q. muehlenbergii,UHA-0476,,07-09-2024,8/9/2024,M. Evans,silica,FastPrep - 30 sec @ 6.0m/s,Scissors,EZNA,Consolidated,0.032,,,,52.0,,,,1.66,,1.16,,,,,,,,,Nanodrop Protein Contamination
SH-Q3959,Q. bicolor,UHA-0477,,07-09-2024,8/9/2024,M. Evans,silica,FastPrep - 30 sec @ 6.0m/s,Scissors,EZNA,Consolidated,0.035,,,,79.7,,,,1.62,,1.10,,,,,,,,,
SH-Q3960,Q. alba,UHA-0478,,07-09-2024,8/9/2024,M. Evans,silica,FastPrep - 30 sec @ 6.0m/s,Scissors,EZNA,Consolidated,0.038,,,,77.9,,,,1.70,,1.51,,,,,,,,,
SH-Q3961,Q. alba,UHA-0479,,07-09-2024,8/9/2024,M. Evans,silica,FastPrep - 30 sec @ 6.0m/s,Scissors,EZNA,Consolidated,0.034,,,,72.1,,,,1.71,,0.88,,,,,,,,,
SH-Q3962,Q. alba,UHA-0480,,07-09-2024,8/9/2024,M. Evans,silica,FastPrep - 30 sec @ 6.0m/s,Scissors,EZNA,Consolidated,0.028,,,,83.2,,,,1.55,,0.90,,,,,,,,,
SH-Q3963,Q. muehlenbergii,UHA-0481,,07-09-2024,8/9/2024,M. Evans,silica,FastPrep - 30 sec @ 6.0m/s,Scissors,EZNA,Consolidated,0.034,,,,54.5,,,,1.71,,1.10,,,,,,,,,
SH-Q3964,Q. muehlenbergii,UHA-0482,,07-09-2024,8/9/2024,M. Evans,silica,FastPrep - 30 sec @ 6.0m/s,Scissors,EZNA,Consolidated,0.036,,,,66.4,,,,1.69,,1.37,,,,,,,,,
SH-Q3965,Q. muehlenbergii,UHA-0483,,07-09-2024,8/9/2024,M. Evans,silica,FastPrep - 30 sec @ 6.0m/s,Scissors,EZNA,Consolidated,0.036,,,,75.4,,,,1.64,,1.01,,,,,,,,,
SH-Q3966,Q. muehlenbergii,UHA-0484,,07-09-2024,8/9/2024,M. Evans,silica,FastPrep - 30 sec @ 6.0m/s,Scissors,EZNA,Consolidated,0.029,,,,140.2,,,,1.50,,0.82,,,,,,,,,Discolored-looking HiBind Spin Column (re-extract?)
SH-Q3967,Q. alba,UHA-0485,,07-09-2024,8/9/2024,M. Evans,silica,FastPrep - 30 sec @ 6.0m/s,Scissors,EZNA,Consolidated,0.036,,,,66.8,,,,1.74,,0.84,,,,,,,,,Nanodrop Protein Contaminaiton
SH-Q3968,Q. muehlenbergii,UHA-0486,,07-09-2024,8/9/2024,M. Evans,silica,FastPrep - 30 sec @ 6.0m/s,Scissors,EZNA,Consolidated,0.034,,,,65.0,,,,1.63,,0.56,,,,,,,,,
SH-Q3969,Q. alba,UHA-0487,,07-09-2024,8/9/2024,M. Evans,silica,FastPrep - 30 sec @ 6.0m/s,Scissors,EZNA,Consolidated,0.039,,,,77.7,,,,1.70,,1.25,,,,,,,,,
SH-Q3970,Q. muehlenbergii,UHA-0488,,07-09-2024,8/9/2024,M. Evans,silica,FastPrep - 30 sec @ 6.0m/s,Scissors,EZNA,Consolidated,0.039,,,,83.5,,,,1.73,,1.20,,,,,,,,,Nanodrop Protein Contamination
SH-Q3971,Q. muehlenbergii,UHA-0489,,07-09-2024,8/9/2024,M. Evans,silica,FastPrep - 30 sec @ 6.0m/s,Scissors,EZNA,Consolidated,0.039,,,,77.6,,,,1.71,,1.12,,,,,,,,,
SH-Q3972,Q. alba,UHA-0490,,07-09-2024,8/9/2024,M. Evans,silica,FastPrep - 30 sec @ 6.0m/s,Scissors,EZNA,Consolidated,0.035,,,,76.6,,,,1.66,,1.06,,,,,,,,,
SH-Q3973,Q. alba,UHA-0491,,07-09-2024,8/9/2024,M. Evans,silica,FastPrep - 30 sec @ 6.0m/s,Scissors,EZNA,Consolidated,0.040,,,,80.3,,,,1.72,,1.58,,,,,,,,,Nanodrop Protein Contamination
SH-Q3974,Q. alba,UHA-0492,,07-09-2024,8/9/2024,M. Evans,silica,FastPrep - 30 sec @ 6.0m/s,Scissors,EZNA,Consolidated,0.030,,,,77.0,,,,1.67,,0.70,,,,,,,,,
SH-Q3975,Q. alba,UHA-0493,,07-09-2024,8/9/2024,M. Evans,silica,FastPrep - 30 sec @ 6.0m/s,Scissors,EZNA,Consolidated,0.031,,,,72.0,,,,1.64,,1.12,,,,,,,,,
SH-Q3976,Q. bicolor,UHA-0494,,07-11-2024,8/9/2024,M. Evans,silica,FastPrep - 30 sec @ 6.0m/s,Scissors,EZNA,Consolidated,0.035,,,,69.3,,,,1.69,,1.10,,,,,,,,,
SH-Q3977,Q. alba,UHA-0495,,07-11-2024,8/9/2024,M. Evans,silica,FastPrep - 30 sec @ 6.0m/s,Scissors,EZNA,Consolidated,0.032,,,,74.7,,,,1.55,,0.93,,,,,,,,,Discolored-looking HiBind Spin Column (re-extract?)
SH-Q3978,Q. alba,UHA-0496,,07-11-2024,8/9/2024,M. Evans,silica,FastPrep - 30 sec @ 6.0m/s,Scissors,EZNA,Consolidated,0.038,,,,76.1,,,,1.65,,0.84,,,,,,,,,
SH-Q3979,Q. alba,UHA-0497,,07-11-2024,8/9/2024,M. Evans,silica,FastPrep - 30 sec @ 6.0m/s,Scissors,EZNA,Consolidated,0.039,,,,73.9,,,,1.63,,0.85,,,,,,,,,
SH-Q3980,Q. alba,UHA-0498,,07-12-2024,8/7/2024,M. Evans,silica,FastPrep - 30 sec @ 6.0m/s,Scissors,EZNA,Consolidated,0.035,,,,69.6,,,,1.64,,1.16,,,,,,,,,
SH-Q3981,Q. muehlenbergii,UHA-0499,,07-12-2024,8/7/2024,M. Evans,silica,FastPrep - 30 sec @ 6.0m/s,Scissors,EZNA,Consolidated,0.033,,,,80.8,,,,1.72,,1.39,,,,,,,,,Protein contamination indicated on Nanodrop
SH-Q3982,Q. muehlenbergii,UHA-0500,,07-12-2024,8/7/2024,M. Evans,silica,FastPrep - 30 sec @ 6.0m/s,Scissors,EZNA,Consolidated,0.037,,,,77.1,,,,1.71,,0.51,,,,,,,,,
SH-Q3983,Q. muehlenbergii,UHA-0501,,07-12-2024,8/7/2024,M. Evans,silica,FastPrep - 30 sec @ 6.0m/s,Scissors,EZNA,Consolidated,0.037,,,,80.1,,,,1.66,,0.69,,,,,,,,,
SH-Q3984,Q. muehlenbergii,UHA-0502,,07-12-2024,8/7/2024,M. Evans,silica,FastPrep - 30 sec @ 6.0m/s,Scissors,EZNA,Consolidated,0.035,,,,85.7,,,,1.62,,0.97,,,,,,,,,
SH-Q3985,Q. muehlenbergii,UHA-0503,,07-12-2024,8/7/2024,M. Evans,silica,FastPrep - 30 sec @ 6.0m/s,Scissors,EZNA,Consolidated,0.033,,,,52.6,,,,1.70,,0.32,,,,,,,,,
SH-Q3986,Q. muehlenbergii,UHA-0504,,07-12-2024,8/7/2024,M. Evans,silica,FastPrep - 30 sec @ 6.0m/s,Scissors,EZNA,Consolidated,0.038,,,,79.0,,,,1.72,,1.06,,,,,,,,,Protein contamination indicated on Nanodrop
SH-Q3987,Q. muehlenbergii,UHA-0505,,07-12-2024,8/7/2024,M. Evans,silica,FastPrep - 30 sec @ 6.0m/s,Scissors,EZNA,Consolidated,0.035,,,,77.6,,,,1.63,,0.93,,,,,,,,,
SH-Q3988,Q. muehlenbergii,UHA-0506,,07-12-2024,8/7/2024,M. Evans,silica,FastPrep - 30 sec @ 6.0m/s,Scissors,EZNA,Consolidated,0.039,,,,79.6,,,,1.75,,0.57,,,,,,,,,Protein contamination indicated on Nanodrop
SH-Q3989,Q. alba,UHA-0507,,07-12-2024,8/7/2024,M. Evans,silica,FastPrep - 30 sec @ 6.0m/s,Scissors,EZNA,Consolidated,0.037,,,,65.7,,,,1.73,,0.51,,,,,,,,,
SH-Q3990,Q. macrocarpa,UHA-0508,,07-18-2024,8/7/2024,M. Evans,silica,FastPrep - 30 sec @ 6.0m/s,Scissors,EZNA,Consolidated,0.039,,,,82.0,,,,1.70,,0.40,,,,,,,,,
SH-Q3991,Q. macrocarpa,UHA-0509,,07-18-2024,8/7/2024,M. Evans,silica,FastPrep - 30 sec @ 6.0m/s,Scissors,EZNA,Consolidated,0.033,,,,69.5,,,,1.70,,0.57,,,,,,,,,
SH-Q3992,Q. macrocarpa,UHA-0510,,07-18-2024,8/7/2024,M. Evans,silica,FastPrep - 30 sec @ 6.0m/s,Scissors,EZNA,Consolidated,0.039,,,,87.6,,,,1.68,,0.47,,,,,,,,,
SH-Q3993,Q. macrocarpa,UHA-0511,,07-18-2024,8/7/2024,M. Evans,silica,FastPrep - 30 sec @ 6.0m/s,Scissors,EZNA,Consolidated,0.036,,,,110.7,,,,1.68,,0.36,,,,,,,,,
SH-Q3994,Q. macrocarpa,UHA-0512,,07-18-2024,8/7/2024,M. Evans,silica,FastPrep - 30 sec @ 6.0m/s,Scissors,EZNA,Consolidated,0.038,,,,123.0,,,,1.58,,1.02,,,,,,,,,Discolored-looking HiBind Spin Column (DNA Washed 3X)
SH-Q3995,Q. alba,UHA-0513,,07-18-2024,8/7/2024,M. Evans,silica,FastPrep - 30 sec @ 6.0m/s,Scissors,EZNA,Consolidated,0.039,,,,70.3,,,,1.60,,0.86,,,,,,,,,
SH-Q3996,Q. macrocarpa,UHA-0514,,07-18-2024,8/7/2024,M. Evans,silica,FastPrep - 30 sec @ 6.0m/s,Scissors,EZNA,Consolidated,0.036,,,,67.0,,,,1.69,,0.32,,,,,,,,,
SH-Q3997,Q. macrocarpa,UHA-0515,,07-18-2024,8/7/2024,M. Evans,silica,FastPrep - 30 sec @ 6.0m/s,Scissors,EZNA,Consolidated,0.032,,,,102.2,,,,1.64,,0.51,,,,,,,,,
SH-Q3998,Q. alba,UHA-0516,,07-18-2024,8/7/2024,M. Evans,silica,FastPrep - 30 sec @ 6.0m/s,Scissors,EZNA,Consolidated,0.036,,,,80.1,,,,1.70,,0.73,,,,,,,,,
SH-Q3999,Q. macrocarpa,UHA-0517,,07-18-2024,8/7/2024,M. Evans,silica,FastPrep - 30 sec @ 6.0m/s,Scissors,EZNA,Consolidated,0.040,,,,74.3,,,,1.67,,1.06,,,,,,,,,
SH-Q4000,Q. macrocarpa,UHA-0518,,07-18-2024,8/7/2024,M. Evans,silica,FastPrep - 30 sec @ 6.0m/s,Scissors,EZNA,Consolidated,0.034,,,,132.4,,,,1.63,,1.04,,,,,,,,,Discolored-looking HiBind Spin Column (DNA Washed 3X)
SH-Q4001,Q. alba,UHA-0519,,07-18-2024,8/7/2024,M. Evans,silica,FastPrep - 30 sec @ 6.0m/s,Scissors,EZNA,Consolidated,0.037,,,,79.8,,,,1.68,,1.01,,,,,,,,,
SH-Q4002,Q. macrocarpa,UHA-0520,,07-18-2024,8/7/2024,M. Evans,silica,FastPrep - 30 sec @ 6.0m/s,Scissors,EZNA,Consolidated,0.033,,,,94.8,,,,1.69,,0.82,,,,,,,,,
SH-Q4003,Q. macrocarpa,UHA-0521,,07-18-2024,8/7/2024,M. Evans,silica,FastPrep - 30 sec @ 6.0m/s,Scissors,EZNA,Consolidated,0.035,,,,61.3,,,,1.54,,0.65,,,,,,,,,
SH-Q4004,Q. macrocarpa,UHA-0522,,07-18-2024,8/7/2024,M. Evans,silica,FastPrep - 30 sec @ 6.0m/s,Scissors,EZNA,Consolidated,0.035,,,,72.2,,,,1.68,,0.98,,,,,,,,,
SH-Q4005,Q. macrocarpa,UHA-0523,,07-18-2024,8/7/2024,M. Evans,silica,FastPrep - 30 sec @ 6.0m/s,Scissors,EZNA,Consolidated,0.034,,,,43.2,,,,1.69,,0.43,,,,,,,,,
SH-Q4006,Q. macrocarpa,UHA-0524,,07-18-2024,8/7/2024,M. Evans,silica,FastPrep - 30 sec @ 6.0m/s,Scissors,EZNA,Consolidated,0.034,,,,74.7,,,,1.66,,0.33,,,,,,,,,
SH-Q4007,Q. alba,UHA-0525,,07-18-2024,8/7/2024,M. Evans,silica,FastPrep - 30 sec @ 6.0m/s,Scissors,EZNA,Consolidated,0.033,,,,78.7,,,,1.67,,0.85,,,,,,,,,
SH-Q4008,Q. macrocarpa,UHA-0526,,07-18-2024,8/7/2024,M. Evans,silica,FastPrep - 30 sec @ 6.0m/s,Scissors,EZNA,Consolidated,0.036,,,,73.9,,,,1.69,,1.33,,,,,,,,,
SH-Q4009,Q. 'K. B. Crystal',UHA-0527,,07-18-2024,8/7/2024,M. Evans,silica,FastPrep - 30 sec @ 6.0m/s,Scissors,EZNA,Consolidated,0.035,,,,86.2,,,,1.74,,0.86,,,,,,,,,
SH-Q4010,Q. 'K. B. Crystal',UHA-0528,,07-18-2024,8/7/2024,M. Evans,silica,FastPrep - 30 sec @ 6.0m/s,Scissors,EZNA,Consolidated,0.035,,,,72.4,,,,1.67,,0.67,,,,,,,,,
SH-Q4011,brandegeei,QUBR_2022_0506,TCB-05329,04-2024,8/28/2024,D. Barry,silica,FastPrep - 2x 30sec @ 6.0m/s,Scissors,EZNA,Consolidated,0.028,50,,,,,,,,,,,,,,,,,,
SH-Q4012,brandegeei,QUBR_2022_0113,TCB-05330,04-2024,8/28/2024,D. Barry,silica,FastPrep - 2x 30sec @ 6.0m/s,Scissors,EZNA,Consolidated,0.032,49,,,,,,,,,,,,,,,,,,
SH-Q4013,brandegeei,QUBR_2022_0106,TCB-05336,04-2024,8/28/2024,D. Barry,silica,FastPrep - 2x 30sec @ 6.0m/s,Scissors,EZNA,Consolidated,0.034,52,,,,,,,,,,,,,,,,,,
SH-Q4014,brandegeei,QUBR_2022_0104,TCB-05338,04-2024,8/28/2024,D. Barry,silica,FastPrep - 2x 30sec @ 6.0m/s,Scissors,EZNA,Consolidated,0.038,41.5,,,,,,,,,,,,,,,,,,
SH-Q4015,brandegeei,QUBR_2022_0100,TCB-05342,04-2024,8/28/2024,D. Barry,silica,FastPrep - 2x 30sec @ 6.0m/s,Scissors,EZNA,Consolidated,0.037,31.8,,,,,,,,,,,,,,,,,,
SH-Q4016,brandegeei,QUBR_2022_0095,TCB-05347,04-2024,8/28/2024,D. Barry,silica,FastPrep - 2x 30sec @ 6.0m/s,Scissors,EZNA,Consolidated,0.027,>60.0,,,,,,,,,,,,,,,,,,
SH-Q4017,brandegeei,QUBR_2022_0089,TCB-05355,04-2024,8/28/2024,D. Barry,silica,FastPrep - 2x 30sec @ 6.0m/s,Scissors,EZNA,Consolidated,0.029,>60.0,,,,,,,,,,,,,,,,,,
SH-Q4018,brandegeei,QUBR_2022_0080,TCB-05358,04-2024,8/28/2024,D. Barry,silica,FastPrep - 2x 30sec @ 6.0m/s,Scissors,EZNA,Consolidated,0.037,55,,,,,,,,,,,,,,,,,,
SH-Q4019,brandegeei,QUBR_2022_0074,TCB-05364,04-2024,8/28/2024,D. Barry,silica,FastPrep - 2x 30sec @ 6.0m/s,Scissors,EZNA,Consolidated,0.033,>60.0,,,,,,,,,,,,,,,,,,
SH-Q4020,brandegeei,QUBR_2022_0072,TCB-05368,04-2024,8/28/2024,D. Barry,silica,FastPrep - 2x 30sec @ 6.0m/s,Scissors,EZNA,Consolidated,0.034,58,,,,,,,,,,,,,,,,,,
SH-Q4021,brandegeei,QUBR_2022_0087,TCB-05369,04-2024,8/30/2024,D. Barry,silica,FastPrep - 2x 30sec @ 6.0m/s,Scissors,EZNA,Consolidated,0.032,,,,113.3,,,,1.84,,0.93,,,,,,,,,
SH-Q4022,brandegeei,QUBR_2022_0063,TCB-05379,04-2024,8/30/2024,D. Barry,silica,FastPrep - 2x 30sec @ 6.0m/s,Scissors,EZNA,Consolidated,0.031,,,,161.8,,,,1.83,,0.81,,,,,,,,,
SH-Q4023,brandegeei,QUBR_2022_0061,TCB-05383,04-2024,8/30/2024,D. Barry,silica,FastPrep - 2x 30sec @ 6.0m/s,Scissors,EZNA,Consolidated,0.037,,,,230.0,,,,1.94,,1.34,,,,,,,,,
SH-Q4024,brandegeei,QUBR_2022_0059,TCB-05385,04-2024,8/30/2024,D. Barry,silica,FastPrep - 2x 30sec @ 6.0m/s,Scissors,EZNA,Consolidated,0.027,,,,75.0,,,,1.65,,0.53,,,,,,,,,
SH-Q4025,brandegeei,QUBR_2022_0054,TCB-05389,04-2024,8/30/2024,D. Barry,silica,FastPrep - 2x 30sec @ 6.0m/s,Scissors,EZNA,Consolidated,0.023,,,,60.9,,,,1.58,,0.95,,,,,,,,,
SH-Q4026,brandegeei,QUBR_2022_0051,TCB-05392,04-2024,8/30/2024,D. Barry,silica,FastPrep - 2x 30sec @ 6.0m/s,Scissors,EZNA,Consolidated,0.038,,,,129.6,,,,1.83,,1.15,,,,,,,,,
SH-Q4027,brandegeei,QUBR_2022_0047,TCB-05397,04-2024,8/30/2024,D. Barry,silica,FastPrep - 2x 30sec @ 6.0m/s,Scissors,EZNA,Consolidated,0.027,,,,48.7,,,,1.62,,0.86,,,,,,,,,
SH-Q4028,brandegeei,QUBR_2022_0046,TCB-05398,04-2024,8/30/2024,D. Barry,silica,FastPrep - 2x 30sec @ 6.0m/s,Scissors,EZNA,Consolidated,0.028,,,,66.1,,,,1.80,,0.47,,,,,,,,,
SH-Q4029,brandegeei,QUBR_2022_0044,TCB-05399,04-2024,8/30/2024,D. Barry,silica,FastPrep - 2x 30sec @ 6.0m/s,Scissors,EZNA,Consolidated,0.030,,,,167.8,,,,1.84,,0.74,,,,,,,,,
SH-Q4030,brandegeei,QUBR_2022_0034,TCB-05408,04-2024,8/30/2024,D. Barry,silica,FastPrep - 2x 30sec @ 6.0m/s,Scissors,EZNA,Consolidated,0.027,,,,80.2,,,,1.82,,0.39,,,,,,,,,
SH-Q4031,brandegeei,QUBR_2022_0004,TCB-05436,04-2024,8/30/2024,D. Barry,silica,FastPrep - 2x 30sec @ 6.0m/s,Scissors,EZNA,Consolidated,0.036,,,,123.5,,,,1.75,,0.38,,,,,,,,,
SH-Q4032,brandegeei,QUBR_2022_0231,TCB-05444,04-2024,8/30/2024,D. Barry,silica,FastPrep - 2x 30sec @ 6.0m/s,Scissors,EZNA,Consolidated,0.031,,,,150.8,,,,1.83,,1.10,,,,,,,,,
SH-Q4033,brandegeei,QUBR_2022_0227,TCB-05446,04-2024,8/30/2024,D. Barry,silica,FastPrep - 2x 30sec @ 6.0m/s,Scissors,EZNA,Consolidated,0.036,,,,267.8,,,,1.89,,0.89,,,,,,,,,
SH-Q4034,brandegeei,QUBR_2022_0225,TCB-05448,04-2024,8/30/2024,D. Barry,silica,FastPrep - 2x 30sec @ 6.0m/s,Scissors,EZNA,Consolidated,0.031,,,,105.6,,,,1.84,,0.99,,,,,,,,,
SH-Q4035,brandegeei,QUBR_2022_0240,TCB-05450,04-2024,8/30/2024,D. Barry,silica,FastPrep - 2x 30sec @ 6.0m/s,Scissors,EZNA,Consolidated,0.028,,,,52.4,,,,1.54,,0.23,,,,,,,,,
SH-Q4036,brandegeei,QUBR_2022_0229,TCB-05452,04-2024,8/30/2024,D. Barry,silica,FastPrep - 2x 30sec @ 6.0m/s,Scissors,EZNA,Consolidated,0.034,,,,73.3,,,,1.74,,0.26,,,,,,,,,
SH-Q4037,brandegeei,QUBR_2022_0228,TCB-05453,04-2024,9/3/2024,D. Barry,silica,FastPrep - 2x 30sec @ 6.0m/s,Scissors,EZNA,Consolidated,0.034,,,,517.7,,,,2.01,,1.80,,,,,,,,,
SH-Q4038,brandegeei,QUBR_2022_0211,TCB-05461,04-2024,9/3/2024,D. Barry,silica,FastPrep - 2x 30sec @ 6.0m/s,Scissors,EZNA,Consolidated,0.035,,,,178.3,,,,1.92,,1.31,,,,,,,,,
SH-Q4039,brandegeei,QUBR_2022_0216,TCB-05464,04-2024,9/3/2024,D. Barry,silica,FastPrep - 2x 30sec @ 6.0m/s,Scissors,EZNA,Consolidated,0.037,,,,486.5,,,,2.01,,2.14,,,,,,,,,
SH-Q4040,brandegeei,QUBR_2022_0214,TCB-05470,04-2024,9/3/2024,D. Barry,silica,FastPrep - 2x 30sec @ 6.0m/s,Scissors,EZNA,Consolidated,0.036,,,,127.0,,,,1.80,,0.89,,,,,,,,,
SH-Q4041,brandegeei,QUBR_2022_0201,TCB-05472,04-2024,9/3/2024,D. Barry,silica,FastPrep - 2x 30sec @ 6.0m/s,Scissors,EZNA,Consolidated,0.040,,,,83.2,,,,1.82,,0.81,,,,,,,,,
SH-Q4042,brandegeei,QUBR_2022_0204,TCB-05473,04-2024,9/3/2024,D. Barry,silica,FastPrep - 2x 30sec @ 6.0m/s,Scissors,EZNA,Consolidated,0.032,,,,80.8,,,,1.71,,0.84,,,,,,,,,
SH-Q4043,brandegeei,QUBR_2022_0212,TCB-05474,04-2024,9/3/2024,D. Barry,silica,FastPrep - 2x 30sec @ 6.0m/s,Scissors,EZNA,Consolidated,0.027,,,,62.1,,,,1.78,,0.74,,,,,,,,,
SH-Q4044,brandegeei,QUBR_2022_0199,TCB-05478,04-2024,9/3/2024,D. Barry,silica,FastPrep - 2x 30sec @ 6.0m/s,Scissors,EZNA,Consolidated,0.025,,,,195.2,,,,1.94,,1.30,,,,,,,,,
SH-Q4045,brandegeei,QUBR_2022_0187,TCB-05481,04-2024,9/3/2024,D. Barry,silica,FastPrep - 2x 30sec @ 6.0m/s,Scissors,EZNA,Consolidated,0.023,,,,168.4,,,,1.89,,1.76,,,,,,,,,
SH-Q4046,brandegeei,QUBR_2022_0194,TCB-05484,04-2024,9/3/2024,D. Barry,silica,FastPrep - 2x 30sec @ 6.0m/s,Scissors,EZNA,Consolidated,0.030,,,,188.5,,,,1.86,,1.68,,,,,,,,,
SH-Q4047,brandegeei,QUBR_2022_0197,TCB-05491,04-2024,9/3/2024,D. Barry,silica,FastPrep - 2x 30sec @ 6.0m/s,Scissors,EZNA,Consolidated,0.028,,,,159.9,,,,1.93,,0.89,,,,,,,,,
SH-Q4048,brandegeei,QUBR_2022_0182,TCB-05497,04-2024,9/3/2024,D. Barry,silica,FastPrep - 2x 30sec @ 6.0m/s,Scissors,EZNA,Consolidated,0.034,,,,109.9,,,,1.67,,0.33,,,,,,,,,
SH-Q4049,brandegeei,QUBR_2022_0181,TCB-05498,04-2024,9/3/2024,D. Barry,silica,FastPrep - 2x 30sec @ 6.0m/s,Scissors,EZNA,Consolidated,0.031,,,,221.7,,,,1.96,,0.80,,,,,,,,,
SH-Q4050,brandegeei,QUBR_2022_0176,TCB-05501,04-2024,9/3/2024,D. Barry,silica,FastPrep - 2x 30sec @ 6.0m/s,Scissors,EZNA,Consolidated,0.030,,,,153.4,,,,1.85,,1.27,,,,,,,,,
SH-Q4051,brandegeei,QUBR_2022_0173,TCB-05503,04-2024,9/3/2024,D. Barry,silica,FastPrep - 2x 30sec @ 6.0m/s,Scissors,EZNA,Consolidated,0.038,,,,98.2,,,,1.86,,0.84,,,,,,,,,
SH-Q4052,brandegeei,QUBR_2022_0169,TCB-05511,04-2024,9/3/2024,D. Barry,silica,FastPrep - 2x 30sec @ 6.0m/s,Scissors,EZNA,Consolidated,0.038,,,,163.9,,,,1.89,,0.75,,,,,,,,,
SH-Q4053,brandegeei,QUBR_2022_0160,TCB-05515,04-2024,9/3/2024,D. Barry,silica,FastPrep - 2x 30sec @ 6.0m/s,Scissors,EZNA,Consolidated,0.030,,,,121.3,,,,1.78,,1.21,,,,,,,,,
SH-Q4054,brandegeei,QUBR_2022_0235,TCB-05516,04-2024,9/3/2024,D. Barry,silica,FastPrep - 2x 30sec @ 6.0m/s,Scissors,EZNA,Consolidated,0.030,,,,91.5,,,,1.75,,0.32,,,,,,,,,
SH-Q4055,brandegeei,QUBR_2022_0157,TCB-05519,04-2024,9/3/2024,D. Barry,silica,FastPrep - 2x 30sec @ 6.0m/s,Scissors,EZNA,Consolidated,0.034,,,,98.8,,,,1.78,,0.46,,,,,,,,,
SH-Q4056,brandegeei,QUBR_2022_0154,TCB-05522,04-2024,9/5/2024,D. Barry,silica,FastPrep - 2x 30sec @ 6.0m/s,Scissors,EZNA,Consolidated,0.038,,,,126.9,,,,1.81,,0.65,,,,,,,,,
SH-Q4057,brandegeei,QUBR_2022_0147,TCB-05529,04-2024,9/3/2024,D. Barry,silica,FastPrep - 2x 30sec @ 6.0m/s,Scissors,EZNA,Consolidated,Need to reextract,,,,103.6,,,,1.77,,1.23,,,,,,,,,
SH-Q4058,brandegeei,QUBR_2022_0143,TCB-05532,04-2024,9/3/2024,D. Barry,silica,FastPrep - 2x 30sec @ 6.0m/s,Scissors,EZNA,Consolidated,0.029,,,,70.9,,,,1.74,,0.38,,,,,,,,,
SH-Q4059,brandegeei,QUBR_2022_0133,TCB-05543,04-2024,9/3/2024,D. Barry,silica,FastPrep - 2x 30sec @ 6.0m/s,Scissors,EZNA,Consolidated,0.037,,,,90.1,,,,1.79,,0.92,,,,,,,,,
SH-Q4060,brandegeei,QUBR_2022_0124,TCB-05546,04-2024,9/3/2024,D. Barry,silica,FastPrep - 2x 30sec @ 6.0m/s,Scissors,EZNA,Consolidated,0.030,,,,65.5,,,,1.81,,0.42,,,,,,,,,
SH-Q4061,brandegeei,QUBR_2022_0131,TCB-05550,04-2024,9/5/2024,D. Barry,silica,FastPrep - 2x 30sec @ 6.0m/s,Scissors,EZNA,Consolidated,0.029,,,,81.1,,,,1.46,,0.17,,,,,,,,,
SH-Q4062,brandegeei,QUBR_2022_0130,TCB-05551,04-2024,9/5/2024,D. Barry,silica,FastPrep - 2x 30sec @ 6.0m/s,Scissors,EZNA,Consolidated,0.028,,,,84.3,,,,1.76,,0.66,,,,,,,,,
SH-Q4063,brandegeei,QUBR_2022_0120,TCB-05552,04-2024,9/5/2024,D. Barry,silica,FastPrep - 2x 30sec @ 6.0m/s,Scissors,EZNA,Consolidated,0.031,,,,58.2,,,,1.71,,0.98,,,,,,,,,
SH-Q4064,brandegeei,QUBR_2022_0129,TCB-05555,04-2024,9/5/2024,D. Barry,silica,FastPrep - 2x 30sec @ 6.0m/s,Scissors,EZNA,Consolidated,0.032,,,,68.5,,,,1.74,,0.89,,,,,,,,,
SH-Q4065,brandegeei,QUBR_2022_0128,TCB-05556,04-2024,9/5/2024,D. Barry,silica,FastPrep - 2x 30sec @ 6.0m/s,Scissors,EZNA,Consolidated,0.033,,,,76.2,,,,1.70,,0.51,,,,,,,,,
SH-Q4066,brandegeei,QUBR_2022_0115,TCB-05559,04-2024,9/5/2024,D. Barry,silica,FastPrep - 2x 30sec @ 6.0m/s,Scissors,EZNA,Consolidated,0.032,,,,72.0,,,,1.76,,1.19,,,,,,,,,
SH-Q4067,brandegeei,QUBR_2022_0117,TCB-05560,04-2024,9/5/2024,D. Barry,silica,FastPrep - 2x 30sec @ 6.0m/s,Scissors,EZNA,Consolidated,0.040,,,,61.7,,,,1.68,,0.25,,,,,,,,,
SH-Q4068,brandegeei,QUBR_2022_0236,TCB-05564,04-2024,9/5/2024,D. Barry,silica,FastPrep - 2x 30sec @ 6.0m/s,Scissors,EZNA,Consolidated,0.028,,,,56.6,,,,1.61,,0.22,,,,,,,,,
SH-Q4069,brandegeei,QUBR_2022_0241,TCB-05565,04-2024,9/5/2024,D. Barry,silica,FastPrep - 2x 30sec @ 6.0m/s,Scissors,EZNA,Consolidated,0.032,,,,101.9,,,,1.76,,1.57,,,,,,,,,
SH-Q4070,brandegeei,QUBR_2022_0247,TCB-05568,04-2024,9/5/2024,D. Barry,silica,FastPrep - 2x 30sec @ 6.0m/s,Scissors,EZNA,Consolidated,0.029,,,,84.0,,,,1.48,,0.21,,,,,,,,,
SH-Q4071,brandegeei,QUBR_2022_0246,TCB-05570,04-2024,9/5/2024,D. Barry,silica,FastPrep - 2x 30sec @ 6.0m/s,Scissors,EZNA,Consolidated,0.033,,,,111.0,,,,1.71,,0.41,,,,,,,,,
SH-Q4072,brandegeei,QUBR_2022_0251,TCB-05572,04-2024,9/5/2024,D. Barry,silica,FastPrep - 2x 30sec @ 6.0m/s,Scissors,EZNA,Consolidated,0.035,,,,160.7,,,,1.65,,0.32,,,,,,,,,
SH-Q4073,brandegeei,QUBR_2022_0250,TCB-05573,04-2024,9/5/2024,D. Barry,silica,FastPrep - 2x 30sec @ 6.0m/s,Scissors,EZNA,Consolidated,0.028,,,,120.4,,,,1.35,,0.15,,,,,,,,,
SH-Q4074,brandegeei,QUBR_2022_0245,TCB-05574,04-2024,9/5/2024,D. Barry,silica,FastPrep - 2x 30sec @ 6.0m/s,Scissors,EZNA,Consolidated,0.040,,,,174.3,,,,1.79,,1.79,,,,,,,,,
SH-Q4075,brandegeei,QUBR_2022_0300,TCB-05576,04-2024,9/5/2024,D. Barry,silica,FastPrep - 2x 30sec @ 6.0m/s,Scissors,EZNA,Consolidated,0.036,,,,57.5,,,,1.37,,0.14,,,,,,,,,
SH-Q4076,brandegeei,QUBR_2022_0335,TCB-05582,04-2024,9/5/2024,D. Barry,silica,FastPrep - 2x 30sec @ 6.0m/s,Scissors,EZNA,Consolidated,0.038,,,,83.0,,,,1.71,,0.62,,,,,,,,,
SH-Q4077,brandegeei,QUBR_2022_0327,TCB-05585,04-2024,9/5/2024,D. Barry,silica,FastPrep - 2x 30sec @ 6.0m/s,Scissors,EZNA,Consolidated,0.039,,,,80.9,,,,1.68,,0.37,,,,,,,,,
SH-Q4078,brandegeei,QUBR_2022_0278,TCB-05590,04-2024,9/5/2024,D. Barry,silica,FastPrep - 2x 30sec @ 6.0m/s,Scissors,EZNA,Consolidated,0.036,,,,38.9,,,,1.67,,0.38,,,,,,,,,
SH-Q4079,brandegeei,QUBR_2022_0291,TCB-05597,04-2024,9/5/2024,D. Barry,silica,FastPrep - 2x 30sec @ 6.0m/s,Scissors,EZNA,Consolidated,0.034,,,,66.7,,,,1.80,,0.92,,,,,,,,,
SH-Q4080,brandegeei,QUBR_2022_0274,TCB-05599,04-2024,9/5/2024,D. Barry,silica,FastPrep - 2x 30sec @ 6.0m/s,Scissors,EZNA,Consolidated,0.038,,,,42.7,,,,1.13,,0.08,,,,,,,,,
SH-Q4081,brandegeei,QUBR_2022_0284,TCB-05601,04-2024,9/5/2024,D. Barry,silica,FastPrep - 2x 30sec @ 6.0m/s,Scissors,EZNA,Consolidated,0.039,,,,70.2,,,,1.53,,0.19,,,,,,,,,
SH-Q4082,brandegeei,QUBR_2022_0272,TCB-05608,04-2024,9/5/2024,D. Barry,silica,FastPrep - 2x 30sec @ 6.0m/s,Scissors,EZNA,Consolidated,0.039,,,,91.9,,,,1.03,,0.08,,,,,,,,,
SH-Q4083,brandegeei,QUBR_2022_0264,TCB-05613,04-2024,9/5/2024,D. Barry,silica,FastPrep - 2x 30sec @ 6.0m/s,Scissors,EZNA,Consolidated,0.035,,,,125.8,,,,1.77,,1.53,,,,,,,,,
SH-Q4084,brandegeei,QUBR_2022_0332,TCB-05615,04-2024,9/10/2024,D. Barry,silica,FastPrep - 2x 30sec @ 6.0m/s,Scissors,EZNA,Consolidated,0.039,,,,146.0,,,,1.72,,0.26,,,,,,,,,
SH-Q4085,brandegeei,QUBR_2022_0262,TCB-05620,04-2024,9/10/2024,D. Barry,silica,FastPrep - 2x 30sec @ 6.0m/s,Scissors,EZNA,Consolidated,0.029,,,,78.7,,,,1.61,,0.29,,,,,,,,,
SH-Q4086,brandegeei,QUBR_2022_0261,TCB-05622,04-2024,9/10/2024,D. Barry,silica,FastPrep - 2x 30sec @ 6.0m/s,Scissors,EZNA,Consolidated,0.034,,,,101.3,,,,1.75,,1.13,,,,,,,,,"Protein contamination error: A260 0.11, %CV 13.8"
SH-Q4087,brandegeei,QUBR_2022_0283,TCB-05624,04-2024,9/10/2024,D. Barry,silica,FastPrep - 2x 30sec @ 6.0m/s,Scissors,EZNA,Consolidated,0.035,,,,173.2,,,,1.90,,0.97,,,,,,,,,
SH-Q4088,brandegeei,QUBR_2022_0259,TCB-05625,04-2024,9/10/2024,D. Barry,silica,FastPrep - 2x 30sec @ 6.0m/s,Scissors,EZNA,Consolidated,0.040,,,,148.0,,,,1.95,,1.28,,,,,,,,,
SH-Q4089,brandegeei,QUBR_2022_0265,TCB-05628,04-2024,9/10/2024,D. Barry,silica,FastPrep - 2x 30sec @ 6.0m/s,Scissors,EZNA,Consolidated,0.038,,,,110.5,,,,1.85,,0.74,,,,,,,,,
SH-Q4090,brandegeei,QUBR_2022_0328,TCB-05633,04-2024,9/10/2024,D. Barry,silica,FastPrep - 2x 30sec @ 6.0m/s,Scissors,EZNA,Consolidated,0.031,,,,251.7,,,,1.92,,2.08,,,,,,,,,
SH-Q4091,brandegeei,QUBR_2022_0325,TCB-05634,04-2024,9/10/2024,D. Barry,silica,FastPrep - 2x 30sec @ 6.0m/s,Scissors,EZNA,Consolidated,0.035,,,,192.2,,,,1.94,,1.02,,,,,,,,,
SH-Q4092,brandegeei,QUBR_2022_0322,TCB-05635,04-2024,9/10/2024,D. Barry,silica,FastPrep - 2x 30sec @ 6.0m/s,Scissors,EZNA,Consolidated,0.038,,,,181.4,,,,1.95,,1.14,,,,,,,,,
SH-Q4093,brandegeei,QUBR_2022_0347,TCB-05638,04-2024,9/10/2024,D. Barry,silica,FastPrep - 2x 30sec @ 6.0m/s,Scissors,EZNA,Consolidated,0.037,,,,104.6,,,,1.77,,0.39,,,,,,,,,
SH-Q4094,brandegeei,QUBR_2022_0318,TCB-05649,04-2024,9/10/2024,D. Barry,silica,FastPrep - 2x 30sec @ 6.0m/s,Scissors,EZNA,Consolidated,0.039,,,,149.3,,,,1.97,,0.82,,,,,,,,,
SH-Q4095,brandegeei,QUBR_2022_0309,TCB-05650,04-2024,9/10/2024,D. Barry,silica,FastPrep - 2x 30sec @ 6.0m/s,Scissors,EZNA,Consolidated,0.036,,,,200.8,,,,1.96,,0.58,,,,,,,,,
SH-Q4096,brandegeei,QUBR_2022_0269,TCB-05653,04-2024,9/10/2024,D. Barry,silica,FastPrep - 2x 30sec @ 6.0m/s,Scissors,EZNA,Consolidated,0.032,,,,242.6,,,,1.90,,0.54,,,,,,,,,
SH-Q4097,brandegeei,QUBR_2022_0308,TCB-05654,04-2024,9/10/2024,D. Barry,silica,FastPrep - 2x 30sec @ 6.0m/s,Scissors,EZNA,Consolidated,0.037,,,,114.5,,,,1.86,,0.68,,,,,,,,,
SH-Q4098,brandegeei,QUBR_2022_0336,TCB-05669,04-2024,9/10/2024,D. Barry,silica,FastPrep - 2x 30sec @ 6.0m/s,Scissors,EZNA,Consolidated,0.040,,,,94.6,,,,1.85,,0.94,,,,,,,,,
SH-Q4099,brandegeei,QUBR_2022_0364,TCB-05688,04-2024,9/10/2024,D. Barry,silica,FastPrep - 2x 30sec @ 6.0m/s,Scissors,EZNA,Consolidated,0.035,,,,78.9,,,,1.53,,0.20,,,,,,,,,
SH-Q4100,brandegeei,QUBR_2022_0365,TCB-05692,04-2024,9/10/2024,D. Barry,silica,FastPrep - 2x 30sec @ 6.0m/s,Scissors,EZNA,Consolidated,0.039,,,,117.7,,,,1.89,,0.91,,,,,,,,,
SH-Q4101,brandegeei,QUBR_2022_0369,TCB-05702,04-2024,9/10/2024,D. Barry,silica,FastPrep - 2x 30sec @ 6.0m/s,Scissors,EZNA,Consolidated,0.037,,,,114.1,,,,1.92,,0.76,,,,,,,,,
SH-Q4102,brandegeei,QUBR_2022_0377,TCB-05706,04-2024,9/10/2024,D. Barry,silica,FastPrep - 2x 30sec @ 6.0m/s,Scissors,EZNA,Consolidated,0.038,,,,172.3,,,,1.93,,1.17,,,,,,,,,
SH-Q4103,brandegeei,QUBR_2022_0374,TCB-05715,04-2024,9/10/2024,D. Barry,silica,FastPrep - 2x 30sec @ 6.0m/s,Scissors,EZNA,Consolidated,0.039,,,,205.9,,,,1.70,,0.35,,,,,,,,,
SH-Q4104,brandegeei,QUBR_2022_0404,TCB-05723,04-2024,9/10/2024,D. Barry,silica,FastPrep - 2x 30sec @ 6.0m/s,Scissors,EZNA,Consolidated,0.035,,,,115.2,,,,1.87,,0.46,,,,,,,,,
SH-Q4105,brandegeei,QUBR_2022_0409,TCB-05732,04-2024,9/10/2024,D. Barry,silica,FastPrep - 2x 30sec @ 6.0m/s,Scissors,EZNA,Consolidated,0.035,,,,271.8,,,,1.90,,0.68,,,,,,,,,
SH-Q4106,brandegeei,QUBR_2022_0413,TCB-05735,04-2024,9/10/2024,D. Barry,silica,FastPrep - 2x 30sec @ 6.0m/s,Scissors,EZNA,Consolidated,0.037,,,,70.4,,,,1.56,,0.20,,,,,,,,,
SH-Q4107,brandegeei,QUBR_2022_0527,TCB-05782,04-2024,9/10/2024,D. Barry,silica,FastPrep - 2x 30sec @ 6.0m/s,Scissors,EZNA,Consolidated,0.040,,,,218.7,,,,2.05,,1.30,,,,,,,,,
SH-Q4108,brandegeei,QUBR_2022_1121,TCB-06207,04-2024,9/11/2024,D. Barry,silica,FastPrep - 2x 30sec @ 6.0m/s,Scissors,EZNA,Consolidated,0.034,,,,411.5,,,,2.01,,1.66,,,,,,,,,
SH-Q4109,brandegeei,QUBR_2022_1117,TCB-06229,04-2024,9/11/2024,D. Barry,silica,FastPrep - 2x 30sec @ 6.0m/s,Scissors,EZNA,Consolidated,0.036,,,,215.7,,,,2.02,,1.82,,,,,,,,,
SH-Q4110,brandegeei,QUBR_2022_1066,TCB-06238,04-2024,9/11/2024,D. Barry,silica,FastPrep - 2x 30sec @ 6.0m/s,Scissors,EZNA,Consolidated,0.039,,,,225.2,,,,2.00,,1.11,,,,,,,,,
SH-Q4111,brandegeei,QUBR_2022_1261,TCB-06459,04-2024,9/11/2024,D. Barry,silica,FastPrep - 2x 30sec @ 6.0m/s,Scissors,EZNA,Consolidated,0.031,,,,247.7,,,,1.97,,0.88,,,,,,,,,
SH-Q4112,brandegeei,QUBR_2022_0105,TCB-05337,04-2024,9/11/2024,D. Barry,silica,FastPrep - 2x 30sec @ 6.0m/s,Scissors,EZNA,Consolidated,0.025,,,,121.9,,,,1.84,,1.01,,,,,,,,,
SH-Q4113,brandegeei,QUBR_2022_0103,TCB-05339,04-2024,9/11/2024,D. Barry,silica,FastPrep - 2x 30sec @ 6.0m/s,Scissors,EZNA,Consolidated,0.030,,,,145.0,,,,1.84,,0.53,,,,,,,,,
SH-Q4114,brandegeei,QUBR_2022_0102,TCB-05340,04-2024,9/11/2024,D. Barry,silica,FastPrep - 2x 30sec @ 6.0m/s,Scissors,EZNA,Consolidated,0.028,,,,42.9,,,,1.61,,0.34,,,,,,,,,
SH-Q4115,brandegeei,QUBR_2022_0096,TCB-05346,04-2024,9/11/2024,D. Barry,silica,FastPrep - 2x 30sec @ 6.0m/s,Scissors,EZNA,Consolidated,0.030,,,,77.1,,,,1.83,,0.71,,,,,,,,,
SH-Q4116,brandegeei,QUBR_2022_0092,TCB-05350,04-2024,9/11/2024,D. Barry,silica,FastPrep - 2x 30sec @ 6.0m/s,Scissors,EZNA,Consolidated,0.029,,,,117.0,,,,1.89,,0.62,,,,,,,,,
SH-Q4117,brandegeei,QUBR_2022_0082,TCB-05357,04-2024,9/11/2024,D. Barry,silica,FastPrep - 2x 30sec @ 6.0m/s,Scissors,EZNA,Consolidated,0.022,,,,208.2,,,,1.90,,1.44,,,,,,,,,
SH-Q4118,brandegeei,QUBR_2022_0078,TCB-05359,04-2024,9/11/2024,D. Barry,silica,FastPrep - 2x 30sec @ 6.0m/s,Scissors,EZNA,Consolidated,0.028,,,,100.0,,,,1.86,,1.23,,,,,,,,,
SH-Q4119,brandegeei,QUBR_2022_0076,TCB-05362,04-2024,9/11/2024,D. Barry,silica,FastPrep - 2x 30sec @ 6.0m/s,Scissors,EZNA,Consolidated,0.031,,,,145.4,,,,1.89,,1.07,,,,,,,,,
SH-Q4120,brandegeei,QUBR_2022_0071,TCB-05365,04-2024,9/11/2024,D. Barry,silica,FastPrep - 2x 30sec @ 6.0m/s,Scissors,EZNA,Consolidated,0.032,,,,290.5,,,,2.02,,3.14,,,,,,,,,
SH-Q4121,brandegeei,QUBR_2022_0070,TCB-05367,04-2024,9/11/2024,D. Barry,silica,FastPrep - 2x 30sec @ 6.0m/s,Scissors,EZNA,Consolidated,0.028,,,,211.7,,,,1.99,,3.69,,,,,,,,,
SH-Q4122,brandegeei,QUBR_2022_0069,TCB-05370,04-2024,9/11/2024,D. Barry,silica,FastPrep - 2x 30sec @ 6.0m/s,Scissors,EZNA,Consolidated,0.029,,,,310.0,,,,2.00,,3.23,,,,,,,,,
SH-Q4123,brandegeei,QUBR_2022_0068,TCB-05374,04-2024,9/11/2024,D. Barry,silica,FastPrep - 2x 30sec @ 6.0m/s,Scissors,EZNA,Consolidated,0.032,,,,206.9,,,,1.95,,1.90,,,,,,,,,
SH-Q4124,brandegeei,QUBR_2022_0064,TCB-05378,04-2024,9/11/2024,D. Barry,silica,FastPrep - 2x 30sec @ 6.0m/s,Scissors,EZNA,Consolidated,0.029,,,,201.4,,,,2.04,,2.11,,,,,,,,,"1 of 2 leaves was necrotic, cut tissue from the non-necrotic leaf; During step 6 (adding liquid to green homogenizer column), liquid flowed through the column into tube prior to spinning"
SH-Q4125,brandegeei,QUBR_2022_0060,TCB-05384,04-2024,9/11/2024,D. Barry,silica,FastPrep - 2x 30sec @ 6.0m/s,Scissors,EZNA,Consolidated,0.031,,,,268.0,,,,1.99,,2.46,,,,,,,,,
SH-Q4126,brandegeei,QUBR_2022_0050,TCB-05393,04-2024,9/11/2024,D. Barry,silica,FastPrep - 2x 30sec @ 6.0m/s,Scissors,EZNA,Consolidated,0.035,,,,140.4,,,,2.05,,3.24,,,,,,,,,
SH-Q4127,brandegeei,QUBR_2022_0048,TCB-05395,04-2024,9/11/2024,D. Barry,silica,FastPrep - 2x 30sec @ 6.0m/s,Scissors,EZNA,Consolidated,0.030,,,,152.3,,,,1.97,,0.90,,,,,,,,,
SH-Q4128,brandegeei,QUBR_2022_0042,TCB-05401,04-2024,9/11/2024,D. Barry,silica,FastPrep - 2x 30sec @ 6.0m/s,Scissors,EZNA,Consolidated,0.031,,,,47.7,,,,1.85,,0.51,,,,,,,,,
SH-Q4129,brandegeei,QUBR_2022_0039,TCB-05403,04-2024,9/11/2024,D. Barry,silica,FastPrep - 2x 30sec @ 6.0m/s,Scissors,EZNA,Consolidated,0.037,,,,270.8,,,,1.97,,2.84,,,,,,,,,
SH-Q4130,brandegeei,QUBR_2022_0037,TCB-05405,04-2024,9/11/2024,D. Barry,silica,FastPrep - 2x 30sec @ 6.0m/s,Scissors,EZNA,Consolidated,0.026,,,,184.8,,,,2.05,,4.36,,,,,,,,,
SH-Q4131,brandegeei,QUBR_2022_0035,TCB-05407,04-2024,9/11/2024,D. Barry,silica,FastPrep - 2x 30sec @ 6.0m/s,Scissors,EZNA,Consolidated,0.029,,,,167.1,,,,1.97,,2.80,,,,,,,,,
SH-Q4132,brandegeei,QUBR_2022_0031,TCB-05411,04-2024,9/17/2024,D. Barry,silica,FastPrep - 2x 30sec @ 6.0m/s,Scissors,EZNA,Consolidated,0.037,,,,80.5,,,,1.76,,0.86,,,,,,,,,
SH-Q4133,brandegeei,QUBR_2022_0029,TCB-05413,04-2024,9/17/2024,D. Barry,silica,FastPrep - 2x 30sec @ 6.0m/s,Scissors,EZNA,Consolidated,0.030,,,,118.8,,,,1.77,,0.73,,,,,,,,,
SH-Q4134,brandegeei,QUBR_2022_0023,TCB-05414,04-2024,9/17/2024,D. Barry,silica,FastPrep - 2x 30sec @ 6.0m/s,Scissors,EZNA,Consolidated,0.029,,,,63.1,,,,1.66,,0.31,,,,,,,,,
SH-Q4135,brandegeei,QUBR_2022_0026,TCB-05415,04-2024,9/17/2024,D. Barry,silica,FastPrep - 2x 30sec @ 6.0m/s,Scissors,EZNA,Consolidated,0.031,,,,153.2,,,,1.90,,1.15,,,,,,,,,
SH-Q4136,brandegeei,QUBR_2022_0028,TCB-05416,04-2024,9/17/2024,D. Barry,silica,FastPrep - 2x 30sec @ 6.0m/s,Scissors,EZNA,Consolidated,0.038,,,,142.6,,,,1.95,,1.33,,,,,,,,,
SH-Q4137,brandegeei,QUBR_2022_0022,TCB-05418,04-2024,9/17/2024,D. Barry,silica,FastPrep - 2x 30sec @ 6.0m/s,Scissors,EZNA,Consolidated,0.026,,,,111.0,,,,1.67,,0.35,,,,,,,,,
SH-Q4138,brandegeei,QUBR_2022_0021,TCB-05421,04-2024,9/17/2024,D. Barry,silica,FastPrep - 2x 30sec @ 6.0m/s,Scissors,EZNA,Consolidated,0.032,,,,154.7,,,,1.76,,0.67,,,,,,,,,
SH-Q4139,brandegeei,QUBR_2022_0020,TCB-05422,04-2024,9/17/2024,D. Barry,silica,FastPrep - 2x 30sec @ 6.0m/s,Scissors,EZNA,Consolidated,0.027,,,,119.5,,,,1.84,,1.04,,,,,,,,,
SH-Q4140,brandegeei,QUBR_2022_0018,TCB-05424,04-2024,9/17/2024,D. Barry,silica,FastPrep - 2x 30sec @ 6.0m/s,Scissors,EZNA,Consolidated,0.028,,,,99.3,,,,1.79,,0.70,,,,,,,,,
SH-Q4141,brandegeei,QUBR_2022_0005,TCB-05430,04-2024,9/17/2024,D. Barry,silica,FastPrep - 2x 30sec @ 6.0m/s,Scissors,EZNA,Consolidated,0.029,,,,117.8,,,,1.86,,1.59,,,,,,,,,
SH-Q4142,brandegeei,QUBR_2022_0006,TCB-05431,04-2024,9/17/2024,D. Barry,silica,FastPrep - 2x 30sec @ 6.0m/s,Scissors,EZNA,Consolidated,0.026,,,,48.5,,,,1.61,,0.93,,,,,,,,,
SH-Q4143,brandegeei,QUBR_2022_0014,TCB-05433,04-2024,9/17/2024,D. Barry,silica,FastPrep - 2x 30sec @ 6.0m/s,Scissors,EZNA,Consolidated,0.032,,,,94.4,,,,1.42,,0.13,,,,,,,,,
SH-Q4144,brandegeei,QUBR_2022_0011,TCB-05437,04-2024,9/17/2024,D. Barry,silica,FastPrep - 2x 30sec @ 6.0m/s,Scissors,EZNA,Consolidated,0.023,,,,112.4,,,,1.87,,0.82,,,,,,,,,
SH-Q4145,brandegeei,QUBR_2022_0003,TCB-05438,04-2024,9/17/2024,D. Barry,silica,FastPrep - 2x 30sec @ 6.0m/s,Scissors,EZNA,Consolidated,0.028,,,,79.4,,,,1.77,,0.66,,,,,,,,,
SH-Q4146,brandegeei,QUBR_2022_0010,TCB-05440,04-2024,9/17/2024,D. Barry,silica,FastPrep - 2x 30sec @ 6.0m/s,Scissors,EZNA,Consolidated,0.031,,,,61.8,,,,1.74,,0.95,,,,,,,,,
SH-Q4147,brandegeei,QUBR_2022_0002,TCB-05441,04-2024,9/17/2024,D. Barry,silica,FastPrep - 2x 30sec @ 6.0m/s,Scissors,EZNA,Consolidated,0.029,,,,116.3,,,,1.63,,0.28,,,,,,,,,
SH-Q4148,brandegeei,QUBR_2022_0232,TCB-05443,04-2024,9/17/2024,D. Barry,silica,FastPrep - 2x 30sec @ 6.0m/s,Scissors,EZNA,Consolidated,0.028,,,,239.2,,,,1.90,,0.93,,,,,,,,,
SH-Q4149,brandegeei,QUBR_2022_0230,TCB-05445,04-2024,9/17/2024,D. Barry,silica,FastPrep - 2x 30sec @ 6.0m/s,Scissors,EZNA,Consolidated,0.029,,,,100.1,,,,1.75,,0.51,,,,,,,,,
SH-Q4150,brandegeei,QUBR_2022_0226,TCB-05447,04-2024,9/17/2024,D. Barry,silica,FastPrep - 2x 30sec @ 6.0m/s,Scissors,EZNA,Consolidated,0.034,,,,87.0,,,,1.78,,0.48,,,,,,,,,
SH-Q4151,brandegeei,QUBR_2022_0222,TCB-05449,04-2024,9/17/2024,D. Barry,silica,FastPrep - 2x 30sec @ 6.0m/s,Scissors,EZNA,Consolidated,0.023,,,,140.3,,,,1.95,,1.65,,,,,,,,,
SH-Q4152,brandegeei,QUBR_2022_0233,TCB-05451,04-2024,9/17/2024,D. Barry,silica,FastPrep - 2x 30sec @ 6.0m/s,Scissors,EZNA,Consolidated,0.025,,,,173.3,,,,1.92,,1.61,,,,,,,,,
SH-Q4153,brandegeei,QUBR_2022_0224,TCB-05455,04-2024,9/17/2024,D. Barry,silica,FastPrep - 2x 30sec @ 6.0m/s,Scissors,EZNA,Consolidated,0.028,,,,213.2,,,,1.58,,0.27,,,,,,,,,
SH-Q4154,brandegeei,QUBR_2022_0221,TCB-05457,04-2024,9/17/2024,D. Barry,silica,FastPrep - 2x 30sec @ 6.0m/s,Scissors,EZNA,Consolidated,0.034,,,,345.7,,,,2.03,,2.14,,,,,,,,,
SH-Q4155,brandegeei,QUBR_2022_0219,TCB-05460,04-2024,9/17/2024,D. Barry,silica,FastPrep - 2x 30sec @ 6.0m/s,Scissors,EZNA,Consolidated,0.029,,,,102.8,,,,1.55,,0.19,,,,,,,,,
SH-Q4156,brandegeei,QUBR_2022_0209,TCB-05465,04-2024,9/20/2024,D. Barry,silica,FastPrep - 2x 30sec @ 6.0m/s,Scissors,EZNA,Consolidated,0.027,,,,236.4,,,,1.96,,1.48,,,,,,,,,
SH-Q4157,brandegeei,QUBR_2022_0208,TCB-05468,04-2024,9/20/2024,D. Barry,silica,FastPrep - 2x 30sec @ 6.0m/s,Scissors,EZNA,Consolidated,0.031,,,,106.0,,,,1.80,,2.22,,,,,,,,,
SH-Q4158,brandegeei,QUBR_2022_0203,TCB-05475,04-2024,9/20/2024,D. Barry,silica,FastPrep - 2x 30sec @ 6.0m/s,Scissors,EZNA,Consolidated,0.026,,,,188.5,,,,1.95,,1.90,,,,,,,,,
SH-Q4159,brandegeei,QUBR_2022_0202,TCB-05476,04-2024,9/20/2024,D. Barry,silica,FastPrep - 2x 30sec @ 6.0m/s,Scissors,EZNA,Consolidated,0.027,,,,310.4,,,,2.00,,2.22,,,,,,,,,
SH-Q4160,brandegeei,QUBR_2022_0195,TCB-05480,04-2024,9/20/2024,D. Barry,silica,FastPrep - 2x 30sec @ 6.0m/s,Scissors,EZNA,Consolidated,0.031,,,,124.2,,,,1.83,,1.22,,,,,,,,,
SH-Q4161,brandegeei,QUBR_2022_0213,TCB-05483,04-2024,9/20/2024,D. Barry,silica,FastPrep - 2x 30sec @ 6.0m/s,Scissors,EZNA,Consolidated,0.027,,,,135.7,,,,1.79,,1.82,,,,,,,,,
SH-Q4162,brandegeei,QUBR_2022_0191,TCB-05488,04-2024,9/20/2024,D. Barry,silica,FastPrep - 2x 30sec @ 6.0m/s,Scissors,EZNA,Consolidated,0.022,,,,245.6,,,,1.91,,2.17,,,,,,,,,
SH-Q4163,brandegeei,QUBR_2022_0185,TCB-05493,04-2024,9/20/2024,D. Barry,silica,FastPrep - 2x 30sec @ 6.0m/s,Scissors,EZNA,Consolidated,0.036,,,,150.2,,,,1.88,,2.18,,,,,,,,,
SH-Q4164,brandegeei,QUBR_2022_0183,TCB-05496,04-2024,9/20/2024,D. Barry,silica,FastPrep - 2x 30sec @ 6.0m/s,Scissors,EZNA,Consolidated,0.033,,,,110.0,,,,1.85,,1.23,,,,,,,,,
SH-Q4165,brandegeei,QUBR_2022_0164,TCB-05505,04-2024,9/20/2024,D. Barry,silica,FastPrep - 2x 30sec @ 6.0m/s,Scissors,EZNA,Consolidated,0.030,,,,118.1,,,,1.91,,0.92,,,,,,,,,
SH-Q4166,brandegeei,QUBR_2022_0163,TCB-05506,04-2024,9/20/2024,D. Barry,silica,FastPrep - 2x 30sec @ 6.0m/s,Scissors,EZNA,Consolidated,0.023,,,,90.4,,,,1.77,,0.93,,,,,,,,,
SH-Q4167,brandegeei,QUBR_2022_0172,TCB-05507,04-2024,9/20/2024,D. Barry,silica,FastPrep - 2x 30sec @ 6.0m/s,Scissors,EZNA,Consolidated,0.032,,,,111.1,,,,1.86,,2.03,,,,,,,,,
SH-Q4168,brandegeei,QUBR_2022_0162,TCB-05508,04-2024,9/20/2024,D. Barry,silica,FastPrep - 2x 30sec @ 6.0m/s,Scissors,EZNA,Consolidated,0.026,,,,105.8,,,,1.67,,0.53,,,,,,,,,
SH-Q4169,brandegeei,QUBR_2022_0159,TCB-05517,04-2024,9/20/2024,D. Barry,silica,FastPrep - 2x 30sec @ 6.0m/s,Scissors,EZNA,Consolidated,0.033,,,,159.6,,,,1.90,,1.99,,,,,,,,,
SH-Q4170,brandegeei,QUBR_2022_0156,TCB-05520,04-2024,9/20/2024,D. Barry,silica,FastPrep - 2x 30sec @ 6.0m/s,Scissors,EZNA,Consolidated,0.034,,,,189.0,,,,1.92,,2.30,,,,,,,,,
SH-Q4171,brandegeei,QUBR_2022_0153,TCB-05523,04-2024,9/20/2024,D. Barry,silica,FastPrep - 2x 30sec @ 6.0m/s,Scissors,EZNA,Consolidated,0.037,,,,170.7,,,,1.91,,1.43,,,,,,,,,
SH-Q4172,brandegeei,QUBR_2022_0146,TCB-05530,04-2024,9/20/2024,D. Barry,silica,FastPrep - 2x 30sec @ 6.0m/s,Scissors,EZNA,Consolidated,0.035,,,,172.2,,,,1.91,,1.19,,,,,,,,,
SH-Q4173,brandegeei,QUBR_2022_0145,TCB-05531,04-2024,9/20/2024,D. Barry,silica,FastPrep - 2x 30sec @ 6.0m/s,Scissors,EZNA,Consolidated,0.035,,,,158.5,,,,1.88,,1.33,,,,,,,,,
SH-Q4174,brandegeei,QUBR_2022_0142,TCB-05533,04-2024,9/20/2024,D. Barry,silica,FastPrep - 2x 30sec @ 6.0m/s,Scissors,EZNA,Consolidated,0.032,,,,106.6,,,,1.93,,0.74,,,,,,,,,
SH-Q4175,brandegeei,QUBR_2022_0144,TCB-05534,04-2024,9/20/2024,D. Barry,silica,FastPrep - 2x 30sec @ 6.0m/s,Scissors,EZNA,Consolidated,0.029,,,,286.1,,,,1.96,,2.20,,,,,,,,,
SH-Q4176,brandegeei,QUBR_2022_0139,TCB-05537,04-2024,9/20/2024,D. Barry,silica,FastPrep - 2x 30sec @ 6.0m/s,Scissors,EZNA,Consolidated,0.033,,,,121.8,,,,1.84,,1.35,,,,,,,,,
SH-Q4177,brandegeei,QUBR_2022_0138,TCB-05538,04-2024,9/20/2024,D. Barry,silica,FastPrep - 2x 30sec @ 6.0m/s,Scissors,EZNA,Consolidated,0.031,,,,154.8,,,,1.88,,0.87,,,,,,,,,
SH-Q4178,brandegeei,QUBR_2022_0137,TCB-05539,04-2024,9/20/2024,D. Barry,silica,FastPrep - 2x 30sec @ 6.0m/s,Scissors,EZNA,Consolidated,0.023,,,,148.2,,,,1.87,,1.91,,,,,,,,,
SH-Q4179,brandegeei,QUBR_2022_0136,TCB-05540,04-2024,9/20/2024,D. Barry,silica,FastPrep - 2x 30sec @ 6.0m/s,Scissors,EZNA,Consolidated,0.040,,,,197.5,,,,1.94,,2.14,,,,,,,,,
SH-Q4180,brandegeei,QUBR_2022_0132,TCB-05549,04-2024,9/24/2024,D. Barry,silica,FastPrep - 2x 30sec @ 6.0m/s,Scissors,EZNA,Consolidated,0.038,,,,193.9,,,,1.96,,1.21,,,,,,,,,
SH-Q4181,brandegeei,QUBR_2022_0119,TCB-05553,04-2024,9/24/2024,D. Barry,silica,FastPrep - 2x 30sec @ 6.0m/s,Scissors,EZNA,Consolidated,0.025,,,,96.5,,,,1.83,,0.48,,,,,,,,,
SH-Q4182,brandegeei,QUBR_2022_0239,TCB-05558,04-2024,9/24/2024,D. Barry,silica,FastPrep - 2x 30sec @ 6.0m/s,Scissors,EZNA,Consolidated,0.030,,,,146.5,,,,1.88,,1.18,,,,,,,,,
SH-Q4183,brandegeei,QUBR_2022_0238,TCB-05563,04-2024,9/24/2024,D. Barry,silica,FastPrep - 2x 30sec @ 6.0m/s,Scissors,EZNA,Consolidated,0.026,,,,186.1,,,,1.94,,2.15,,,,,,,,,
SH-Q4184,brandegeei,QUBR_2022_0244,TCB-05567,04-2024,9/24/2024,D. Barry,silica,FastPrep - 2x 30sec @ 6.0m/s,Scissors,EZNA,Consolidated,0.040,,,,108.6,,,,1.83,,0.81,,,,,,,,,
SH-Q4185,brandegeei,QUBR_2022_0294,TCB-05578,04-2024,9/24/2024,D. Barry,silica,FastPrep - 2x 30sec @ 6.0m/s,Scissors,EZNA,Consolidated,0.031,,,,169.1,,,,1.83,,1.97,,,,,,,,,
SH-Q4186,brandegeei,QUBR_2022_0280,TCB-05580,04-2024,9/24/2024,D. Barry,silica,FastPrep - 2x 30sec @ 6.0m/s,Scissors,EZNA,Consolidated,0.029,,,,196.3,,,,1.95,,1.15,,,,,,,,,
SH-Q4187,brandegeei,QUBR_2022_0333,TCB-05583,04-2024,9/24/2024,D. Barry,silica,FastPrep - 2x 30sec @ 6.0m/s,Scissors,EZNA,Consolidated,0.023,,,,245.7,,,,1.95,,1.63,,,,,,,,,
SH-Q4188,brandegeei,QUBR_2022_0298,TCB-05588,04-2024,9/24/2024,D. Barry,silica,FastPrep - 2x 30sec @ 6.0m/s,Scissors,EZNA,Consolidated,0.030,,,,93.0,,,,1.81,,1.98,,,,,,,,,
SH-Q4189,brandegeei,QUBR_2022_0296,TCB-05592,04-2024,9/24/2024,D. Barry,silica,FastPrep - 2x 30sec @ 6.0m/s,Scissors,EZNA,Consolidated,0.040,,,,110.1,,,,1.65,,0.27,,,,,,,,,
SH-Q4190,brandegeei,QUBR_2022_0276,TCB-05594,04-2024,9/24/2024,D. Barry,silica,FastPrep - 2x 30sec @ 6.0m/s,Scissors,EZNA,Consolidated,0.030,,,,149.3,,,,1.89,,1.50,,,,,,,,,
SH-Q4191,brandegeei,QUBR_2022_0275,TCB-05596,04-2024,9/24/2024,D. Barry,silica,FastPrep - 2x 30sec @ 6.0m/s,Scissors,EZNA,Consolidated,0.034,,,,176.4,,,,1.87,,2.16,,,,,,,,,
SH-Q4192,brandegeei,QUBR_2022_0350,TCB-05598,04-2024,9/24/2024,D. Barry,silica,FastPrep - 2x 30sec @ 6.0m/s,Scissors,EZNA,Consolidated,0.023,,,,317.6,,,,1.99,,2.22,,,,,,,,,
SH-Q4193,brandegeei,QUBR_2022_0340,TCB-05603,04-2024,9/24/2024,D. Barry,silica,FastPrep - 2x 30sec @ 6.0m/s,Scissors,EZNA,Consolidated,0.036,,,,159.7,,,,1.94,,1.11,,,,,,,,,
SH-Q4194,brandegeei,QUBR_2022_0334,TCB-05606,04-2024,9/24/2024,D. Barry,silica,FastPrep - 2x 30sec @ 6.0m/s,Scissors,EZNA,Consolidated,0.035,,,,100.2,,,,1.96,,1.04,,,,,,,,,
SH-Q4195,brandegeei,QUBR_2022_0324,TCB-05607,04-2024,9/24/2024,D. Barry,silica,FastPrep - 2x 30sec @ 6.0m/s,Scissors,EZNA,Consolidated,0.027,,,,85.4,,,,1.91,,1.59,,,,,,,,,
SH-Q4196,brandegeei,QUBR_2022_0323,TCB-05609,04-2024,9/24/2024,D. Barry,silica,FastPrep - 2x 30sec @ 6.0m/s,Scissors,EZNA,Consolidated,0.030,,,,174.5,,,,1.96,,1.66,,,,,,,,,
SH-Q4197,brandegeei,QUBR_2022_0345,TCB-05612,04-2024,9/24/2024,D. Barry,silica,FastPrep - 2x 30sec @ 6.0m/s,Scissors,EZNA,Consolidated,0.037,,,,119.2,,,,1.96,,1.42,,,,,,,,,
SH-Q4198,brandegeei,QUBR_2022_0338,TCB-05617,04-2024,9/24/2024,D. Barry,silica,FastPrep - 2x 30sec @ 6.0m/s,Scissors,EZNA,Consolidated,0.035,,,,130.4,,,,1.87,,1.06,,,,,,,,,
SH-Q4199,brandegeei,QUBR_2022_0281,TCB-05619,04-2024,9/24/2024,D. Barry,silica,FastPrep - 2x 30sec @ 6.0m/s,Scissors,EZNA,Consolidated,0.032,,,,254.6,,,,2.00,,2.22,,,,,,,,,
SH-Q4200,brandegeei,QUBR_2022_0282,TCB-05621,04-2024,9/24/2024,D. Barry,silica,FastPrep - 2x 30sec @ 6.0m/s,Scissors,EZNA,Consolidated,0.033,,,,172.8,,,,1.94,,2.29,,,,,,,,,
SH-Q4201,brandegeei,QUBR_2022_0260,TCB-05623,04-2024,9/24/2024,D. Barry,silica,FastPrep - 2x 30sec @ 6.0m/s,Scissors,EZNA,Consolidated,0.033,,,,82.5,,,,1.78,,0.89,,,,,,,,,
SH-Q4202,brandegeei,QUBR_2022_0273,TCB-05626,04-2024,9/24/2024,D. Barry,silica,FastPrep - 2x 30sec @ 6.0m/s,Scissors,EZNA,Consolidated,0.026,,,,90.8,,,,1.87,,1.98,,,,,,,,,
SH-Q4203,brandegeei,QUBR_2022_0256,TCB-05631,04-2024,9/24/2024,D. Barry,silica,FastPrep - 2x 30sec @ 6.0m/s,Scissors,EZNA,Consolidated,0.031,,,,119.8,,,,1.88,,1.38,,,,,,,,,
SH-Q4204,brandegeei,QUBR_2022_0344,TCB-05640,04-2024,1/7/2024,D. Barry,silica,FastPrep - 2x 30sec @ 6.0m/s,Scissors,EZNA,Consolidated,0.032,,,,170.1,,,,1.87,,1.40,,,,,,,,,
SH-Q4205,brandegeei,QUBR_2022_0343,TCB-05641,04-2024,1/7/2024,D. Barry,silica,FastPrep - 2x 30sec @ 6.0m/s,Scissors,EZNA,Consolidated,0.028,,,,149.5,,,,1.87,,1.56,,,,,,,,,
SH-Q4206,brandegeei,QUBR_2022_0319,TCB-05647,04-2024,1/7/2024,D. Barry,silica,FastPrep - 2x 30sec @ 6.0m/s,Scissors,EZNA,Consolidated,0.034,,,,133.2,,,,1.98,,1.20,,,,,,,,,
SH-Q4207,brandegeei,QUBR_2022_0252,TCB-05652,04-2024,1/7/2024,D. Barry,silica,FastPrep - 2x 30sec @ 6.0m/s,Scissors,EZNA,Consolidated,0.034,,,,71.1,,,,1.83,,0.92,,,,,,,,,
SH-Q4208,brandegeei,QUBR_2022_0315,TCB-05660,04-2024,1/7/2024,D. Barry,silica,FastPrep - 2x 30sec @ 6.0m/s,Scissors,EZNA,Consolidated,0.033,,,,105.4,,,,1.90,,1.61,,,,,,,,,
SH-Q4209,brandegeei,QUBR_2022_0314,TCB-05661,04-2024,1/7/2024,D. Barry,silica,FastPrep - 2x 30sec @ 6.0m/s,Scissors,EZNA,Consolidated,0.036,,,,199.6,,,,1.95,,2.01,,,,,,,,,
SH-Q4210,brandegeei,QUBR_2022_0313,TCB-05663,04-2024,1/7/2024,D. Barry,silica,FastPrep - 2x 30sec @ 6.0m/s,Scissors,EZNA,Consolidated,0.033,,,,105.4,,,,1.89,,1.79,,,,,,,,,
SH-Q4211,brandegeei,QUBR_2022_0312,TCB-05664,04-2024,1/7/2024,D. Barry,silica,FastPrep - 2x 30sec @ 6.0m/s,Scissors,EZNA,Consolidated,0.032,,,,82.1,,,,1.78,,0.75,,,,,,,,,
SH-Q4212,brandegeei,QUBR_2022_0301,TCB-05670,04-2024,1/7/2024,D. Barry,silica,FastPrep - 2x 30sec @ 6.0m/s,Scissors,EZNA,Consolidated,0.031,,,,87.8,,,,1.84,,1.49,,,,,,,,,
SH-Q4213,brandegeei,QUBR_2022_0268,TCB-05673,04-2024,1/7/2024,D. Barry,silica,FastPrep - 2x 30sec @ 6.0m/s,Scissors,EZNA,Consolidated,0.033,,,,133.4,,,,1.87,,2.09,,,,,,,,,
SH-Q4214,brandegeei,QUBR_2022_0361,TCB-05674,04-2024,1/7/2024,D. Barry,silica,FastPrep - 2x 30sec @ 6.0m/s,Scissors,EZNA,Consolidated,0.033,,,,141.7,,,,1.83,,0.47,,,,,,,,,
SH-Q4215,brandegeei,QUBR_2022_0360,TCB-05675,04-2024,1/7/2024,D. Barry,silica,FastPrep - 2x 30sec @ 6.0m/s,Scissors,EZNA,Consolidated,0.024,,,,134.1,,,,1.86,,1.76,,,,,,,,,
SH-Q4216,brandegeei,QUBR_2022_0351,TCB-05684,04-2024,1/7/2024,D. Barry,silica,FastPrep - 2x 30sec @ 6.0m/s,Scissors,EZNA,Consolidated,0.022,,,,150.0,,,,1.74,,1.25,,,,,,,,,
SH-Q4217,brandegeei,QUBR_2022_0362,TCB-05686,04-2024,1/7/2024,D. Barry,silica,FastPrep - 2x 30sec @ 6.0m/s,Scissors,EZNA,Consolidated,0.035,,,,135.4,,,,1.81,,1.47,,,,,,,,,
SH-Q4218,brandegeei,QUBR_2022_0363,TCB-05687,04-2024,1/7/2024,D. Barry,silica,FastPrep - 2x 30sec @ 6.0m/s,Scissors,EZNA,Consolidated,0.035,,,,124.0,,,,1.88,,1.20,,,,,,,,,
SH-Q4219,brandegeei,QUBR_2022_0381,TCB-05695,04-2024,1/7/2024,D. Barry,silica,FastPrep - 2x 30sec @ 6.0m/s,Scissors,EZNA,Consolidated,0.040,,,,97.0,,,,1.82,,0.71,,,,,,,,,
SH-Q4220,brandegeei,QUBR_2022_0382,TCB-05697,04-2024,1/7/2024,D. Barry,silica,FastPrep - 2x 30sec @ 6.0m/s,Scissors,EZNA,Consolidated,0.026,,,,119.3,,,,1.84,,2.04,,,,,,,,,
SH-Q4221,brandegeei,QUBR_2022_0366,TCB-05698,04-2024,1/7/2024,D. Barry,silica,FastPrep - 2x 30sec @ 6.0m/s,Scissors,EZNA,Consolidated,0.028,,,,92.6,,,,1.80,,0.78,,,,,,,,,
SH-Q4222,brandegeei,QUBR_2022_0370,TCB-05703,04-2024,1/7/2024,D. Barry,silica,FastPrep - 2x 30sec @ 6.0m/s,Scissors,EZNA,Consolidated,0.038,,,,92.7,,,,1.89,,1.52,,,,,,,,,
SH-Q4223,brandegeei,QUBR_2022_0372,TCB-05705,04-2024,1/7/2024,D. Barry,silica,FastPrep - 2x 30sec @ 6.0m/s,Scissors,EZNA,Consolidated,0.030,,,,78.7,,,,1.80,,0.72,,,,,,,,,
SH-Q4224,brandegeei,QUBR_2022_0384,TCB-05709,04-2024,1/7/2024,D. Barry,silica,FastPrep - 2x 30sec @ 6.0m/s,Scissors,EZNA,Consolidated,0.032,,,,112.3,,,,1.79,,1.91,,,,,,,,,
SH-Q4225,brandegeei,QUBR_2022_0396,TCB-05713,04-2024,1/7/2024,D. Barry,silica,FastPrep - 2x 30sec @ 6.0m/s,Scissors,EZNA,Consolidated,0.037,,,,79.8,,,,1.84,,0.54,,,,,,,,,
SH-Q4226,brandegeei,QUBR_2022_0398,TCB-05719,04-2024,1/7/2024,D. Barry,silica,FastPrep - 2x 30sec @ 6.0m/s,Scissors,EZNA,Consolidated,0.034,,,,62.2,,,,1.77,,0.79,,,,,,,,,
SH-Q4227,brandegeei,QUBR_2022_0400,TCB-05721,04-2024,1/7/2024,D. Barry,silica,FastPrep - 2x 30sec @ 6.0m/s,Scissors,EZNA,Consolidated,0.034,,,,87.0,,,,1.89,,1.93,,,,,,,,,
SH-Q4228,brandegeei,QUBR_2022_0405,TCB-05725,4-2024,1/20/2025,D. Barry,silica,FastPrep - 2x 30sec @ 6.0m/s,Scissors,EZNA,Consolidated,0.029,,,,201.9,,,,1.94,,1.52,,,,,,,,,
SH-Q4229,brandegeei,QUBR_2022_0407,TCB-05727,4-2024,1/20/2025,D. Barry,silica,FastPrep - 2x 30sec @ 6.0m/s,Scissors,EZNA,Consolidated,0.025,,,,99.7,,,,1.90,,1.04,,,,,,,,,
SH-Q4230,brandegeei,QUBR_2022_0406,TCB-05730,4-2024,1/20/2025,D. Barry,silica,FastPrep - 2x 30sec @ 6.0m/s,Scissors,EZNA,Consolidated,0.027,,,,88.5,,,,1.81,,1.38,,,,,,,,,
SH-Q4231,brandegeei,QUBR_2022_0410,TCB-05731,4-2024,1/20/2025,D. Barry,silica,FastPrep - 2x 30sec @ 6.0m/s,Scissors,EZNA,Consolidated,0.025,,,,133.7,,,,1.91,,1.24,,,,,,,,,
SH-Q4232,brandegeei,QUBR_2022_0411,TCB-05733,4-2024,1/20/2025,D. Barry,silica,FastPrep - 2x 30sec @ 6.0m/s,Scissors,EZNA,Consolidated,0.029,,,,99.6,,,,1.81,,1.07,,,,,,,,,
SH-Q4233,brandegeei,QUBR_2022_0412,TCB-05734,4-2024,1/20/2025,D. Barry,silica,FastPrep - 2x 30sec @ 6.0m/s,Scissors,EZNA,Consolidated,0.031,,,,65.5,,,,1.75,,0.91,,,,,,,,,
SH-Q4234,brandegeei,QUBR_2022_0416,TCB-05738,4-2024,1/20/2025,D. Barry,silica,FastPrep - 2x 30sec @ 6.0m/s,Scissors,EZNA,Consolidated,0.030,,,,103.9,,,,1.97,,1.58,,,,,,,,,
SH-Q4235,brandegeei,QUBR_2022_0417,TCB-05739,4-2024,1/20/2025,D. Barry,silica,FastPrep - 2x 30sec @ 6.0m/s,Scissors,EZNA,Consolidated,0.030,,,,94.8,,,,1.90,,1.47,,,,,,,,,
SH-Q4236,brandegeei,QUBR_2022_0423,TCB-05745,4-2024,1/20/2025,D. Barry,silica,FastPrep - 2x 30sec @ 6.0m/s,Scissors,EZNA,Consolidated,0.036,,,,52.2,,,,1.85,,1.16,,,,,,,,,
SH-Q4237,brandegeei,QUBR_2022_0425,TCB-05747,4-2024,1/20/2025,D. Barry,silica,FastPrep - 2x 30sec @ 6.0m/s,Scissors,EZNA,Consolidated,0.031,,,,115.8,,,,1.88,,1.75,,,,,,,,,
SH-Q4238,brandegeei,QUBR_2022_0426,TCB-05748,4-2024,1/20/2025,D. Barry,silica,FastPrep - 2x 30sec @ 6.0m/s,Scissors,EZNA,Consolidated,0.030,,,,122.5,,,,1.94,,1.58,,,,,,,,,
SH-Q4239,brandegeei,QUBR_2022_0427,TCB-05749,4-2024,1/20/2025,D. Barry,silica,FastPrep - 2x 30sec @ 6.0m/s,Scissors,EZNA,Consolidated,0.035,,,,147.8,,,,1.98,,1.53,,,,,,,,,
SH-Q4240,brandegeei,QUBR_2022_0428,TCB-05750,4-2024,1/20/2025,D. Barry,silica,FastPrep - 2x 30sec @ 6.0m/s,Scissors,EZNA,Consolidated,0.034,,,,150.8,,,,2.00,,1.78,,,,,,,,,
SH-Q4241,brandegeei,QUBR_2022_0429,TCB-05751,4-2024,1/20/2025,D. Barry,silica,FastPrep - 2x 30sec @ 6.0m/s,Scissors,EZNA,Consolidated,0.033,,,,155.0,,,,2.00,,1.26,,,,,,,,,
SH-Q4242,brandegeei,QUBR_2022_0431,TCB-05752,4-2024,1/20/2025,D. Barry,silica,FastPrep - 2x 30sec @ 6.0m/s,Scissors,EZNA,Consolidated,0.022,,,,56.4,,,,1.91,,0.74,,,,,,,,,
SH-Q4243,brandegeei,QUBR_2022_0438,TCB-05759,4-2024,1/20/2025,D. Barry,silica,FastPrep - 2x 30sec @ 6.0m/s,Scissors,EZNA,Consolidated,0.031,,,,134.7,,,,1.96,,1.43,,,,,,,,,
SH-Q4244,brandegeei,QUBR_2022_0440,TCB-05761,4-2024,1/20/2025,D. Barry,silica,FastPrep - 2x 30sec @ 6.0m/s,Scissors,EZNA,Consolidated,0.032,,,,77.4,,,,1.95,,1.22,,,,,,,,,
SH-Q4245,brandegeei,QUBR_2022_0441,TCB-05762,4-2024,1/20/2025,D. Barry,silica,FastPrep - 2x 30sec @ 6.0m/s,Scissors,EZNA,Consolidated,0.024,,,,96.1,,,,1.89,,0.99,,,,,,,,,
SH-Q4246,brandegeei,QUBR_2022_0442,TCB-05763,4-2024,1/20/2025,D. Barry,silica,FastPrep - 2x 30sec @ 6.0m/s,Scissors,EZNA,Consolidated,0.027,,,,177.8,,,,1.97,,1.46,,,,,,,,,
SH-Q4247,brandegeei,QUBR_2022_0443,TCB-05764,4-2024,1/20/2025,D. Barry,silica,FastPrep - 2x 30sec @ 6.0m/s,Scissors,EZNA,Consolidated,0.027,,,,74.7,,,,1.90,,0.84,,,,,,,,,
SH-Q4248,brandegeei,QUBR_2022_0444,TCB-05765,4-2024,1/20/2025,D. Barry,silica,FastPrep - 2x 30sec @ 6.0m/s,Scissors,EZNA,Consolidated,0.028,,,,162.0,,,,1.94,,0.60,,,,,,,,,
SH-Q4249,brandegeei,QUBR_2022_0445,TCB-05766,4-2024,1/20/2025,D. Barry,silica,FastPrep - 2x 30sec @ 6.0m/s,Scissors,EZNA,Consolidated,0.022,,,,177.1,,,,1.95,,1.21,,,,,,,,,
SH-Q4250,brandegeei,QUBR_2022_0447,TCB-05768,4-2024,1/20/2025,D. Barry,silica,FastPrep - 2x 30sec @ 6.0m/s,Scissors,EZNA,Consolidated,0.029,,,,114.0,,,,1.94,,1.00,,,,,,,,,
SH-Q4251,brandegeei,QUBR_2022_0450,TCB-05771,4-2024,1/20/2025,D. Barry,silica,FastPrep - 2x 30sec @ 6.0m/s,Scissors,EZNA,Consolidated,0.027,,,,45.2,,,,1.75,,0.44,,,,,,,,,
SH-Q4252,brandegeei,QUBR_2023_0658,TCB-06848,12/07/24,1/6/2025,M. Evans,silica,FastPrep - 2x 30sec @ 6.0m/s,Scissors,EZNA,Consolidated,0.031,,,,61.7,,,,1.73,,0.55,,,,,,,,,
SH-Q4253,brandegeei,QUBR_2023_0659,TCB-06849,12/07/24,1/6/2025,M. Evans,silica,FastPrep - 2x 30sec @ 6.0m/s,Scissors,EZNA,Consolidated,0.028,,,,144.4,,,,1.77,,1.80,,,,,,,,,
SH-Q4254,brandegeei,QUBR_2023_0662,TCB-06852,12/07/24,1/6/2025,M. Evans,silica,FastPrep - 2x 30sec @ 6.0m/s,Scissors,EZNA,Consolidated,0.030,,,,52.2,,,,1.75,,1.26,,,,,,,,,
SH-Q4255,brandegeei,QUBR_2023_0666,TCB-06856,12/07/24,1/6/2025,M. Evans,silica,FastPrep - 2x 30sec @ 6.0m/s,Scissors,EZNA,Consolidated,0.034,,,,137.1,,,,1.78,,0.96,,,,,,,,,
SH-Q4256,brandegeei,QUBR_2023_0671,TCB-06861,12/07/24,1/6/2025,M. Evans,silica,FastPrep - 2x 30sec @ 6.0m/s,Scissors,EZNA,Consolidated,0.036,,,,50.5,,,,1.70,,0.72,,,,,,,,,
SH-Q4257,brandegeei,QUBR_2023_0674,TCB-06864,12/07/24,1/6/2025,M. Evans,silica,FastPrep - 2x 30sec @ 6.0m/s,Scissors,EZNA,Consolidated,0.038,,,,143.3,,,,1.79,,1.63,,,,,,,,,
SH-Q4258,brandegeei,QUBR_2023_0690,TCB-06868,12/07/24,1/6/2025,M. Evans,silica,FastPrep - 2x 30sec @ 6.0m/s,Scissors,EZNA,Consolidated,0.038,,,,50.2,,,,1.56,,0.91,,,,,,,,,
SH-Q4259,brandegeei,QUBR_2023_0691,TCB-06869,12/07/24,1/6/2025,M. Evans,silica,FastPrep - 2x 30sec @ 6.0m/s,Scissors,EZNA,Consolidated,0.037,,,,92.3,,,,1.78,,1.41,,,,,,,,,
SH-Q4260,brandegeei,QUBR_2023_0694,TCB-06872,12/07/24,1/6/2025,M. Evans,silica,FastPrep - 2x 30sec @ 6.0m/s,Scissors,EZNA,Consolidated,0.039,,,,93.7,,,,1.75,,1.76,,,,,,,,,
SH-Q4261,brandegeei,QUBR_2023_0696,TCB-06874,12/07/24,1/6/2025,M. Evans,silica,FastPrep - 2x 30sec @ 6.0m/s,Scissors,EZNA,Consolidated,0.035,,,,76.2,,,,1.74,,1.33,,,,,,,,,
SH-Q4262,brandegeei,QUBR_2023_0697,TCB-06875,12/07/24,1/6/2025,M. Evans,silica,FastPrep - 2x 30sec @ 6.0m/s,Scissors,EZNA,Consolidated,0.034,,,,58.8,,,,1.71,,0.75,,,,,,,,,
SH-Q4263,brandegeei,QUBR_2023_0698,TCB-06876,12/07/24,1/6/2025,M. Evans,silica,FastPrep - 2x 30sec @ 6.0m/s,Scissors,EZNA,Consolidated,0.035,,,,104.2,,,,1.76,,1.71,,,,,,,,,
SH-Q4264,brandegeei,QUBR_2023_0701,TCB-06879,12/07/24,1/6/2025,M. Evans,silica,FastPrep - 2x 30sec @ 6.0m/s,Scissors,EZNA,Consolidated,0.038,,,,172.5,,,,1.79,,1.06,,,,,,,,,
SH-Q4265,brandegeei,QUBR_2023_0703,TCB-06881,12/07/24,1/6/2025,M. Evans,silica,FastPrep - 2x 30sec @ 6.0m/s,Scissors,EZNA,Consolidated,0.037,,,,94.2,,,,1.76,,1.23,,,,,,,,,Nanodrop indicated protein contamination
SH-Q4266,brandegeei,QUBR_2023_0704,TCB-06882,12/07/24,1/6/2025,M. Evans,silica,FastPrep - 2x 30sec @ 6.0m/s,Scissors,EZNA,Consolidated,0.038,,,,141,,,,1.77,,0.63,,,,,,,,,
SH-Q4267,brandegeei,QUBR_2023_0705,TCB-06883,12/07/24,1/6/2025,M. Evans,silica,FastPrep - 2x 30sec @ 6.0m/s,Scissors,EZNA,Consolidated,0.039,,,,34.2,,,,1.57,,1.01,,,,,,,,,
SH-Q4268,brandegeei,QUBR_2023_0676,TCB-06888,12/07/24,1/6/2025,M. Evans,silica,FastPrep - 2x 30sec @ 6.0m/s,Scissors,EZNA,Consolidated,0.032,,,,75.5,,,,1.74,,1.09,,,,,,,,,Nanodrop indicated protein contamination
SH-Q4269,brandegeei,QUBR_2023_0677,TCB-06889,12/07/24,1/6/2025,M. Evans,silica,FastPrep - 2x 30sec @ 6.0m/s,Scissors,EZNA,Consolidated,0.034,,,,49.2,,,,1.60,,0.80,,,,,,,,,
SH-Q4270,brandegeei,QUBR_2023_0678,TCB-06890,12/07/24,1/6/2025,M. Evans,silica,FastPrep - 2x 30sec @ 6.0m/s,Scissors,EZNA,Consolidated,0.038,,,,54.4,,,,1.76,,0.66,,,,,,,,,
SH-Q4271,brandegeei,QUBR_2023_0679,TCB-06891,12/07/24,1/6/2025,M. Evans,silica,FastPrep - 2x 30sec @ 6.0m/s,Scissors,EZNA,Consolidated,0.039,,,,78.3,,,,1.78,,1.44,,,,,,,,,
SH-Q4272,brandegeei,QUBR_2023_0680,TCB-06892,12/07/24,1/6/2025,M. Evans,silica,FastPrep - 2x 30sec @ 6.0m/s,Scissors,EZNA,Consolidated,0.039,,,,44.4,,,,1.53,,0.35,,,,,,,,,
SH-Q4273,brandegeei,QUBR_2023_0682,TCB-06894,12/07/24,1/6/2025,M. Evans,silica,FastPrep - 2x 30sec @ 6.0m/s,Scissors,EZNA,Consolidated,0.033,,,,120.6,,,,1.79,,1.77,,,,,,,,,
SH-Q4274,brandegeei,QUBR_2023_0683,TCB-06895,12/07/24,1/6/2025,M. Evans,silica,FastPrep - 2x 30sec @ 6.0m/s,Scissors,EZNA,Consolidated,0.037,,,,53.2,,,,1.67,,0.87,,,,,,,,,
SH-Q4275,brandegeei,QUBR_2023_0684,TCB-06896,12/07/24,1/6/2025,M. Evans,silica,FastPrep - 2x 30sec @ 6.0m/s,Scissors,EZNA,Consolidated,0.035,,,,85.6,,,,1.74,,1.37,,,,,,,,,
SH-Q4276,brandegeei,QUBR_2023_0685,TCB-06897,12/07/24,1/7/2025,M. Evans,silica,FastPrep - 2x 30sec @ 6.0m/s,Scissors,EZNA,Consolidated,0.030,,,,78.6,,,,1.73,,1.50,,,,,,,,,
SH-Q4277,brandegeei,QUBR_2023_0686,TCB-06898,12/07/24,1/7/2025,M. Evans,silica,FastPrep - 2x 30sec @ 6.0m/s,Scissors,EZNA,Consolidated,0.032,,,,113.1,,,,1.79,,0.92,,,,,,,,,
SH-Q4278,brandegeei,QUBR_2023_0116,TCB-06906,12/05/24,1/7/2025,M. Evans,silica,FastPrep - 2x 30sec @ 6.0m/s,Scissors,EZNA,Consolidated,0.032,,,,60.1,,,,1.69,,0.63,,,,,,,,,
SH-Q4279,brandegeei,QUBR_2023_0117,TCB-06907,12/05/24,1/7/2025,M. Evans,silica,FastPrep - 2x 30sec @ 6.0m/s,Scissors,EZNA,Consolidated,0.035,,,,32.7,,,,1.70,,0.69,,,,,,,,,
SH-Q4280,brandegeei,QUBR_2023_0120,TCB-06910,12/05/24,1/7/2025,M. Evans,silica,FastPrep - 2x 30sec @ 6.0m/s,Scissors,EZNA,Consolidated,0.038,,,,51.4,,,,1.70,,1.07,,,,,,,,,
SH-Q4281,brandegeei,QUBR_2023_0085,TCB-06926,12/04/24,1/7/2025,M. Evans,silica,FastPrep - 2x 30sec @ 6.0m/s,Scissors,EZNA,Consolidated,0.039,,,,84.3,,,,1.72,,1.43,,,,,,,,,
SH-Q4282,brandegeei,QUBR_2023_0087,TCB-06928,12/04/24,1/7/2025,M. Evans,silica,FastPrep - 2x 30sec @ 6.0m/s,Scissors,EZNA,Consolidated,0.036,,,,46.8,,,,1.65,,0.61,,,,,,,,,
SH-Q4283,brandegeei,QUBR_2023_0090,TCB-06931,12/04/24,1/7/2025,M. Evans,silica,FastPrep - 2x 30sec @ 6.0m/s,Scissors,EZNA,Consolidated,0.034,,,,52.5,,,,1.68,,1.01,,,,,,,,,
SH-Q4284,brandegeei,QUBR_2023_0092,TCB-06933,12/05/24,1/7/2025,M. Evans,silica,FastPrep - 2x 30sec @ 6.0m/s,Scissors,EZNA,Consolidated,0.038,,,,39.5,,,,1.71,,0.20,,,,,,,,,
SH-Q4285,brandegeei,QUBR_2023_0150,TCB-06949,12/06/24,1/7/2025,M. Evans,silica,FastPrep - 2x 30sec @ 6.0m/s,Scissors,EZNA,Consolidated,0.039,,,,53.1,,,,1.68,,0.65,,,,,,,,,
SH-Q4286,brandegeei,QUBR_2023_0160,TCB-06959,12/06/24,1/7/2025,M. Evans,silica,FastPrep - 2x 30sec @ 6.0m/s,Scissors,EZNA,Consolidated,0.040,,,,42.8,,,,1.76,,0.67,,,,,,,,,
SH-Q4287,brandegeei,QUBR_2023_0161,TCB-06960,12/06/24,1/7/2025,M. Evans,silica,FastPrep - 2x 30sec @ 6.0m/s,Scissors,EZNA,Consolidated,0.038,,,,62.4,,,,1.77,,1.70,,,,,,,,,
SH-Q4288,brandegeei,QUBR_2023_0162,TCB-06961,12/06/24,1/7/2025,M. Evans,silica,FastPrep - 2x 30sec @ 6.0m/s,Scissors,EZNA,Consolidated,0.040,,,,65.8,,,,1.77,,1.01,,,,,,,,,
SH-Q4289,brandegeei,QUBR_2023_0166,TCB-06965,12/07/24,1/7/2025,M. Evans,silica,FastPrep - 2x 30sec @ 6.0m/s,Scissors,EZNA,Consolidated,0.036,,,,93.7,,,,1.72,,1.34,,,,,,,,,
SH-Q4290,brandegeei,QUBR_2023_0167,TCB-06966,12/07/24,1/7/2025,M. Evans,silica,FastPrep - 2x 30sec @ 6.0m/s,Scissors,EZNA,Consolidated,0.038,,,,77.3,,,,1.79,,1.26,,,,,,,,,
SH-Q4291,brandegeei,QUBR_2023_0174,TCB-06973,12/07/24,1/7/2025,M. Evans,silica,FastPrep - 2x 30sec @ 6.0m/s,Scissors,EZNA,Consolidated,0.040,,,,98.9,,,,1.78,,0.77,,,,,,,,,Nanodrop indicated protein contamination
SH-Q4292,brandegeei,QUBR_2023_0177,TCB-06976,12/07/24,1/7/2025,M. Evans,silica,FastPrep - 2x 30sec @ 6.0m/s,Scissors,EZNA,Consolidated,0.040,,,,88.7,,,,1.83,,1.07,,,,,,,,,
SH-Q4293,brandegeei,QUBR_2023_0178,TCB-06977,12/07/24,1/7/2025,M. Evans,silica,FastPrep - 2x 30sec @ 6.0m/s,Scissors,EZNA,Consolidated,0.040,,,,63.7,,,,1.76,,0.93,,,,,,,,,
SH-Q4294,brandegeei,QUBR_2023_0179,TCB-06978,12/07/24,1/7/2025,M. Evans,silica,FastPrep - 2x 30sec @ 6.0m/s,Scissors,EZNA,Consolidated,0.036,,,,54.7,,,,1.66,,1.06,,,,,,,,,
SH-Q4295,brandegeei,QUBR_2023_0180,TCB-06979,12/07/24,1/7/2025,M. Evans,silica,FastPrep - 2x 30sec @ 6.0m/s,Scissors,EZNA,Consolidated,0.038,,,,103.4,,,,1.80,,2.00,,,,,,,,,Very high 260/230
SH-Q4296,brandegeei,QUBR_2023_0139,TCB-06987,12/05/24,1/7/2025,M. Evans,silica,FastPrep - 2x 30sec @ 6.0m/s,Scissors,EZNA,Consolidated,0.039,,,,99.8,,,,1.78,,1.62,,,,,,,,,
SH-Q4297,brandegeei,QUBR_2023_0141,TCB-06989,12/05/24,1/7/2025,M. Evans,silica,FastPrep - 2x 30sec @ 6.0m/s,Scissors,EZNA,Consolidated,0.038,,,,38.7,,,,1.73,,0.27,,,,,,,,,
SH-Q4298,brandegeei,QUBR_2023_0146,TCB-06994,12/05/24,1/7/2025,M. Evans,silica,FastPrep - 2x 30sec @ 6.0m/s,Scissors,EZNA,Consolidated,0.034,,,,132.6,,,,1.78,,1.92,,,,,,,,,
SH-Q4299,brandegeei,QUBR_2023_0901,TCB-07076,12/07/24,1/7/2025,M. Evans,silica,FastPrep - 2x 30sec @ 6.0m/s,Scissors,EZNA,Consolidated,0.038,,,,134.5,,,,1.80,,1.40,,,,,,,,,
SH-Q4300,brandegeei,QUBR_2023_0917,TCB-07092,12/07/24,6/3/2025,D. Barry,silica,FastPrep - 2x 30sec @ 6.0m/s,Scissors,EZNA,Consolidated,0.033,,,,158.1,,,,1.80,,1.00,,,,,,,,,
SH-Q4301,brandegeei,QUBR_2023_0920,TCB-07095,12/07/24,6/3/2025,D. Barry,silica,FastPrep - 2x 30sec @ 6.0m/s,Scissors,EZNA,Consolidated,0.037,,,,163.9,,,,1.87,,1.44,,,,,,,,,
SH-Q4302,brandegeei,QUBR_2023_0182,TCB-07098,12/07/24,6/3/2025,D. Barry,silica,FastPrep - 2x 30sec @ 6.0m/s,Scissors,EZNA,Consolidated,0.037,,,,133.8,,,,1.76,,0.47,,,,,,,,,
SH-Q4303,brandegeei,QUBR_2023_0183,TCB-07099,12/07/24,6/3/2025,D. Barry,silica,FastPrep - 2x 30sec @ 6.0m/s,Scissors,EZNA,Consolidated,0.035,,,,152.2,,,,1.91,,1.20,,,,,,,,,
SH-Q4304,brandegeei,QUBR_2023_0192,TCB-07108,12/07/24,6/3/2025,D. Barry,silica,FastPrep - 2x 30sec @ 6.0m/s,Scissors,EZNA,Consolidated,0.034,,,,143.7,,,,1.92,,0.94,,,,,,,,,
SH-Q4305,brandegeei,QUBR_2023_0193,TCB-07109,12/07/24,6/3/2025,D. Barry,silica,FastPrep - 2x 30sec @ 6.0m/s,Scissors,EZNA,Consolidated,0.040,,,,94.3,,,,1.72,,0.38,,,,,,,,,
SH-Q4306,brandegeei,QUBR_2023_0195,TCB-07111,12/07/24,6/3/2025,D. Barry,silica,FastPrep - 2x 30sec @ 6.0m/s,Scissors,EZNA,Consolidated,0.035,,,,59.7,,,,1.63,,0.46,,,,,,,,,
SH-Q4307,brandegeei,QUBR_2023_0199,TCB-07115,12/07/24,6/3/2025,D. Barry,silica,FastPrep - 2x 30sec @ 6.0m/s,Scissors,EZNA,Consolidated,0.032,,,,116.0,,,,1.80,,0.89,,,,,,,,,
SH-Q4308,brandegeei,QUBR_2023_0202,TCB-07118,12/07/24,6/3/2025,D. Barry,silica,FastPrep - 2x 30sec @ 6.0m/s,Scissors,EZNA,Consolidated,0.033,,,,119.3,,,,1.76,,0.65,,,,,,,,,
SH-Q4309,brandegeei,QUBR_2023_0206,TCB-07122,12/07/24,6/3/2025,D. Barry,silica,FastPrep - 2x 30sec @ 6.0m/s,Scissors,EZNA,Consolidated,0.034,,,,126.2,,,,1.78,,0.38,,,,,,,,,
SH-Q4310,brandegeei,QUBR_2023_0207,TCB-07123,12/07/24,6/3/2025,D. Barry,silica,FastPrep - 2x 30sec @ 6.0m/s,Scissors,EZNA,Consolidated,0.038,,,,121.6,,,,1.78,,0.42,,,,,,,,,
SH-Q4311,brandegeei,QUBR_2023_0208,TCB-07124,12/07/24,6/3/2025,D. Barry,silica,FastPrep - 2x 30sec @ 6.0m/s,Scissors,EZNA,Consolidated,0.034,,,,102.5,,,,1.78,,0.60,,,,,,,,,
SH-Q4312,brandegeei,QUBR_2023_0210,TCB-07126,12/07/24,6/3/2025,D. Barry,silica,FastPrep - 2x 30sec @ 6.0m/s,Scissors,EZNA,Consolidated,0.034,,,,105.0,,,,1.76,,0.65,,,,,,,,,
SH-Q4313,brandegeei,QUBR_2023_0211,TCB-07127,12/07/24,6/3/2025,D. Barry,silica,FastPrep - 2x 30sec @ 6.0m/s,Scissors,EZNA,Consolidated,0.038,,,,207.6,,,,1.84,,0.66,,,,,,,,,
SH-Q4314,brandegeei,QUBR_2023_0212,TCB-07128,12/07/24,6/3/2025,D. Barry,silica,FastPrep - 2x 30sec @ 6.0m/s,Scissors,EZNA,Consolidated,0.033,,,,184.1,,,,1.84,,0.63,,,,,,,,,
SH-Q4315,brandegeei,QUBR_2023_0213,TCB-07129,12/07/24,6/3/2025,D. Barry,silica,FastPrep - 2x 30sec @ 6.0m/s,Scissors,EZNA,Consolidated,0.034,,,,195.6,,,,1.86,,0.91,,,,,,,,,
SH-Q4316,brandegeei,QUBR_2023_0218,TCB-07134,12/07/24,6/3/2025,D. Barry,silica,FastPrep - 2x 30sec @ 6.0m/s,Scissors,EZNA,Consolidated,0.033,,,,126.8,,,,1.75,,0.86,,,,,,,,,
SH-Q4317,brandegeei,QUBR_2023_0221,TCB-07137,12/07/24,6/3/2025,D. Barry,silica,FastPrep - 2x 30sec @ 6.0m/s,Scissors,EZNA,Consolidated,0.036,,,,120.2,,,,1.77,,0.48,,,,,,,,,
SH-Q4318,brandegeei,QUBR_2023_0223,TCB-07139,12/07/24,6/3/2025,D. Barry,silica,FastPrep - 2x 30sec @ 6.0m/s,Scissors,EZNA,Consolidated,0.028,,,,147.5,,,,1.87,,0.88,,,,,,,,,
SH-Q4319,brandegeei,QUBR_2023_0225,TCB-07141,12/07/24,6/3/2025,D. Barry,silica,FastPrep - 2x 30sec @ 6.0m/s,Scissors,EZNA,Consolidated,0.032,,,,211.9,,,,1.89,,1.01,,,,,,,,,
SH-Q4320,brandegeei,QUBR_2023_0819,TCB-07160,12/06/24,6/3/2025,D. Barry,silica,FastPrep - 2x 30sec @ 6.0m/s,Scissors,EZNA,Consolidated,0.034,,,,51.2,,,,1.61,,0.36,,,,,,,,,
SH-Q4321,brandegeei,QUBR_2023_0820,TCB-07161,12/06/24,6/3/2025,D. Barry,silica,FastPrep - 2x 30sec @ 6.0m/s,Scissors,EZNA,Consolidated,0.036,,,,70.0,,,,1.69,,0.42,,,,,,,,,
SH-Q4322,brandegeei,QUBR_2023_0825,TCB-07166,12/06/24,6/3/2025,D. Barry,silica,FastPrep - 2x 30sec @ 6.0m/s,Scissors,EZNA,Consolidated,0.037,,,,73.2,,,,1.78,,0.74,,,,,,,,,
SH-Q4323,brandegeei,QUBR_2023_0854,TCB-07168,12/06/24,6/3/2025,D. Barry,silica,FastPrep - 2x 30sec @ 6.0m/s,Scissors,EZNA,Consolidated,0.036,,,,122.0,,,,1.88,,1.30,,,,,,,,,
SH-Q4324,brandegeei,QUBR_2023_0873,TCB-07187,12/07/24,6/5/2025,D. Barry,silica,FastPrep - 2x 30sec @ 6.0m/s,Scissors,EZNA,Consolidated,0.033,,,,142.2,,,,1.97,,0.94,,,,,,,,,
SH-Q4325,brandegeei,QUBR_2023_0875,TCB-07189,12/07/24,6/5/2025,D. Barry,silica,FastPrep - 2x 30sec @ 6.0m/s,Scissors,EZNA,Consolidated,0.031,,,,62.7,,,,1.94,,0.64,,,,,,,,,
SH-Q4326,brandegeei,QUBR_2023_0881,TCB-07195,12/07/24,6/5/2025,D. Barry,silica,FastPrep - 2x 30sec @ 6.0m/s,Scissors,EZNA,Consolidated,0.036,,,,289.2,,,,2.05,,1.74,,,,,,,,,
SH-Q4327,brandegeei,QUBR_2023_0886,TCB-07200,12/07/24,6/5/2025,D. Barry,silica,FastPrep - 2x 30sec @ 6.0m/s,Scissors,EZNA,Consolidated,0.037,,,,246.6,,,,2.01,,1.51,,,,,,,,,
SH-Q4328,brandegeei,QUBR_2023_0852,TCB-07232,12/06/24,6/5/2025,D. Barry,silica,FastPrep - 2x 30sec @ 6.0m/s,Scissors,EZNA,Consolidated,0.035,,,,164.0,,,,1.88,,1.76,,,,,,,,,
SH-Q4329,brandegeei,QUBR_2023_0070,TCB-07252,12/04/24,6/5/2025,D. Barry,silica,FastPrep - 2x 30sec @ 6.0m/s,Scissors,EZNA,Consolidated,0.033,,,,77.5,,,,1.80,,1.41,,,,,,,,,
SH-Q4330,brandegeei,QUBR_2023_0074,TCB-07256,12/04/24,6/5/2025,D. Barry,silica,FastPrep - 2x 30sec @ 6.0m/s,Scissors,EZNA,Consolidated,0.036,,,,78.1,,,,1.93,,2.14,,,,,,,,,
SH-Q4331,brandegeei,QUBR_2023_0083,TCB-07265,12/04/24,6/5/2025,D. Barry,silica,FastPrep - 2x 30sec @ 6.0m/s,Scissors,EZNA,Consolidated,0.033,,,,147.8,,,,1.89,,1.08,,,,,,,,,
SH-Q4332,brandegeei,QUBR_2023_0582,TCB-07326,12/04/24,6/5/2025,D. Barry,silica,FastPrep - 2x 30sec @ 6.0m/s,Scissors,EZNA,Consolidated,0.035,,,,102.4,,,,1.91,,1.22,,,,,,,,,
SH-Q4333,brandegeei,QUBR_2023_0586,TCB-07330,12/06/24,6/5/2025,D. Barry,silica,FastPrep - 2x 30sec @ 6.0m/s,Scissors,EZNA,Consolidated,0.034,,,,79.0,,,,1.81,,0.87,,,,,,,,,
SH-Q4334,brandegeei,QUBR_2023_0589,TCB-07333,12/06/24,6/5/2025,D. Barry,silica,FastPrep - 2x 30sec @ 6.0m/s,Scissors,EZNA,Consolidated,0.032,,,,70.7,,,,1.86,,1.64,,,,,,,,,
SH-Q4335,brandegeei,QUBR_2023_0590,TCB-07334,12/06/24,6/5/2025,D. Barry,silica,FastPrep - 2x 30sec @ 6.0m/s,Scissors,EZNA,Consolidated,0.040,,,,161.3,,,,1.91,,2.10,,,,,,,,,
SH-Q4336,brandegeei,QUBR_2023_0594,TCB-07338,12/06/24,6/5/2025,D. Barry,silica,FastPrep - 2x 30sec @ 6.0m/s,Scissors,EZNA,Consolidated,0.033,,,,140.3,,,,1.88,,1.35,,,,,,,,,
SH-Q4337,brandegeei,QUBR_2023_0598,TCB-07342,12/06/24,6/5/2025,D. Barry,silica,FastPrep - 2x 30sec @ 6.0m/s,Scissors,EZNA,Consolidated,0.038,,,,92.1,,,,1.79,,0.60,,,,,,,,,
SH-Q4338,brandegeei,QUBR_2023_0602,TCB-07346,12/06/24,6/5/2025,D. Barry,silica,FastPrep - 2x 30sec @ 6.0m/s,Scissors,EZNA,Consolidated,0.039,,,,68.8,,,,1.74,,0.58,,,,,,,,,
SH-Q4339,brandegeei,QUBR_2023_0612,TCB-07356,12/06/24,6/5/2025,D. Barry,silica,FastPrep - 2x 30sec @ 6.0m/s,Scissors,EZNA,Consolidated,0.039,,,,55.4,,,,1.80,,0.65,,,,,,,,,
SH-Q4340,brandegeei,QUBR_2023_0621,TCB-07365,12/06/24,6/5/2025,D. Barry,silica,FastPrep - 2x 30sec @ 6.0m/s,Scissors,EZNA,Consolidated,0.034,,,,43.5,,,,1.56,,0.16,,,,,,,,,
SH-Q4341,brandegeei,QUBR_2023_0622,TCB-07366,12/06/24,6/5/2025,D. Barry,silica,FastPrep - 2x 30sec @ 6.0m/s,Scissors,EZNA,Consolidated,0.032,,,,97.1,,,,1.81,,1.00,,,,,,,,,
SH-Q4342,brandegeei,QUBR_2023_0625,TCB-07369,12/06/24,6/5/2025,D. Barry,silica,FastPrep - 2x 30sec @ 6.0m/s,Scissors,EZNA,Consolidated,0.034,,,,82.7,,,,1.86,,0.73,,,,,,,,,
SH-Q4343,brandegeei,QUBR_2023_0626,TCB-07370,12/06/24,6/5/2025,D. Barry,silica,FastPrep - 2x 30sec @ 6.0m/s,Scissors,EZNA,Consolidated,0.038,,,,99.6,,,,1.85,,0.90,,,,,,,,,
SH-Q4344,brandegeei,QUBR_2023_0627,TCB-07371,12/06/24,6/5/2025,D. Barry,silica,FastPrep - 2x 30sec @ 6.0m/s,Scissors,EZNA,Consolidated,0.033,,,,115.2,,,,1.88,,1.05,,,,,,,,,
SH-Q4345,brandegeei,QUBR_2023_0634,TCB-07378,12/06/24,6/5/2025,D. Barry,silica,FastPrep - 2x 30sec @ 6.0m/s,Scissors,EZNA,Consolidated,0.040,,,,135.8,,,,1.78,,0.45,,,,,,,,,
SH-Q4346,brandegeei,QUBR_2023_0640,TCB-07384,12/06/24,6/5/2025,D. Barry,silica,FastPrep - 2x 30sec @ 6.0m/s,Scissors,EZNA,Consolidated,0.033,,,,78.6,,,,1.80,,1.45,,,,,,,,,
SH-Q4347,brandegeei,QUBR_2023_0647,TCB-07391,12/07/24,6/5/2025,D. Barry,silica,FastPrep - 2x 30sec @ 6.0m/s,Scissors,EZNA,Consolidated,0.038,,,,112.2,,,,1.87,,1.18,,,,,,,,,
SH-Q4348,brandegeei,QUBR_2022_0564,TCB-05773,04-2024,1/21/2025,D. Barry,silica,FastPrep - 2x 30sec @ 6.0m/s,Scissors,EZNA,Consolidated,0.022,,,,106.2,,,,1.79,,1.58,,,,,,,,,
SH-Q4349,brandegeei,QUBR_2022_0534,TCB-05776,04-2024,1/21/2025,D. Barry,silica,FastPrep - 2x 30sec @ 6.0m/s,Scissors,EZNA,Consolidated,0.031,,,,272.4,,,,1.95,,2.16,,,,,,,,,
SH-Q4350,brandegeei,QUBR_2022_0532,TCB-05778,04-2024,1/21/2025,D. Barry,silica,FastPrep - 2x 30sec @ 6.0m/s,Scissors,EZNA,Consolidated,0.031,,,,169.4,,,,1.97,,1.19,,,,,,,,,
SH-Q4351,brandegeei,QUBR_2022_0529,TCB-05780,04-2024,1/21/2025,D. Barry,silica,FastPrep - 2x 30sec @ 6.0m/s,Scissors,EZNA,Consolidated,0.032,,,,232.0,,,,2.01,,1.99,,,,,,,,,
SH-Q4352,brandegeei,QUBR_2022_0531,TCB-05781,04-2024,1/21/2025,D. Barry,silica,FastPrep - 2x 30sec @ 6.0m/s,Scissors,EZNA,Consolidated,0.028,,,,135.0,,,,1.81,,0.51,,,,,,,,,
SH-Q4353,brandegeei,QUBR_2022_0528,TCB-05783,04-2024,1/21/2025,D. Barry,silica,FastPrep - 2x 30sec @ 6.0m/s,Scissors,EZNA,Consolidated,0.027,,,,114.7,,,,1.94,,1.63,,,,,,,,,
SH-Q4354,brandegeei,QUBR_2022_0524,TCB-05786,04-2024,1/21/2025,D. Barry,silica,FastPrep - 2x 30sec @ 6.0m/s,Scissors,EZNA,Consolidated,0.024,,,,153.6,,,,1.94,,1.83,,,,,,,,,
SH-Q4355,brandegeei,QUBR_2022_0523,TCB-05788,04-2024,1/21/2025,D. Barry,silica,FastPrep - 2x 30sec @ 6.0m/s,Scissors,EZNA,Consolidated,0.024,,,,180.0,,,,2.01,,1.75,,,,,,,,,
SH-Q4356,brandegeei,QUBR_2022_0522,TCB-05789,04-2024,1/21/2025,D. Barry,silica,FastPrep - 2x 30sec @ 6.0m/s,Scissors,EZNA,Consolidated,0.029,,,,128.5,,,,1.88,,0.57,,,,,,,,,
SH-Q4357,brandegeei,QUBR_2022_0468,TCB-05795,04-2024,1/21/2025,D. Barry,silica,FastPrep - 2x 30sec @ 6.0m/s,Scissors,EZNA,Consolidated,0.024,,,,162.0,,,,2.00,,0.90,,,,,,,,,
SH-Q4358,brandegeei,QUBR_2022_0540,TCB-05796,04-2024,1/21/2025,D. Barry,silica,FastPrep - 2x 30sec @ 6.0m/s,Scissors,EZNA,Consolidated,0.025,,,,217.4,,,,1.96,,2.00,,,,,,,,,
SH-Q4359,brandegeei,QUBR_2022_0467,TCB-05797,04-2024,1/21/2025,D. Barry,silica,FastPrep - 2x 30sec @ 6.0m/s,Scissors,EZNA,Consolidated,0.023,,,,201.5,,,,2.01,,1.60,,,,,,,,,
SH-Q4360,brandegeei,QUBR_2022_0465,TCB-05799,04-2024,1/21/2025,D. Barry,silica,FastPrep - 2x 30sec @ 6.0m/s,Scissors,EZNA,Consolidated,0.022,,,,154.0,,,,1.97,,1.16,,,,,,,,,
SH-Q4361,brandegeei,QUBR_2022_0453,TCB-05803,04-2024,1/21/2025,D. Barry,silica,FastPrep - 2x 30sec @ 6.0m/s,Scissors,EZNA,Consolidated,0.034,,,,97.0,,,,1.81,,0.54,,,,,,,,,
SH-Q4362,brandegeei,QUBR_2022_0462,TCB-05809,04-2024,1/21/2025,D. Barry,silica,FastPrep - 2x 30sec @ 6.0m/s,Scissors,EZNA,Consolidated,0.030,,,,120.2,,,,1.88,,1.83,,,,,,,,,
SH-Q4363,brandegeei,QUBR_2022_0473,TCB-05813,04-2024,1/21/2025,D. Barry,silica,FastPrep - 2x 30sec @ 6.0m/s,Scissors,EZNA,Consolidated,0.029,,,,142.7,,,,2.00,,0.70,,,,,,,,,
SH-Q4364,brandegeei,QUBR_2022_0474,TCB-05814,04-2024,1/21/2025,D. Barry,silica,FastPrep - 2x 30sec @ 6.0m/s,Scissors,EZNA,Consolidated,0.030,,,,236.4,,,,1.97,,1.96,,,,,,,,,
SH-Q4365,brandegeei,QUBR_2022_0477,TCB-05816,04-2024,1/21/2025,D. Barry,silica,FastPrep - 2x 30sec @ 6.0m/s,Scissors,EZNA,Consolidated,0.027,,,,235.3,,,,1.96,,0.84,,,,,,,,,
SH-Q4366,brandegeei,QUBR_2022_0479,TCB-05818,04-2024,1/21/2025,D. Barry,silica,FastPrep - 2x 30sec @ 6.0m/s,Scissors,EZNA,Consolidated,0.032,,,,86.4,,,,1.89,,1.21,,,,,,,,,
SH-Q4367,brandegeei,QUBR_2022_0482,TCB-05820,04-2024,1/21/2025,D. Barry,silica,FastPrep - 2x 30sec @ 6.0m/s,Scissors,EZNA,Consolidated,0.031,,,,266.0,,,,1.99,,1.84,,,,,,,,,
SH-Q4368,brandegeei,QUBR_2022_0483,TCB-05821,04-2024,1/21/2025,D. Barry,silica,FastPrep - 2x 30sec @ 6.0m/s,Scissors,EZNA,Consolidated,0.035,,,,121.0,,,,2.03,,1.03,,,,,,,,,
SH-Q4369,brandegeei,QUBR_2022_0484,TCB-05822,04-2024,1/21/2025,D. Barry,silica,FastPrep - 2x 30sec @ 6.0m/s,Scissors,EZNA,Consolidated,0.030,,,,320.2,,,,2.02,,1.64,,,,,,,,,
SH-Q4370,brandegeei,QUBR_2022_0487,TCB-05825,04-2024,1/21/2025,D. Barry,silica,FastPrep - 2x 30sec @ 6.0m/s,Scissors,EZNA,Consolidated,0.031,,,,175.7,,,,1.93,,0.55,,,,,,,,,
SH-Q4371,brandegeei,QUBR_2022_0488,TCB-05826,04-2024,1/21/2025,D. Barry,silica,FastPrep - 2x 30sec @ 6.0m/s,Scissors,EZNA,Consolidated,0.035,,,,88.6,,,,1.86,,1.61,,,,,,,,,
SH-Q4372,brandegeei,QUBR_2022_0452,TCB-05827,04-2024,1/23/2025,D. Barry,silica,FastPrep - 2x 30sec @ 6.0m/s,Scissors,EZNA,Consolidated,0.027,,,,75.0,,,,1.80,,1.16,,,,,,,,,
SH-Q4373,brandegeei,QUBR_2022_0456,TCB-05828,04-2024,1/23/2025,D. Barry,silica,FastPrep - 2x 30sec @ 6.0m/s,Scissors,EZNA,Consolidated,0.033,,,,212.6,,,,2.04,,1.25,,,,,,,,,
SH-Q4374,brandegeei,QUBR_2022_0457,TCB-05829,04-2024,1/23/2025,D. Barry,silica,FastPrep - 2x 30sec @ 6.0m/s,Scissors,EZNA,Consolidated,0.025,,,,166.5,,,,2.00,,0.94,,,,,,,,,
SH-Q4375,brandegeei,QUBR_2022_0458,TCB-05830,04-2024,1/23/2025,D. Barry,silica,FastPrep - 2x 30sec @ 6.0m/s,Scissors,EZNA,Consolidated,0.026,,,,211.7,,,,1.99,,1.15,,,,,,,,,
SH-Q4376,brandegeei,QUBR_2022_0490,TCB-05832,04-2024,1/23/2025,D. Barry,silica,FastPrep - 2x 30sec @ 6.0m/s,Scissors,EZNA,Consolidated,0.032,,,,195.5,,,,1.98,,1.32,,,,,,,,,
SH-Q4377,brandegeei,QUBR_2022_0491,TCB-05833,04-2024,1/23/2025,D. Barry,silica,FastPrep - 2x 30sec @ 6.0m/s,Scissors,EZNA,Consolidated,0.029,,,,176.9,,,,1.93,,1.70,,,,,,,,,
SH-Q4378,brandegeei,QUBR_2022_0492,TCB-05834,04-2024,1/23/2025,D. Barry,silica,FastPrep - 2x 30sec @ 6.0m/s,Scissors,EZNA,Consolidated,0.032,,,,401.9,,,,2.05,,1.96,,,,,,,,,
SH-Q4379,brandegeei,QUBR_2022_0496,TCB-05838,04-2024,1/23/2025,D. Barry,silica,FastPrep - 2x 30sec @ 6.0m/s,Scissors,EZNA,Consolidated,0.028,,,,235.5,,,,2.00,,2.05,,,,,,,,,
SH-Q4380,brandegeei,QUBR_2022_0497,TCB-05839,04-2024,1/23/2025,D. Barry,silica,FastPrep - 2x 30sec @ 6.0m/s,Scissors,EZNA,Consolidated,0.025,,,,183.3,,,,1.94,,0.83,,,,,,,,,
SH-Q4381,brandegeei,QUBR_2022_0498,TCB-05840,04-2024,1/23/2025,D. Barry,silica,FastPrep - 2x 30sec @ 6.0m/s,Scissors,EZNA,Consolidated,0.026,,,,122.2,,,,1.93,,1.57,,,,,,,,,
SH-Q4382,brandegeei,QUBR_2022_0500,TCB-05841,04-2024,1/23/2025,D. Barry,silica,FastPrep - 2x 30sec @ 6.0m/s,Scissors,EZNA,Consolidated,0.030,,,,89.7,,,,1.81,,0.90,,,,,,,,,
SH-Q4383,brandegeei,QUBR_2022_0501,TCB-05842,04-2024,1/23/2025,D. Barry,silica,FastPrep - 2x 30sec @ 6.0m/s,Scissors,EZNA,Consolidated,0.037,,,,56.1,,,,1.66,,0.31,,,,,,,,,
SH-Q4384,brandegeei,QUBR_2022_0505,TCB-05846,04-2024,1/23/2025,D. Barry,silica,FastPrep - 2x 30sec @ 6.0m/s,Scissors,EZNA,Consolidated,0.030,,,,148.9,,,,1.98,,1.11,,,,,,,,,
SH-Q4385,brandegeei,QUBR_2022_0507,TCB-05847,04-2024,1/23/2025,D. Barry,silica,FastPrep - 2x 30sec @ 6.0m/s,Scissors,EZNA,Consolidated,0.031,,,,245.5,,,,1.99,,0.87,,,,,,,,,
SH-Q4386,brandegeei,QUBR_2022_0508,TCB-05848,04-2024,1/23/2025,D. Barry,silica,FastPrep - 2x 30sec @ 6.0m/s,Scissors,EZNA,Consolidated,0.032,,,,177.0,,,,1.95,,0.92,,,,,,,,,
SH-Q4387,brandegeei,QUBR_2022_0509,TCB-05849,04-2024,1/23/2025,D. Barry,silica,FastPrep - 2x 30sec @ 6.0m/s,Scissors,EZNA,Consolidated,0.035,,,,228.5,,,,2.01,,1.77,,,,,,,,,
SH-Q4388,brandegeei,QUBR_2022_0510,TCB-05850,04-2024,1/23/2025,D. Barry,silica,FastPrep - 2x 30sec @ 6.0m/s,Scissors,EZNA,Consolidated,0.035,,,,234.7,,,,1.97,,1.49,,,,,,,,,
SH-Q4389,brandegeei,QUBR_2022_0511,TCB-05851,04-2024,1/23/2025,D. Barry,silica,FastPrep - 2x 30sec @ 6.0m/s,Scissors,EZNA,Consolidated,0.026,,,,136.1,,,,1.98,,1.36,,,,,,,,,
SH-Q4390,brandegeei,QUBR_2022_0512,TCB-05852,04-2024,1/23/2025,D. Barry,silica,FastPrep - 2x 30sec @ 6.0m/s,Scissors,EZNA,Consolidated,0.037,,,,221.2,,,,1.98,,1.74,,,,,,,,,
SH-Q4391,brandegeei,QUBR_2022_0515,TCB-05854,04-2024,1/23/2025,D. Barry,silica,FastPrep - 2x 30sec @ 6.0m/s,Scissors,EZNA,Consolidated,0.035,,,,110.8,,,,1.91,,1.16,,,,,,,,,
SH-Q4392,brandegeei,QUBR_2022_0517,TCB-05855,04-2024,1/23/2025,D. Barry,silica,FastPrep - 2x 30sec @ 6.0m/s,Scissors,EZNA,Consolidated,0.023,,,,161.9,,,,1.96,,1.42,,,,,,,,,
SH-Q4393,brandegeei,QUBR_2022_0536,TCB-05858,04-2024,1/23/2025,D. Barry,silica,FastPrep - 2x 30sec @ 6.0m/s,Scissors,EZNA,Consolidated,0.032,,,,111.0,,,,1.89,,0.80,,,,,,,,,
SH-Q4394,brandegeei,QUBR_2022_0538,TCB-05860,04-2024,1/23/2025,D. Barry,silica,FastPrep - 2x 30sec @ 6.0m/s,Scissors,EZNA,Consolidated,0.033,,,,316.3,,,,2.03,,1.27,,,,,,,,,
SH-Q4395,brandegeei,QUBR_2022_0542,TCB-05861,04-2024,1/23/2025,D. Barry,silica,FastPrep - 2x 30sec @ 6.0m/s,Scissors,EZNA,Consolidated,0.033,,,,244.0,,,,1.94,,1.85,,,,,,,,,
SH-Q4396,brandegeei,QUBR_2022_1267,TCB-06464,04-2024,2/25/2025,D. Barry,silica,FastPrep - 2x 30sec @ 6.0m/s,Scissors,EZNA,Consolidated,0.039,,,,582.2,,,,2.08,,1.89,,,,,,,,,
SH-Q4397,brandegeei,QUBR_2022_1268,TCB-06465,04-2024,2/25/2025,D. Barry,silica,FastPrep - 2x 30sec @ 6.0m/s,Scissors,EZNA,Consolidated,0.024,,,,209.6,,,,1.99,,1.22,,,,,,,,,
SH-Q4398,brandegeei,QUBR_2022_1202A,TCB-06466,04-2024,2/25/2025,D. Barry,silica,FastPrep - 2x 30sec @ 6.0m/s,Scissors,EZNA,Consolidated,0.030,,,,355.2,,,,2.01,,0.88,,,,,,,,,
SH-Q4399,brandegeei,QUBR_2022_1202B,TCB-06467,04-2024,2/25/2025,D. Barry,silica,FastPrep - 2x 30sec @ 6.0m/s,Scissors,EZNA,Consolidated,0.028,,,,240.4,,,,1.87,,1.33,,,,,,,,,
SH-Q4400,brandegeei,QUBR_2022_0612,TCB-05869,04-2024,1/27/2025,D. Barry,silica,FastPrep - 2x 30sec @ 6.0m/s,Scissors,EZNA,Consolidated,0.038,,,,287.1,,,,1.97,,0.64,,,,,,,,,
SH-Q4401,brandegeei,QUBR_2022_0609,TCB-05872,04-2024,1/27/2025,D. Barry,silica,FastPrep - 2x 30sec @ 6.0m/s,Scissors,EZNA,Consolidated,0.037,,,,202.1,,,,1.92,,0.47,,,,,,,,,
SH-Q4402,brandegeei,QUBR_2022_0607,TCB-05874,04-2024,1/27/2025,D. Barry,silica,FastPrep - 2x 30sec @ 6.0m/s,Scissors,EZNA,Consolidated,0.023,,,,266.0,,,,2.01,,1.18,,,,,,,,,
SH-Q4403,brandegeei,QUBR_2022_0605,TCB-05875,04-2024,1/27/2025,D. Barry,silica,FastPrep - 2x 30sec @ 6.0m/s,Scissors,EZNA,Consolidated,0.032,,,,344.1,,,,1.99,,1.28,,,,,,,,,
SH-Q4404,brandegeei,QUBR_2022_0604,TCB-05876,04-2024,1/27/2025,D. Barry,silica,FastPrep - 2x 30sec @ 6.0m/s,Scissors,EZNA,Consolidated,0.040,,,,178.1,,,,2.01,,1.01,,,,,,,,,
SH-Q4405,brandegeei,QUBR_2022_0562,TCB-05879,04-2024,1/27/2025,D. Barry,silica,FastPrep - 2x 30sec @ 6.0m/s,Scissors,EZNA,Consolidated,0.038,,,,253.4,,,,1.99,,1.28,,,,,,,,,
SH-Q4406,brandegeei,QUBR_2022_0551,TCB-05881,04-2024,1/27/2025,D. Barry,silica,FastPrep - 2x 30sec @ 6.0m/s,Scissors,EZNA,Consolidated,0.029,,,,262.2,,,,2.01,,1.43,,,,,,,,,
SH-Q4407,brandegeei,QUBR_2022_0561,TCB-05885,04-2024,1/27/2025,D. Barry,silica,FastPrep - 2x 30sec @ 6.0m/s,Scissors,EZNA,Consolidated,0.028,,,,252.0,,,,1.99,,0.94,,,,,,,,,
SH-Q4408,brandegeei,QUBR_SDo_0002,TCB-06588,04-2024,2/25/2025,D. Barry,silica,FastPrep - 2x 30sec @ 6.0m/s,Scissors,EZNA,Consolidated,0.039,,,,106.4,,,,0.97,,,,,,,,,,,
SH-Q4409,brandegeei,QUBR_SDo_0003,TCB-06589,04-2024,2/25/2025,D. Barry,silica,FastPrep - 2x 30sec @ 6.0m/s,Scissors,EZNA,Consolidated,0.035,,,,84.6,,,,0.52,,,,,,,,,,,
SH-Q4410,brandegeei,QUBR_SDo_0004,TCB-06590,04-2024,2/25/2025,D. Barry,silica,FastPrep - 2x 30sec @ 6.0m/s,Scissors,EZNA,Consolidated,0.039,,,,62.2,,,,0.65,,,,,,,,,,,
SH-Q4411,brandegeei,QUBR_SDo_0005,TCB-06591,04-2024,2/25/2025,D. Barry,silica,FastPrep - 2x 30sec @ 6.0m/s,Scissors,EZNA,Consolidated,0.040,,,,183.6,,,,1.26,,,,,,,,,,,
SH-Q4412,brandegeei,QUBR_2022_0596,TCB-05893,04-2024,1/27/2025,D. Barry,silica,FastPrep - 2x 30sec @ 6.0m/s,Scissors,EZNA,Consolidated,0.026,,,,334.3,,,,"2,04",,0.76,,,,,,,,,
SH-Q4413,brandegeei,QUBR_2022_0616,TCB-05899,04-2024,1/27/2025,D. Barry,silica,FastPrep - 2x 30sec @ 6.0m/s,Scissors,EZNA,Consolidated,0.033,,,,126.4,,,,"1,87",,0.60,,,,,,,,,
SH-Q4414,brandegeei,QUBR_2022_0615,TCB-05900,04-2024,1/27/2025,D. Barry,silica,FastPrep - 2x 30sec @ 6.0m/s,Scissors,EZNA,Consolidated,0.036,,,,301.9,,,,"2,05",,1.80,,,,,,,,,
SH-Q4415,brandegeei,QUBR_2022_0573,TCB-05904,04-2024,1/27/2025,D. Barry,silica,FastPrep - 2x 30sec @ 6.0m/s,Scissors,EZNA,Consolidated,0.035,,,,187.3,,,,1.96,,0.67,,,,,,,,,
SH-Q4416,brandegeei,QUBR_2022_0588,TCB-05905,04-2024,1/27/2025,D. Barry,silica,FastPrep - 2x 30sec @ 6.0m/s,Scissors,EZNA,Consolidated,0.026,,,,420.6,,,,2.05,,1.63,,,,,,,,,
SH-Q4417,brandegeei,QUBR_2022_0555,TCB-05906,04-2024,1/27/2025,D. Barry,silica,FastPrep - 2x 30sec @ 6.0m/s,Scissors,EZNA,Consolidated,0.021,,,,236.7,,,,1.98,,0.59,,,,,,,,,
SH-Q4418,brandegeei,QUBR_2022_0584,TCB-05909,04-2024,1/27/2025,D. Barry,silica,FastPrep - 2x 30sec @ 6.0m/s,Scissors,EZNA,Consolidated,0.031,,,,319.2,,,,2.08,,0.94,,,,,,,,,
SH-Q4419,brandegeei,QUBR_2022_0559,TCB-05910,04-2024,1/27/2025,D. Barry,silica,FastPrep - 2x 30sec @ 6.0m/s,Scissors,EZNA,Consolidated,0.027,,,,310.9,,,,2.00,,1.65,,,,,,,,,
SH-Q4420,brandegeei,QUBR_2022_0566,TCB-05912,04-2024,1/28/2025,D. Barry,silica,FastPrep - 2x 30sec @ 6.0m/s,Scissors,EZNA,Consolidated,0.037,,,,289.8,,,,1.89,,1.98,,,,,,,,,
SH-Q4421,brandegeei,QUBR_2022_0581,TCB-05916,04-2024,1/28/2025,D. Barry,silica,FastPrep - 2x 30sec @ 6.0m/s,Scissors,EZNA,Consolidated,0.025,,,,423.9,,,,2.02,,2.12,,,,,,,,,
SH-Q4422,brandegeei,QUBR_2022_0585,TCB-05917,04-2024,1/28/2025,D. Barry,silica,FastPrep - 2x 30sec @ 6.0m/s,Scissors,EZNA,Consolidated,0.032,,,,245.0,,,,1.97,,2.19,,,,,,,,,
SH-Q4423,brandegeei,QUBR_2022_0617,TCB-05922,04-2024,1/28/2025,D. Barry,silica,FastPrep - 2x 30sec @ 6.0m/s,Scissors,EZNA,Consolidated,0.031,,,,266.7,,,,1.96,,1.83,,,,,,,,,
SH-Q4424,brandegeei,QUBR_2022_0619,TCB-05923,04-2024,1/28/2025,D. Barry,silica,FastPrep - 2x 30sec @ 6.0m/s,Scissors,EZNA,Consolidated,0.026,,,,114.7,,,,1.89,,1.20,,,,,,,,,
SH-Q4425,brandegeei,QUBR_2022_0621,TCB-05925,04-2024,1/28/2025,D. Barry,silica,FastPrep - 2x 30sec @ 6.0m/s,Scissors,EZNA,Consolidated,0.036,,,,199.1,,,,1.96,,"1,72",,,,,,,,,
SH-Q4426,brandegeei,QUBR_2022_0628,TCB-05931,04-2024,1/28/2025,D. Barry,silica,FastPrep - 2x 30sec @ 6.0m/s,Scissors,EZNA,Consolidated,0.033,,,,271.1,,,,2.02,,"1,68",,,,,,,,,
SH-Q4427,brandegeei,QUBR_2022_0629,TCB-05932,04-2024,1/28/2025,D. Barry,silica,FastPrep - 2x 30sec @ 6.0m/s,Scissors,EZNA,Consolidated,0.034,,,,224.6,,,,2.03,,"1,86",,,,,,,,,
SH-Q4428,brandegeei,QUBR_2022_0632,TCB-05935,04-2024,1/28/2025,D. Barry,silica,FastPrep - 2x 30sec @ 6.0m/s,Scissors,EZNA,Consolidated,0.024,,,,163.8,,,,1.94,,1.37,,,,,,,,,
SH-Q4429,brandegeei,QUBR_2022_0633,TCB-05936,04-2024,1/28/2025,D. Barry,silica,FastPrep - 2x 30sec @ 6.0m/s,Scissors,EZNA,Consolidated,0.028,,,,226.4,,,,2.02,,1.46,,,,,,,,,
SH-Q4430,brandegeei,QUBR_2022_0638,TCB-05939,04-2024,1/28/2025,D. Barry,silica,FastPrep - 2x 30sec @ 6.0m/s,Scissors,EZNA,Consolidated,0.034,,,,227.9,,,,1.96,,1.91,,,,,,,,,
SH-Q4431,brandegeei,QUBR_2022_0644,TCB-05945,04-2024,1/28/2025,D. Barry,silica,FastPrep - 2x 30sec @ 6.0m/s,Scissors,EZNA,Consolidated,0.033,,,,268.9,,,,1.99,,1.07,,,,,,,,,
SH-Q4432,brandegeei,QUBR_2022_0655,TCB-05953,04-2024,1/28/2025,D. Barry,silica,FastPrep - 2x 30sec @ 6.0m/s,Scissors,EZNA,Consolidated,0.032,,,,209.9,,,,1.98,,1.67,,,,,,,,,
SH-Q4433,brandegeei,QUBR_2022_0656,TCB-05954,04-2024,1/28/2025,D. Barry,silica,FastPrep - 2x 30sec @ 6.0m/s,Scissors,EZNA,Consolidated,0.032,,,,181.5,,,,1.96,,1.88,,,,,,,,,
SH-Q4434,brandegeei,QUBR_2022_0664,TCB-05959,04-2024,1/28/2025,D. Barry,silica,FastPrep - 2x 30sec @ 6.0m/s,Scissors,EZNA,Consolidated,0.033,,,,200.8,,,,1.97,,1.46,,,,,,,,,
SH-Q4435,brandegeei,QUBR_2022_0666,TCB-05961,04-2024,1/28/2025,D. Barry,silica,FastPrep - 2x 30sec @ 6.0m/s,Scissors,EZNA,Consolidated,0.030,,,,237.9,,,,1.98,,1.86,,,,,,,,,
SH-Q4436,brandegeei,QUBR_2022_0684,TCB-05964,04-2024,1/28/2025,D. Barry,silica,FastPrep - 2x 30sec @ 6.0m/s,Scissors,EZNA,Consolidated,0.024,,,,273.1,,,,2.02,,2.16,,,,,,,,,
SH-Q4437,brandegeei,QUBR_2022_0686,TCB-05966,04-2024,1/28/2025,D. Barry,silica,FastPrep - 2x 30sec @ 6.0m/s,Scissors,EZNA,Consolidated,0.025,,,,197.1,,,,2.00,,1.93,,,,,,,,,
SH-Q4438,brandegeei,QUBR_2022_0687,TCB-05967,04-2024,1/28/2025,D. Barry,silica,FastPrep - 2x 30sec @ 6.0m/s,Scissors,EZNA,Consolidated,0.024,,,,225.7,,,,2.02,,1.86,,,,,,,,,
SH-Q4439,brandegeei,QUBR_2022_0669,TCB-05970,04-2024,1/28/2025,D. Barry,silica,FastPrep - 2x 30sec @ 6.0m/s,Scissors,EZNA,Consolidated,0.036,,,,254.4,,,,1.96,,2.07,,,,,,,,,
SH-Q4440,brandegeei,QUBR_2022_0673,TCB-05974,04-2024,1/28/2025,D. Barry,silica,FastPrep - 2x 30sec @ 6.0m/s,Scissors,EZNA,Consolidated,0.032,,,,325.0,,,,2.04,,1.49,,,,,,,,,
SH-Q4441,brandegeei,QUBR_2022_0674,TCB-05975,04-2024,1/28/2025,D. Barry,silica,FastPrep - 2x 30sec @ 6.0m/s,Scissors,EZNA,Consolidated,0.027,,,,127.5,,,,1.97,,0.92,,,,,,,,,
SH-Q4442,brandegeei,QUBR_2022_0678,TCB-05978,04-2024,1/28/2025,D. Barry,silica,FastPrep - 2x 30sec @ 6.0m/s,Scissors,EZNA,Consolidated,0.038,,,,176.3,,,,1.93,,1.00,,,,,,,,,
SH-Q4443,brandegeei,QUBR_2022_0681,TCB-05980,04-2024,1/28/2025,D. Barry,silica,FastPrep - 2x 30sec @ 6.0m/s,Scissors,EZNA,Consolidated,0.026,,,,126.4,,,,1.95,,1.18,,,,,,,,,
SH-Q4444,brandegeei,QUBR_2022_0682,TCB-05981,04-2024,1/30/2025,D. Barry,silica,FastPrep - 2x 30sec @ 6.0m/s,Scissors,EZNA,Consolidated,0.028,,,,150.1,,,,1.97,,1.08,,,,,,,,,
SH-Q4445,brandegeei,QUBR_2022_0683,TCB-05982,04-2024,1/30/2025,D. Barry,silica,FastPrep - 2x 30sec @ 6.0m/s,Scissors,EZNA,Consolidated,0.036,,,,289.1,,,,1.97,,1.84,,,,,,,,,
SH-Q4446,brandegeei,QUBR_2022_0688,TCB-05983,04-2024,1/30/2025,D. Barry,silica,FastPrep - 2x 30sec @ 6.0m/s,Scissors,EZNA,Consolidated,0.029,,,,132.3,,,,2.02,,1.13,,,,,,,,,
SH-Q4447,brandegeei,QUBR_2022_0695,TCB-05988,04-2024,1/30/2025,D. Barry,silica,FastPrep - 2x 30sec @ 6.0m/s,Scissors,EZNA,Consolidated,0.028,,,,355.8,,,,2.05,,1.22,,,,,,,,,
SH-Q4448,brandegeei,QUBR_2022_0698,TCB-05991,04-2024,1/30/2025,D. Barry,silica,FastPrep - 2x 30sec @ 6.0m/s,Scissors,EZNA,Consolidated,0.034,,,,238.0,,,,2.00,,1.85,,,,,,,,,
SH-Q4449,brandegeei,QUBR_2022_0705,TCB-05997,04-2024,1/30/2025,D. Barry,silica,FastPrep - 2x 30sec @ 6.0m/s,Scissors,EZNA,Consolidated,0.029,,,,200.0,,,,2.00,,1.15,,,,,,,,,
SH-Q4450,brandegeei,QUBR_2022_0711,TCB-06001,04-2024,1/30/2025,D. Barry,silica,FastPrep - 2x 30sec @ 6.0m/s,Scissors,EZNA,Consolidated,0.038,,,,187.8,,,,2.03,,1.38,,,,,,,,,
SH-Q4451,brandegeei,QUBR_2022_0714,TCB-06002,04-2024,1/30/2025,D. Barry,silica,FastPrep - 2x 30sec @ 6.0m/s,Scissors,EZNA,Consolidated,0.037,,,,225.7,,,,2.01,,1.25,,,,,,,,,
SH-Q4452,brandegeei,QUBR_2022_0715,TCB-06003,04-2024,1/30/2025,D. Barry,silica,FastPrep - 2x 30sec @ 6.0m/s,Scissors,EZNA,Consolidated,0.032,,,,295.9,,,,2.05,,1.55,,,,,,,,,
SH-Q4453,brandegeei,QUBR_2022_0723,TCB-06008,04-2024,1/30/2025,D. Barry,silica,FastPrep - 2x 30sec @ 6.0m/s,Scissors,EZNA,Consolidated,0.033,,,,169.6,,,,1.91,,0.65,,,,,,,,,
SH-Q4454,brandegeei,QUBR_2022_0732,TCB-06015,04-2024,1/30/2025,D. Barry,silica,FastPrep - 2x 30sec @ 6.0m/s,Scissors,EZNA,Consolidated,0.031,,,,227.6,,,,2.05,,1.61,,,,,,,,,
SH-Q4455,brandegeei,QUBR_2022_0734,TCB-06017,04-2024,1/30/2025,D. Barry,silica,FastPrep - 2x 30sec @ 6.0m/s,Scissors,EZNA,Consolidated,0.032,,,,136.0,,,,1.86,,1.43,,,,,,,,,
SH-Q4456,brandegeei,QUBR_2022_0739,TCB-06020,04-2024,1/30/2025,D. Barry,silica,FastPrep - 2x 30sec @ 6.0m/s,Scissors,EZNA,Consolidated,0.028,,,,154.6,,,,1.92,,1.31,,,,,,,,,
SH-Q4457,brandegeei,QUBR_2022_0745,TCB-06022,04-2024,1/30/2025,D. Barry,silica,FastPrep - 2x 30sec @ 6.0m/s,Scissors,EZNA,Consolidated,0.033,,,,140.9,,,,1.89,,0.52,,,,,,,,,
SH-Q4458,brandegeei,QUBR_2022_0747,TCB-06023,04-2024,1/30/2025,D. Barry,silica,FastPrep - 2x 30sec @ 6.0m/s,Scissors,EZNA,Consolidated,0.034,,,,385.7,,,,2.05,,2.22,,,,,,,,,
SH-Q4459,brandegeei,QUBR_2022_0753,TCB-06028,04-2024,1/30/2025,D. Barry,silica,FastPrep - 2x 30sec @ 6.0m/s,Scissors,EZNA,Consolidated,0.029,,,,565.4,,,,2.09,,1.89,,,,,,,,,
SH-Q4460,brandegeei,QUBR_2022_0756,TCB-06030,04-2024,1/30/2025,D. Barry,silica,FastPrep - 2x 30sec @ 6.0m/s,Scissors,EZNA,Consolidated,0.022,,,,263.5,,,,2.04,,1.35,,,,,,,,,
SH-Q4461,brandegeei,QUBR_2022_0757,TCB-06031,04-2024,1/30/2025,D. Barry,silica,FastPrep - 2x 30sec @ 6.0m/s,Scissors,EZNA,Consolidated,0.033,,,,181.7,,,,2.01,,2.08,,,,,,,,,
SH-Q4462,brandegeei,QUBR_2022_0758,TCB-06032,04-2024,1/30/2025,D. Barry,silica,FastPrep - 2x 30sec @ 6.0m/s,Scissors,EZNA,Consolidated,0.034,,,,198.0,,,,2.06,,2.08,,,,,,,,,
SH-Q4463,brandegeei,QUBR_2022_0761,TCB-06034,04-2024,1/30/2025,D. Barry,silica,FastPrep - 2x 30sec @ 6.0m/s,Scissors,EZNA,Consolidated,0.038,,,,357.0,,,,2.08,,2.15,,,,,,,,,
SH-Q4464,brandegeei,QUBR_2022_0762,TCB-06035,04-2024,1/30/2025,D. Barry,silica,FastPrep - 2x 30sec @ 6.0m/s,Scissors,EZNA,Consolidated,0.038,,,,233.0,,,,2.00,,2.30,,,,,,,,,
SH-Q4465,brandegeei,QUBR_2022_0763,TCB-06036,04-2024,1/30/2025,D. Barry,silica,FastPrep - 2x 30sec @ 6.0m/s,Scissors,EZNA,Consolidated,0.036,,,,474.5,,,,2.08,,2.01,,,,,,,,,
SH-Q4466,brandegeei,QUBR_2022_0765,TCB-06037,04-2024,1/30/2025,D. Barry,silica,FastPrep - 2x 30sec @ 6.0m/s,Scissors,EZNA,Consolidated,0.024,,,,289.8,,,,2.04,,2.19,,,,,,,,,
SH-Q4467,brandegeei,QUBR_2022_0766,TCB-06038,04-2024,1/30/2025,D. Barry,silica,FastPrep - 2x 30sec @ 6.0m/s,Scissors,EZNA,Consolidated,0.024,,,,252.5,,,,2.05,,2.19,,,,,,,,,
SH-Q4468,brandegeei,QUBR_2022_0767,TCB-06039,04-2024,2/3/2025,D. Barry,silica,FastPrep - 2x 30sec @ 6.0m/s,Scissors,EZNA,Consolidated,0.029,,,,444.9,,,,2.09,,2.21,,,,,,,,,
SH-Q4469,brandegeei,QUBR_2022_0769,TCB-06040,04-2024,2/3/2025,D. Barry,silica,FastPrep - 2x 30sec @ 6.0m/s,Scissors,EZNA,Consolidated,0.031,,,,263.9,,,,2.03,,1.66,,,,,,,,,
SH-Q4470,brandegeei,QUBR_2022_0771,TCB-06042,04-2024,2/3/2025,D. Barry,silica,FastPrep - 2x 30sec @ 6.0m/s,Scissors,EZNA,Consolidated,0.034,,,,281.9,,,,1.93,,1.72,,,,,,,,,
SH-Q4471,brandegeei,QUBR_2022_0772,TCB-06043,04-2024,2/3/2025,D. Barry,silica,FastPrep - 2x 30sec @ 6.0m/s,Scissors,EZNA,Consolidated,0.029,,,,133.8,,,,2.00,,0.82,,,,,,,,,
SH-Q4472,brandegeei,QUBR_2022_0775,TCB-06045,04-2024,2/3/2025,D. Barry,silica,FastPrep - 2x 30sec @ 6.0m/s,Scissors,EZNA,Consolidated,0.027,,,,431.6,,,,2.07,,1.84,,,,,,,,,
SH-Q4473,brandegeei,QUBR_2022_0776,TCB-06046,04-2024,2/3/2025,D. Barry,silica,FastPrep - 2x 30sec @ 6.0m/s,Scissors,EZNA,Consolidated,0.025,,,,283.6,,,,2.06,,1.61,,,,,,,,,
SH-Q4474,brandegeei,QUBR_2022_0777,TCB-06047,04-2024,2/3/2025,D. Barry,silica,FastPrep - 2x 30sec @ 6.0m/s,Scissors,EZNA,Consolidated,0.029,,,,198.1,,,,1.89,,1.64,,,,,,,,,
SH-Q4475,brandegeei,QUBR_2022_0778,TCB-06048,04-2024,2/3/2025,D. Barry,silica,FastPrep - 2x 30sec @ 6.0m/s,Scissors,EZNA,Consolidated,0.039,,,,196.8,,,,2.04,,1.67,,,,,,,,,
SH-Q4476,brandegeei,QUBR_2022_0954,TCB-06053,04-2024,2/3/2025,D. Barry,silica,FastPrep - 2x 30sec @ 6.0m/s,Scissors,EZNA,Consolidated,0.033,,,,205.6,,,,1.85,,0.48,,,,,,,,,
SH-Q4477,brandegeei,QUBR_2022_0956,TCB-06055,04-2024,2/3/2025,D. Barry,silica,FastPrep - 2x 30sec @ 6.0m/s,Scissors,EZNA,Consolidated,0.029,,,,446.8,,,,1.98,,1.92,,,,,,,,,
SH-Q4478,brandegeei,QUBR_2022_0958,TCB-06057,04-2024,2/3/2025,D. Barry,silica,FastPrep - 2x 30sec @ 6.0m/s,Scissors,EZNA,Consolidated,0.031,,,,433.7,,,,2.04,,1.89,,,,,,,,,
SH-Q4479,brandegeei,QUBR_2022_0959,TCB-06058,04-2024,2/3/2025,D. Barry,silica,FastPrep - 2x 30sec @ 6.0m/s,Scissors,EZNA,Consolidated,0.037,,,,112.8,,,,1.86,,0.90,,,,,,,,,
SH-Q4480,brandegeei,QUBR_2022_0963,TCB-06060,04-2024,2/3/2025,D. Barry,silica,FastPrep - 2x 30sec @ 6.0m/s,Scissors,EZNA,Consolidated,0.038,,,,421.5,,,,2.04,,1.93,,,,,,,,,
SH-Q4481,brandegeei,QUBR_2022_0964,TCB-06061,04-2024,2/3/2025,D. Barry,silica,FastPrep - 2x 30sec @ 6.0m/s,Scissors,EZNA,Consolidated,0.035,,,,304.8,,,,2.04,,2.14,,,,,,,,,
SH-Q4482,brandegeei,QUBR_2022_0966,TCB-06063,04-2024,2/3/2025,D. Barry,silica,FastPrep - 2x 30sec @ 6.0m/s,Scissors,EZNA,Consolidated,0.032,,,,197.0,,,,2.02,,2.02,,,,,,,,,
SH-Q4483,brandegeei,QUBR_2022_0969,TCB-06066,04-2024,2/3/2025,D. Barry,silica,FastPrep - 2x 30sec @ 6.0m/s,Scissors,EZNA,Consolidated,0.036,,,,455.1,,,,2.02,,1.69,,,,,,,,,
SH-Q4484,brandegeei,QUBR_2022_0972,TCB-06067,04-2024,2/3/2025,D. Barry,silica,FastPrep - 2x 30sec @ 6.0m/s,Scissors,EZNA,Consolidated,0.031,,,,236.1,,,,2.05,,1.07,,,,,,,,,
SH-Q4485,brandegeei,QUBR_2022_0973,TCB-06068,04-2024,2/3/2025,D. Barry,silica,FastPrep - 2x 30sec @ 6.0m/s,Scissors,EZNA,Consolidated,0.036,,,,103.7,,,,1.80,,1.44,,,,,,,,,
SH-Q4486,brandegeei,QUBR_2022_0976,TCB-06071,04-2024,2/3/2025,D. Barry,silica,FastPrep - 2x 30sec @ 6.0m/s,Scissors,EZNA,Consolidated,0.034,,,,332.8,,,,2.06,,1.98,,,,,,,,,
SH-Q4487,brandegeei,QUBR_2022_0977,TCB-06072,04-2024,2/3/2025,D. Barry,silica,FastPrep - 2x 30sec @ 6.0m/s,Scissors,EZNA,Consolidated,0.034,,,,359.3,,,,1.96,,1.83,,,,,,,,,
SH-Q4488,brandegeei,QUBR_2022_0981,TCB-06076,04-2024,2/3/2025,D. Barry,silica,FastPrep - 2x 30sec @ 6.0m/s,Scissors,EZNA,Consolidated,0.038,,,,211.4,,,,1.94,,1.39,,,,,,,,,
SH-Q4489,brandegeei,QUBR_2022_0982,TCB-06077,04-2024,2/3/2025,D. Barry,silica,FastPrep - 2x 30sec @ 6.0m/s,Scissors,EZNA,Consolidated,0.025,,,,97.3,,,,1.87,,1.76,,,,,,,,,
SH-Q4490,brandegeei,QUBR_2022_0984,TCB-06078,04-2024,2/3/2025,D. Barry,silica,FastPrep - 2x 30sec @ 6.0m/s,Scissors,EZNA,Consolidated,0.037,,,,111.6,,,,1.96,,1.00,,,,,,,,,
SH-Q4491,brandegeei,QUBR_2022_0985,TCB-06079,04-2024,2/3/2025,D. Barry,silica,FastPrep - 2x 30sec @ 6.0m/s,Scissors,EZNA,Consolidated,0.037,,,,227.6,,,,2.03,,1.84,,,,,,,,,
SH-Q4492,brandegeei,QUBR_2022_0986,TCB-06080,04-2024,2/4/2025,D. Barry,silica,FastPrep - 2x 30sec @ 6.0m/s,Scissors,EZNA,Consolidated,0.030,,,,422.7,,,,2.02,,2.11,,,,,,,,,
SH-Q4493,brandegeei,QUBR_2022_0989,TCB-06082,04-2024,2/4/2025,D. Barry,silica,FastPrep - 2x 30sec @ 6.0m/s,Scissors,EZNA,Consolidated,0.026,,,,326.2,,,,2.01,,2.26,,,,,,,,,
SH-Q4494,brandegeei,QUBR_2022_0995,TCB-06087,04-2024,2/4/2025,D. Barry,silica,FastPrep - 2x 30sec @ 6.0m/s,Scissors,EZNA,Consolidated,0.035,,,,501.5,,,,2.03,,1.97,,,,,,,,,
SH-Q4495,brandegeei,QUBR_2022_0996,TCB-06088,04-2024,2/4/2025,D. Barry,silica,FastPrep - 2x 30sec @ 6.0m/s,Scissors,EZNA,Consolidated,0.028,,,,243.7,,,,2.03,,2.15,,,,,,,,,
SH-Q4496,brandegeei,QUBR_2022_0998,TCB-06089,04-2024,2/4/2025,D. Barry,silica,FastPrep - 2x 30sec @ 6.0m/s,Scissors,EZNA,Consolidated,0.023,,,,334.6,,,,1.90,,0.49,,,,,,,,,
SH-Q4497,brandegeei,QUBR_2022_1010,TCB-06091,04-2024,2/4/2025,D. Barry,silica,FastPrep - 2x 30sec @ 6.0m/s,Scissors,EZNA,Consolidated,0.030,,,,120.9,,,,1.92,,1.61,,,,,,,,,
SH-Q4498,brandegeei,QUBR_2022_1013,TCB-06094,04-2024,2/4/2025,D. Barry,silica,FastPrep - 2x 30sec @ 6.0m/s,Scissors,EZNA,Consolidated,0.029,,,,366.1,,,,2.05,,2.26,,,,,,,,,
SH-Q4499,brandegeei,QUBR_2022_1017,TCB-06097,04-2024,2/4/2025,D. Barry,silica,FastPrep - 2x 30sec @ 6.0m/s,Scissors,EZNA,Consolidated,0.034,,,,94.1,,,,2.02,,0.85,,,,,,,,,
SH-Q4500,brandegeei,QUBR_2022_1018,TCB-06098,04-2024,2/4/2025,D. Barry,silica,FastPrep - 2x 30sec @ 6.0m/s,Scissors,EZNA,Consolidated,0.031,,,,186.8,,,,1.99,,2.04,,,,,,,,,
SH-Q4501,brandegeei,QUBR_2022_1022,TCB-06102,04-2024,2/4/2025,D. Barry,silica,FastPrep - 2x 30sec @ 6.0m/s,Scissors,EZNA,Consolidated,0.040,,,,386.6,,,,2.06,,1.93,,,,,,,,,
SH-Q4502,brandegeei,QUBR_2022_1023,TCB-06103,04-2024,2/4/2025,D. Barry,silica,FastPrep - 2x 30sec @ 6.0m/s,Scissors,EZNA,Consolidated,0.030,,,,269.1,,,,2.02,,2.16,,,,,,,,,
SH-Q4503,brandegeei,QUBR_2022_1024,TCB-06104,04-2024,2/4/2025,D. Barry,silica,FastPrep - 2x 30sec @ 6.0m/s,Scissors,EZNA,Consolidated,0.038,,,,145.6,,,,1.96,,1.95,,,,,,,,,
SH-Q4504,brandegeei,QUBR_2022_1027,TCB-06107,04-2024,2/4/2025,D. Barry,silica,FastPrep - 2x 30sec @ 6.0m/s,Scissors,EZNA,Consolidated,0.038,,,,336.7,,,,2.00,,2.29,,,,,,,,,
SH-Q4505,brandegeei,QUBR_2022_1028,TCB-06108,04-2024,2/4/2025,D. Barry,silica,FastPrep - 2x 30sec @ 6.0m/s,Scissors,EZNA,Consolidated,0.039,,,,212.4,,,,2.01,,1.96,,,,,,,,,
SH-Q4506,brandegeei,QUBR_2022_1053,TCB-06114,04-2024,2/4/2025,D. Barry,silica,FastPrep - 2x 30sec @ 6.0m/s,Scissors,EZNA,Consolidated,0.026,,,,305.0,,,,2.01,,2.16,,,,,,,,,
SH-Q4507,brandegeei,QUBR_2022_1056,TCB-06116,04-2024,2/4/2025,D. Barry,silica,FastPrep - 2x 30sec @ 6.0m/s,Scissors,EZNA,Consolidated,0.040,,,,197.0,,,,2.00,,1.96,,,,,,,,,
SH-Q4508,brandegeei,QUBR_2022_1058,TCB-06118,04-2024,2/4/2025,D. Barry,silica,FastPrep - 2x 30sec @ 6.0m/s,Scissors,EZNA,Consolidated,0.027,,,,348.0,,,,1.99,,0.99,,,,,,,,,
SH-Q4509,brandegeei,QUBR_2022_1071,TCB-06121,04-2024,2/4/2025,D. Barry,silica,FastPrep - 2x 30sec @ 6.0m/s,Scissors,EZNA,Consolidated,0.030,,,,284.8,,,,1.84,,0.39,,,,,,,,,
SH-Q4510,brandegeei,QUBR_2022_1072,TCB-06122,04-2024,2/4/2025,D. Barry,silica,FastPrep - 2x 30sec @ 6.0m/s,Scissors,EZNA,Consolidated,0.032,,,,206.8,,,,2.02,,1.56,,,,,,,,,
SH-Q4511,brandegeei,QUBR_2022_1073,TCB-06123,04-2024,2/4/2025,D. Barry,silica,FastPrep - 2x 30sec @ 6.0m/s,Scissors,EZNA,Consolidated,0.028,,,,252.4,,,,2.04,,2.21,,,,,,,,,
SH-Q4512,brandegeei,QUBR_2022_1094,TCB-06131,04-2024,2/4/2025,D. Barry,silica,FastPrep - 2x 30sec @ 6.0m/s,Scissors,EZNA,Consolidated,0.037,,,,172.8,,,,2.01,,2.00,,,,,,,,,
SH-Q4513,brandegeei,QUBR_2022_0902,TCB-06135,04-2024,2/4/2025,D. Barry,silica,FastPrep - 2x 30sec @ 6.0m/s,Scissors,EZNA,Consolidated,0.024,,,,320.7,,,,2.03,,2.26,,,,,,,,,
SH-Q4514,brandegeei,QUBR_2022_0903,TCB-06136,04-2024,2/4/2025,D. Barry,silica,FastPrep - 2x 30sec @ 6.0m/s,Scissors,EZNA,Consolidated,0.036,,,,332.3,,,,2.01,,2.20,,,,,,,,,
SH-Q4515,brandegeei,QUBR_2022_0905,TCB-06137,04-2024,2/4/2025,D. Barry,silica,FastPrep - 2x 30sec @ 6.0m/s,Scissors,EZNA,Consolidated,0.035,,,,176.8,,,,2.02,,1.51,,,,,,,,,
SH-Q4516,brandegeei,QUBR_2022_0907,TCB-06139,04-2024,2/7/2025,D. Barry,silica,FastPrep - 2x 30sec @ 6.0m/s,Scissors,EZNA,Consolidated,0.031,,,,427.5,,,,2.03,,1.91,,,,,,,,,
SH-Q4517,brandegeei,QUBR_2022_0910,TCB-06141,04-2024,2/7/2025,D. Barry,silica,FastPrep - 2x 30sec @ 6.0m/s,Scissors,EZNA,Consolidated,0.039,,,,553.7,,,,2.07,,2.07,,,,,,,,,
SH-Q4518,brandegeei,QUBR_2022_0911,TCB-06142,04-2024,2/7/2025,D. Barry,silica,FastPrep - 2x 30sec @ 6.0m/s,Scissors,EZNA,Consolidated,0.033,,,,282.7,,,,2.00,,1.95,,,,,,,,,
SH-Q4519,brandegeei,QUBR_2022_0915,TCB-06146,04-2024,2/7/2025,D. Barry,silica,FastPrep - 2x 30sec @ 6.0m/s,Scissors,EZNA,Consolidated,0.029,,,,153.3,,,,2.02,,1.08,,,,,,,,,
SH-Q4520,brandegeei,QUBR_2022_0917,TCB-06147,04-2024,2/7/2025,D. Barry,silica,FastPrep - 2x 30sec @ 6.0m/s,Scissors,EZNA,Consolidated,0.036,,,,326.3,,,,2.04,,1.94,,,,,,,,,
SH-Q4521,brandegeei,QUBR_2022_0918,TCB-06148,04-2024,2/7/2025,D. Barry,silica,FastPrep - 2x 30sec @ 6.0m/s,Scissors,EZNA,Consolidated,0.034,,,,312.7,,,,2.06,,2.05,,,,,,,,,
SH-Q4522,brandegeei,QUBR_2022_0920,TCB-06150,04-2024,2/7/2025,D. Barry,silica,FastPrep - 2x 30sec @ 6.0m/s,Scissors,EZNA,Consolidated,0.038,,,,109.4,,,,1.94,,1.64,,,,,,,,,
SH-Q4523,brandegeei,QUBR_2022_0923,TCB-06152,04-2024,2/7/2025,D. Barry,silica,FastPrep - 2x 30sec @ 6.0m/s,Scissors,EZNA,Consolidated,0.031,,,,95.3,,,,1.79,,0.67,,,,,,,,,
SH-Q4524,brandegeei,QUBR_2022_0926,TCB-06154,04-2024,2/7/2025,D. Barry,silica,FastPrep - 2x 30sec @ 6.0m/s,Scissors,EZNA,Consolidated,0.031,,,,370.4,,,,2.07,,1.87,,,,,,,,,
SH-Q4525,brandegeei,QUBR_2022_0928,TCB-06156,04-2024,2/7/2025,D. Barry,silica,FastPrep - 2x 30sec @ 6.0m/s,Scissors,EZNA,Consolidated,0.039,,,,303.7,,,,2.06,,1.88,,,,,,,,,
SH-Q4526,brandegeei,QUBR_2022_0934,TCB-06160,04-2024,2/7/2025,D. Barry,silica,FastPrep - 2x 30sec @ 6.0m/s,Scissors,EZNA,Consolidated,0.034,,,,289.8,,,,1.98,,1.90,,,,,,,,,
SH-Q4527,brandegeei,QUBR_2022_0938,TCB-06164,04-2024,2/7/2025,D. Barry,silica,FastPrep - 2x 30sec @ 6.0m/s,Scissors,EZNA,Consolidated,0.025,,,,386.9,,,,2.08,,2.15,,,,,,,,,
SH-Q4528,brandegeei,QUBR_2022_0942,TCB-06165,04-2024,2/7/2025,D. Barry,silica,FastPrep - 2x 30sec @ 6.0m/s,Scissors,EZNA,Consolidated,0.026,,,,341.2,,,,2.03,,1.71,,,,,,,,,
SH-Q4529,brandegeei,QUBR_2022_0947,TCB-06169,04-2024,2/7/2025,D. Barry,silica,FastPrep - 2x 30sec @ 6.0m/s,Scissors,EZNA,Consolidated,0.033,,,,237.1,,,,2.01,,2.00,,,,,,,,,
SH-Q4530,brandegeei,QUBR_2022_0951,TCB-06171,04-2024,2/7/2025,D. Barry,silica,FastPrep - 2x 30sec @ 6.0m/s,Scissors,EZNA,Consolidated,0.030,,,,235.9,,,,2.03,,2.11,,,,,,,,,
SH-Q4531,brandegeei,QUBR_2022_0952,TCB-06172,04-2024,2/7/2025,D. Barry,silica,FastPrep - 2x 30sec @ 6.0m/s,Scissors,EZNA,Consolidated,0.039,,,,115.1,,,,1.90,,0.65,,,,,,,,,
SH-Q4532,brandegeei,QUBR_2022_1001,TCB-06174,04-2024,2/7/2025,D. Barry,silica,FastPrep - 2x 30sec @ 6.0m/s,Scissors,EZNA,Consolidated,0.032,,,,444.1,,,,2.07,,2.24,,,,,,,,,
SH-Q4533,brandegeei,QUBR_2022_1009,TCB-06176,04-2024,2/7/2025,D. Barry,silica,FastPrep - 2x 30sec @ 6.0m/s,Scissors,EZNA,Consolidated,0.028,,,,144.6,,,,1.94,,1.72,,,,,,,,,
SH-Q4534,brandegeei,QUBR_2022_1007,TCB-06178,04-2024,2/7/2025,D. Barry,silica,FastPrep - 2x 30sec @ 6.0m/s,Scissors,EZNA,Consolidated,0.035,,,,196.8,,,,1.50,,0.22,,,,,,,,,
SH-Q4535,brandegeei,QUBR_2022_1005,TCB-06180,04-2024,2/7/2025,D. Barry,silica,FastPrep - 2x 30sec @ 6.0m/s,Scissors,EZNA,Consolidated,0.037,,,,170.0,,,,1.95,,1.54,,,,,,,,,
SH-Q4536,brandegeei,QUBR_2022_1078,TCB-06183,04-2024,2/7/2025,D. Barry,silica,FastPrep - 2x 30sec @ 6.0m/s,Scissors,EZNA,Consolidated,0.038,,,,338.0,,,,1.99,,1.87,,,,,,,,,
SH-Q4537,brandegeei,QUBR_2022_1089,TCB-06185,04-2024,2/7/2025,D. Barry,silica,FastPrep - 2x 30sec @ 6.0m/s,Scissors,EZNA,Consolidated,0.030,,,,480.5,,,,2.05,,2.21,,,,,,,,,
SH-Q4538,brandegeei,QUBR_2022_1092,TCB-06188,04-2024,2/7/2025,D. Barry,silica,FastPrep - 2x 30sec @ 6.0m/s,Scissors,EZNA,Consolidated,0.026,,,,206.1,,,,1.99,,1.79,,,,,,,,,
SH-Q4539,brandegeei,QUBR_2022_1082,TCB-06191,04-2024,2/7/2025,D. Barry,silica,FastPrep - 2x 30sec @ 6.0m/s,Scissors,EZNA,Consolidated,0.039,,,,104.8,,,,1.88,,0.92,,,,,,,,,
SH-Q4540,brandegeei,QUBR_2022_1086,TCB-06192,04-2024,2/10/2025,D. Barry,silica,FastPrep - 2x 30sec @ 6.0m/s,Scissors,EZNA,Consolidated,0.036,,,,141.2,,,,1.81,,1.62,,,,,,,,,
SH-Q4541,brandegeei,QUBR_2022_1084,TCB-06195,04-2024,2/10/2025,D. Barry,silica,FastPrep - 2x 30sec @ 6.0m/s,Scissors,EZNA,Consolidated,0.030,,,,89.7,,,,1.81,,1.29,,,,,,,,,
SH-Q4542,brandegeei,QUBR_2022_1103,TCB-06196,04-2024,2/10/2025,D. Barry,silica,FastPrep - 2x 30sec @ 6.0m/s,Scissors,EZNA,Consolidated,0.030,,,,120.4,,,,1.93,,1.75,,,,,,,,,
SH-Q4543,brandegeei,QUBR_2022_1116,TCB-06197,04-2024,2/10/2025,D. Barry,silica,FastPrep - 2x 30sec @ 6.0m/s,Scissors,EZNA,Consolidated,0.029,,,,163.9,,,,1.85,,1.71,,,,,,,,,
SH-Q4544,brandegeei,QUBR_2022_1102,TCB-06198,04-2024,2/10/2025,D. Barry,silica,FastPrep - 2x 30sec @ 6.0m/s,Scissors,EZNA,Consolidated,0.036,,,,63.0,,,,1.81,,1.42,,,,,,,,,
SH-Q4545,brandegeei,QUBR_2022_1105,TCB-06199,04-2024,2/10/2025,D. Barry,silica,FastPrep - 2x 30sec @ 6.0m/s,Scissors,EZNA,Consolidated,0.027,,,,148.1,,,,1.92,,0.99,,,,,,,,,
SH-Q4546,brandegeei,QUBR_2022_1113,TCB-06200,04-2024,2/10/2025,D. Barry,silica,FastPrep - 2x 30sec @ 6.0m/s,Scissors,EZNA,Consolidated,0.031,,,,186.0,,,,1.76,,0.39,,,,,,,,,
SH-Q4547,brandegeei,QUBR_2022_1115,TCB-06202,04-2024,2/10/2025,D. Barry,silica,FastPrep - 2x 30sec @ 6.0m/s,Scissors,EZNA,Consolidated,0.039,,,,205.5,,,,1.98,,1.22,,,,,,,,,
SH-Q4548,brandegeei,QUBR_2022_1118,TCB-06203,04-2024,2/10/2025,D. Barry,silica,FastPrep - 2x 30sec @ 6.0m/s,Scissors,EZNA,Consolidated,0.035,,,,239.2,,,,1.90,,1.62,,,,,,,,,
SH-Q4549,brandegeei,QUBR_2022_1120,TCB-06205,04-2024,2/10/2025,D. Barry,silica,FastPrep - 2x 30sec @ 6.0m/s,Scissors,EZNA,Consolidated,0.031,,,,100.4,,,,1.93,,1.32,,,,,,,,,
SH-Q4550,brandegeei,QUBR_2022_1122,TCB-06206,04-2024,2/10/2025,D. Barry,silica,FastPrep - 2x 30sec @ 6.0m/s,Scissors,EZNA,Consolidated,0.034,,,,107.5,,,,1.93,,1.66,,,,,,,,,
SH-Q4551,brandegeei,QUBR_2022_1077,TCB-06209,04-2024,2/10/2025,D. Barry,silica,FastPrep - 2x 30sec @ 6.0m/s,Scissors,EZNA,Consolidated,0.020,,,,88.3,,,,1.83,,1.27,,,,,,,,,
SH-Q4552,brandegeei,QUBR_2022_1034,TCB-06210,04-2024,2/10/2025,D. Barry,silica,FastPrep - 2x 30sec @ 6.0m/s,Scissors,EZNA,Consolidated,0.034,,,,342.9,,,,2.05,,1.75,,,,,,,,,
SH-Q4553,brandegeei,QUBR_2022_1110,TCB-06212,04-2024,2/10/2025,D. Barry,silica,FastPrep - 2x 30sec @ 6.0m/s,Scissors,EZNA,Consolidated,0.031,,,,388.6,,,,2.06,,1.80,,,,,,,,,
SH-Q4554,brandegeei,QUBR_2022_1041,TCB-06215,04-2024,2/10/2025,D. Barry,silica,FastPrep - 2x 30sec @ 6.0m/s,Scissors,EZNA,Consolidated,0.025,,,,332.2,,,,2.04,,2.13,,,,,,,,,
SH-Q4555,brandegeei,QUBR_2022_1043,TCB-06217,04-2024,2/10/2025,D. Barry,silica,FastPrep - 2x 30sec @ 6.0m/s,Scissors,EZNA,Consolidated,0.027,,,,244.7,,,,2.03,,1.57,,,,,,,,,
SH-Q4556,brandegeei,QUBR_2022_1045,TCB-06219,04-2024,2/10/2025,D. Barry,silica,FastPrep - 2x 30sec @ 6.0m/s,Scissors,EZNA,Consolidated,0.029,,,,248.9,,,,1.96,,1.43,,,,,,,,,
SH-Q4557,brandegeei,QUBR_2022_1047,TCB-06220,04-2024,2/10/2025,D. Barry,silica,FastPrep - 2x 30sec @ 6.0m/s,Scissors,EZNA,Consolidated,0.023,,,,143.8,,,,1.85,,0.40,,,,,,,,,
SH-Q4558,brandegeei,QUBR_2022_1049,TCB-06222,04-2024,2/10/2025,D. Barry,silica,FastPrep - 2x 30sec @ 6.0m/s,Scissors,EZNA,Consolidated,0.037,,,,247.8,,,,1.99,,1.89,,,,,,,,,
SH-Q4559,brandegeei,QUBR_2022_1101,TCB-06223,04-2024,2/10/2025,D. Barry,silica,FastPrep - 2x 30sec @ 6.0m/s,Scissors,EZNA,Consolidated,0.032,,,,353.6,,,,1.95,,2.05,,,,,,,,,
SH-Q4560,brandegeei,QUBR_2022_1104,TCB-06224,04-2024,2/10/2025,D. Barry,silica,FastPrep - 2x 30sec @ 6.0m/s,Scissors,EZNA,Consolidated,0.033,,,,329.8,,,,2.03,,1.63,,,,,,,,,
SH-Q4561,brandegeei,QUBR_2022_1108,TCB-06226,04-2024,2/10/2025,D. Barry,silica,FastPrep - 2x 30sec @ 6.0m/s,Scissors,EZNA,Consolidated,0.024,,,,167.9,,,,1.87,,1.07,,,,,,,,,
SH-Q4562,brandegeei,QUBR_2022_1108B,TCB-06227,04-2024,2/10/2025,D. Barry,silica,FastPrep - 2x 30sec @ 6.0m/s,Scissors,EZNA,Consolidated,0.022,,,,197.7,,,,1.99,,1.75,,,,,,,,,
SH-Q4563,brandegeei,QUBR_2022_1112,TCB-06228,04-2024,2/10/2025,D. Barry,silica,FastPrep - 2x 30sec @ 6.0m/s,Scissors,EZNA,Consolidated,0.035,,,,202.8,,,,1.92,,1.04,,,,,,,,,
SH-Q4564,brandegeei,QUBR_2022_1051,TCB-06230,04-2024,2/13/2025,D. Barry,silica,FastPrep - 2x 30sec @ 6.0m/s,Scissors,EZNA,Consolidated,0.027,,,,360.8,,,,2.00,,1.80,,,,,,,,,
SH-Q4565,brandegeei,QUBR_2022_1052,TCB-06231,04-2024,2/13/2025,D. Barry,silica,FastPrep - 2x 30sec @ 6.0m/s,Scissors,EZNA,Consolidated,0.021,,,,202.7,,,,1.90,,0.64,,,,,,,,,
SH-Q4566,brandegeei,QUBR_2022_1054,TCB-06232,04-2024,2/13/2025,D. Barry,silica,FastPrep - 2x 30sec @ 6.0m/s,Scissors,EZNA,Consolidated,0.025,,,,389.0,,,,2.04,,2.02,,,,,,,,,
SH-Q4567,brandegeei,QUBR_2022_1059,TCB-06233,04-2024,2/13/2025,D. Barry,silica,FastPrep - 2x 30sec @ 6.0m/s,Scissors,EZNA,Consolidated,0.020,,,,145.1,,,,1.85,,0.50,,,,,,,,,
SH-Q4568,brandegeei,QUBR_2022_1060,TCB-06234,04-2024,2/13/2025,D. Barry,silica,FastPrep - 2x 30sec @ 6.0m/s,Scissors,EZNA,Consolidated,0.030,,,,208.5,,,,2.01,,1.71,,,,,,,,,
SH-Q4569,brandegeei,QUBR_2022_1065,TCB-06237,04-2024,2/13/2025,D. Barry,silica,FastPrep - 2x 30sec @ 6.0m/s,Scissors,EZNA,Consolidated,0.038,,,,279.3,,,,2.05,,1.59,,,,,,,,,
SH-Q4570,brandegeei,QUBR_2022_1067,TCB-06239,04-2024,2/13/2025,D. Barry,silica,FastPrep - 2x 30sec @ 6.0m/s,Scissors,EZNA,Consolidated,0.031,,,,337.0,,,,2.00,,1.58,,,,,,,,,
SH-Q4571,brandegeei,QUBR_2022_1068,TCB-06240,04-2024,2/13/2025,D. Barry,silica,FastPrep - 2x 30sec @ 6.0m/s,Scissors,EZNA,Consolidated,0.029,,,,195.5,,,,1.96,,1.12,,,,,,,,,
SH-Q4572,brandegeei,QUBR_2022_1075,TCB-06241,04-2024,2/13/2025,D. Barry,silica,FastPrep - 2x 30sec @ 6.0m/s,Scissors,EZNA,Consolidated,0.037,,,,516.9,,,,2.08,,2.13,,,,,,,,,
SH-Q4573,brandegeei,QUBR_2022_1098,TCB-06245,04-2024,2/13/2025,D. Barry,silica,FastPrep - 2x 30sec @ 6.0m/s,Scissors,EZNA,Consolidated,0.033,,,,211.9,,,,1.99,,1.50,,,,,,,,,
SH-Q4574,brandegeei,QUBR_2022_1124,TCB-06246,04-2024,2/13/2025,D. Barry,silica,FastPrep - 2x 30sec @ 6.0m/s,Scissors,EZNA,Consolidated,0.033,,,,297.8,,,,1.93,,0.89,,,,,,,,,
SH-Q4575,brandegeei,QUBR_2022_1126,TCB-06248,04-2024,2/13/2025,D. Barry,silica,FastPrep - 2x 30sec @ 6.0m/s,Scissors,EZNA,Consolidated,0.034,,,,113.4,,,,1.89,,1.14,,,,,,,,,
SH-Q4576,brandegeei,QUBR_2022_0786,TCB-06251,04-2024,2/13/2025,D. Barry,silica,FastPrep - 2x 30sec @ 6.0m/s,Scissors,EZNA,Consolidated,0.028,,,,301.3,,,,2.01,,1.31,,,,,,,,,
SH-Q4577,brandegeei,QUBR_2022_0787,TCB-06252,04-2024,2/13/2025,D. Barry,silica,FastPrep - 2x 30sec @ 6.0m/s,Scissors,EZNA,Consolidated,0.029,,,,142.7,,,,1.96,,1.56,,,,,,,,,
SH-Q4578,brandegeei,QUBR_2022_0788,TCB-06253,04-2024,2/13/2025,D. Barry,silica,FastPrep - 2x 30sec @ 6.0m/s,Scissors,EZNA,Consolidated,0.028,,,,135.4,,,,1.95,,0.68,,,,,,,,,
SH-Q4579,brandegeei,QUBR_2022_0792,TCB-06257,04-2024,2/13/2025,D. Barry,silica,FastPrep - 2x 30sec @ 6.0m/s,Scissors,EZNA,Consolidated,0.029,,,,277.4,,,,1.97,,1.28,,,,,,,,,
SH-Q4580,brandegeei,QUBR_2022_0798,TCB-06263,04-2024,2/13/2025,D. Barry,silica,FastPrep - 2x 30sec @ 6.0m/s,Scissors,EZNA,Consolidated,0.026,,,,205.7,,,,2.02,,1.05,,,,,,,,,
SH-Q4581,brandegeei,QUBR_2022_0801,TCB-06266,04-2024,2/13/2025,D. Barry,silica,FastPrep - 2x 30sec @ 6.0m/s,Scissors,EZNA,Consolidated,0.038,,,,126.6,,,,1.96,,1.03,,,,,,,,,
SH-Q4582,brandegeei,QUBR_2022_0805,TCB-06269,04-2024,2/13/2025,D. Barry,silica,FastPrep - 2x 30sec @ 6.0m/s,Scissors,EZNA,Consolidated,0.035,,,,377.7,,,,1.98,,0.57,,,,,,,,,
SH-Q4583,brandegeei,QUBR_2022_0807,TCB-06271,04-2024,2/13/2025,D. Barry,silica,FastPrep - 2x 30sec @ 6.0m/s,Scissors,EZNA,Consolidated,0.024,,,,418.1,,,,1.95,,0.60,,,,,,,,,
SH-Q4584,brandegeei,QUBR_2022_0809,TCB-06272,04-2024,2/13/2025,D. Barry,silica,FastPrep - 2x 30sec @ 6.0m/s,Scissors,EZNA,Consolidated,0.028,,,,445.8,,,,2.07,,1.23,,,,,,,,,
SH-Q4585,brandegeei,QUBR_2022_0811,TCB-06273,04-2024,2/13/2025,D. Barry,silica,FastPrep - 2x 30sec @ 6.0m/s,Scissors,EZNA,Consolidated,0.034,,,,178.5,,,,1.84,,0.46,,,,,,,,,
SH-Q4586,brandegeei,QUBR_2022_0814,TCB-06275,04-2024,2/13/2025,D. Barry,silica,FastPrep - 2x 30sec @ 6.0m/s,Scissors,EZNA,Consolidated,0.035,,,,23.7,,,,1.33,,0.09,,,,,,,,,
SH-Q4587,brandegeei,QUBR_2022_0816,TCB-06277,04-2024,2/13/2025,D. Barry,silica,FastPrep - 2x 30sec @ 6.0m/s,Scissors,EZNA,Consolidated,0.033,,,,475.9,,,,2.06,,1.54,,,,,,,,,
SH-Q4588,brandegeei,QUBR_2022_0818,TCB-06279,04-2024,2/17/2025,D. Barry,silica,FastPrep - 2x 30sec @ 6.0m/s,Scissors,EZNA,Consolidated,0.040,,,,172.4,,,,1.88,,0.72,,,,,,,,,
SH-Q4589,brandegeei,QUBR_2022_0822,TCB-06282,04-2024,2/17/2025,D. Barry,silica,FastPrep - 2x 30sec @ 6.0m/s,Scissors,EZNA,Consolidated,0.024,,,,272.2,,,,2.03,,1.54,,,,,,,,,
SH-Q4590,brandegeei,QUBR_2022_0825,TCB-06285,04-2024,2/17/2025,D. Barry,silica,FastPrep - 2x 30sec @ 6.0m/s,Scissors,EZNA,Consolidated,0.032,,,,277.1,,,,1.97,,1.62,,,,,,,,,
SH-Q4591,brandegeei,QUBR_2022_0827,TCB-06287,04-2024,2/17/2025,D. Barry,silica,FastPrep - 2x 30sec @ 6.0m/s,Scissors,EZNA,Consolidated,0.032,,,,284.3,,,,2.01,,1.86,,,,,,,,,
SH-Q4592,brandegeei,QUBR_2022_0828,TCB-06288,04-2024,2/17/2025,D. Barry,silica,FastPrep - 2x 30sec @ 6.0m/s,Scissors,EZNA,Consolidated,0.038,,,,137.1,,,,1.71,,0.28,,,,,,,,,
SH-Q4593,brandegeei,QUBR_2022_0829,TCB-06289,04-2024,2/17/2025,D. Barry,silica,FastPrep - 2x 30sec @ 6.0m/s,Scissors,EZNA,Consolidated,0.029,,,,282.1,,,,1.51,,1.10,,,,,,,,,Protein contamination error recorded on NanoDrop
SH-Q4594,brandegeei,QUBR_2022_0838,TCB-06293,04-2024,2/17/2025,D. Barry,silica,FastPrep - 2x 30sec @ 6.0m/s,Scissors,EZNA,Consolidated,0.034,,,,218.5,,,,1.94,,1.35,,,,,,,,,
SH-Q4595,brandegeei,QUBR_2022_0840,TCB-06295,04-2024,2/17/2025,D. Barry,silica,FastPrep - 2x 30sec @ 6.0m/s,Scissors,EZNA,Consolidated,0.033,,,,142.9,,,,1.93,,0.62,,,,,,,,,
SH-Q4596,brandegeei,QUBR_2022_0842,TCB-06297,04-2024,2/17/2025,D. Barry,silica,FastPrep - 2x 30sec @ 6.0m/s,Scissors,EZNA,Consolidated,0.030,,,,416.1,,,,2.00,,1.52,,,,,,,,,
SH-Q4597,brandegeei,QUBR_2022_0844,TCB-06299,04-2024,2/17/2025,D. Barry,silica,FastPrep - 2x 30sec @ 6.0m/s,Scissors,EZNA,Consolidated,0.022,,,,182.9,,,,1.86,,0.41,,,,,,,,,
SH-Q4598,brandegeei,QUBR_2022_0847,TCB-06302,04-2024,2/17/2025,D. Barry,silica,FastPrep - 2x 30sec @ 6.0m/s,Scissors,EZNA,Consolidated,0.035,,,,78.6,,,,1.92,,0.74,,,,,,,,,
SH-Q4599,brandegeei,QUBR_2022_0848,TCB-06303,04-2024,2/17/2025,D. Barry,silica,FastPrep - 2x 30sec @ 6.0m/s,Scissors,EZNA,Consolidated,0.034,,,,211.2,,,,1.97,,1.17,,,,,,,,,
SH-Q4600,brandegeei,QUBR_2022_0850,TCB-06305,04-2024,2/17/2025,D. Barry,silica,FastPrep - 2x 30sec @ 6.0m/s,Scissors,EZNA,Consolidated,0.034,,,,129.5,,,,1.91,,0.81,,,,,,,,,
SH-Q4601,brandegeei,QUBR_2022_0852,TCB-06307,04-2024,2/17/2025,D. Barry,silica,FastPrep - 2x 30sec @ 6.0m/s,Scissors,EZNA,Consolidated,0.035,,,,389.1,,,,2.05,,0.81,,,,,,,,,
SH-Q4602,brandegeei,QUBR_2022_0854,TCB-06308,04-2024,2/17/2025,D. Barry,silica,FastPrep - 2x 30sec @ 6.0m/s,Scissors,EZNA,Consolidated,0.029,,,,157.5,,,,1.88,,0.37,,,,,,,,,
SH-Q4603,brandegeei,QUBR_2022_0856,TCB-06310,04-2024,2/17/2025,D. Barry,silica,FastPrep - 2x 30sec @ 6.0m/s,Scissors,EZNA,Consolidated,0.037,,,,197.4,,,,1.97,,1.04,,,,,,,,,
SH-Q4604,brandegeei,QUBR_2022_0857,TCB-06311,04-2024,2/17/2025,D. Barry,silica,FastPrep - 2x 30sec @ 6.0m/s,Scissors,EZNA,Consolidated,0.025,,,,147.6,,,,1.91,,1.37,,,,,,,,,
SH-Q4605,brandegeei,QUBR_2022_0859,TCB-06313,04-2024,2/17/2025,D. Barry,silica,FastPrep - 2x 30sec @ 6.0m/s,Scissors,EZNA,Consolidated,0.027,,,,153.7,,,,2.00,,1.19,,,,,,,,,
SH-Q4606,brandegeei,QUBR_2022_0861,TCB-06315,04-2024,2/17/2025,D. Barry,silica,FastPrep - 2x 30sec @ 6.0m/s,Scissors,EZNA,Consolidated,0.032,,,,118.0,,,,1.88,,0.66,,,,,,,,,
SH-Q4607,brandegeei,QUBR_2022_0862,TCB-06316,04-2024,2/17/2025,D. Barry,silica,FastPrep - 2x 30sec @ 6.0m/s,Scissors,EZNA,Consolidated,0.022,,,,180.3,,,,1.77,,0.35,,,,,,,,,
SH-Q4608,brandegeei,QUBR_2022_0864,TCB-06318,04-2024,2/17/2025,D. Barry,silica,FastPrep - 2x 30sec @ 6.0m/s,Scissors,EZNA,Consolidated,0.031,,,,152.3,,,,1.97,,0.89,,,,,,,,,
SH-Q4609,brandegeei,QUBR_2022_0866,TCB-06320,04-2024,2/17/2025,D. Barry,silica,FastPrep - 2x 30sec @ 6.0m/s,Scissors,EZNA,Consolidated,0.024,,,,297.6,,,,2.04,,1.78,,,,,,,,,
SH-Q4610,brandegeei,QUBR_2022_0868,TCB-06321,04-2024,2/17/2025,D. Barry,silica,FastPrep - 2x 30sec @ 6.0m/s,Scissors,EZNA,Consolidated,0.027,,,,209.8,,,,2.02,,1.65,,,,,,,,,
SH-Q4611,brandegeei,QUBR_2022_1174,TCB-06323,04-2024,2/17/2025,D. Barry,silica,FastPrep - 2x 30sec @ 6.0m/s,Scissors,EZNA,Consolidated,0.030,,,,150.7,,,,1.89,,1.20,,,,,,,,,
SH-Q4612,brandegeei,QUBR_2022_1173,TCB-06324,04-2024,2/18/2025,D. Barry,silica,FastPrep - 2x 30sec @ 6.0m/s,Scissors,EZNA,Consolidated,0.037,,,,234.4,,,,2.01,,2.09,,,,,,,,,
SH-Q4613,brandegeei,QUBR_2022_1171,TCB-06325,04-2024,2/18/2025,D. Barry,silica,FastPrep - 2x 30sec @ 6.0m/s,Scissors,EZNA,Consolidated,0.032,,,,297.0,,,,1.96,,0.63,,,,,,,,,
SH-Q4614,brandegeei,QUBR_2022_0878,TCB-06328,04-2024,2/18/2025,D. Barry,silica,FastPrep - 2x 30sec @ 6.0m/s,Scissors,EZNA,Consolidated,0.036,,,,210.9,,,,1.96,,1.22,,,,,,,,,
SH-Q4615,brandegeei,QUBR_2022_0879,TCB-06330,04-2024,2/18/2025,D. Barry,silica,FastPrep - 2x 30sec @ 6.0m/s,Scissors,EZNA,Consolidated,0.026,,,,178.2,,,,2.00,,1.81,,,,,,,,,
SH-Q4616,brandegeei,QUBR_2022_0883,TCB-06331,04-2024,2/18/2025,D. Barry,silica,FastPrep - 2x 30sec @ 6.0m/s,Scissors,EZNA,Consolidated,0.034,,,,272.1,,,,1.91,,0.47,,,,,,,,,
SH-Q4617,brandegeei,QUBR_2022_0898,TCB-06332,04-2024,2/18/2025,D. Barry,silica,FastPrep - 2x 30sec @ 6.0m/s,Scissors,EZNA,Consolidated,0.028,,,,138.2,,,,1.98,,1.32,,,,,,,,,
SH-Q4618,brandegeei,QUBR_2022_0880,TCB-06333,04-2024,2/18/2025,D. Barry,silica,FastPrep - 2x 30sec @ 6.0m/s,Scissors,EZNA,Consolidated,0.033,,,,290.1,,,,1.99,,0.53,,,,,,,,,
SH-Q4619,brandegeei,QUBR_2022_0885,TCB-06334,04-2024,2/18/2025,D. Barry,silica,FastPrep - 2x 30sec @ 6.0m/s,Scissors,EZNA,Consolidated,0.038,,,,320.8,,,,2.07,,1.65,,,,,,,,,
SH-Q4620,brandegeei,QUBR_2022_0871,TCB-06337,04-2024,2/18/2025,D. Barry,silica,FastPrep - 2x 30sec @ 6.0m/s,Scissors,EZNA,Consolidated,0.027,,,,597.8,,,,2.10,,2.02,,,,,,,,,
SH-Q4621,brandegeei,QUBR_2022_0874,TCB-06339,04-2024,2/18/2025,D. Barry,silica,FastPrep - 2x 30sec @ 6.0m/s,Scissors,EZNA,Consolidated,0.037,,,,214.4,,,,2.05,,2.21,,,,,,,,,
SH-Q4622,brandegeei,QUBR_2022_0876,TCB-06341,04-2024,2/18/2025,D. Barry,silica,FastPrep - 2x 30sec @ 6.0m/s,Scissors,EZNA,Consolidated,0.038,,,,221.5,,,,1.82,,0.38,,,,,,,,,
SH-Q4623,brandegeei,QUBR_2022_0884,TCB-06344,04-2024,2/18/2025,D. Barry,silica,FastPrep - 2x 30sec @ 6.0m/s,Scissors,EZNA,Consolidated,0.032,,,,206.6,,,,1.84,,0.33,,,,,,,,,
SH-Q4624,brandegeei,QUBR_2022_0886,TCB-06345,04-2024,2/18/2025,D. Barry,silica,FastPrep - 2x 30sec @ 6.0m/s,Scissors,EZNA,Consolidated,0.034,,,,158.8,,,,1.77,,0.30,,,,,,,,,
SH-Q4625,brandegeei,QUBR_2022_0887,TCB-06346,04-2024,2/18/2025,D. Barry,silica,FastPrep - 2x 30sec @ 6.0m/s,Scissors,EZNA,Consolidated,0.033,,,,143.5,,,,1.90,,1.36,,,,,,,,,
SH-Q4626,brandegeei,QUBR_2022_0872,TCB-06348,04-2024,2/18/2025,D. Barry,silica,FastPrep - 2x 30sec @ 6.0m/s,Scissors,EZNA,Consolidated,0.022,,,,188.6,,,,2.00,,1.40,,,,,,,,,
SH-Q4627,brandegeei,QUBR_2022_0888,TCB-06353,04-2024,2/18/2025,D. Barry,silica,FastPrep - 2x 30sec @ 6.0m/s,Scissors,EZNA,Consolidated,0.022,,,,160.6,,,,2.03,,1.31,,,,,,,,,
SH-Q4628,brandegeei,QUBR_2022_0891,TCB-06358,04-2024,2/18/2025,D. Barry,silica,FastPrep - 2x 30sec @ 6.0m/s,Scissors,EZNA,Consolidated,0.040,,,,217.8,,,,1.94,,0.76,,,,,,,,,
SH-Q4629,brandegeei,QUBR_2022_1156,TCB-06360,04-2024,2/18/2025,D. Barry,silica,FastPrep - 2x 30sec @ 6.0m/s,Scissors,EZNA,Consolidated,0.040,,,,126.7,,,,2.00,,1.62,,,,,,,,,
SH-Q4630,brandegeei,QUBR_2022_0893,TCB-06361,04-2024,2/18/2025,D. Barry,silica,FastPrep - 2x 30sec @ 6.0m/s,Scissors,EZNA,Consolidated,0.028,,,,271.9,,,,1.99,,1.11,,,,,,,,,
SH-Q4631,brandegeei,QUBR_2022_0895,TCB-06363,04-2024,2/18/2025,D. Barry,silica,FastPrep - 2x 30sec @ 6.0m/s,Scissors,EZNA,Consolidated,0.031,,,,165.7,,,,1.98,,1.31,,,,,,,,,
SH-Q4632,brandegeei,QUBR_2022_1158,TCB-06367,04-2024,2/18/2025,D. Barry,silica,FastPrep - 2x 30sec @ 6.0m/s,Scissors,EZNA,Consolidated,0.028,,,,91.4,,,,1.84,,0.79,,,,,,,,,
SH-Q4633,brandegeei,QUBR_2022_1161,TCB-06369,04-2024,2/18/2025,D. Barry,silica,FastPrep - 2x 30sec @ 6.0m/s,Scissors,EZNA,Consolidated,0.033,,,,145.0,,,,1.93,,1.27,,,,,,,,,
SH-Q4634,brandegeei,QUBR_2022_1163,TCB-06370,04-2024,2/18/2025,D. Barry,silica,FastPrep - 2x 30sec @ 6.0m/s,Scissors,EZNA,Consolidated,0.030,,,,154.3,,,,1.93,,0.50,,,,,,,,,
SH-Q4635,brandegeei,QUBR_2022_1164,TCB-06371,04-2024,2/18/2025,D. Barry,silica,FastPrep - 2x 30sec @ 6.0m/s,Scissors,EZNA,Consolidated,0.027,,,,209.2,,,,2.02,,1.59,,,,,,,,,
SH-Q4636,brandegeei,QUBR_2022_1166,TCB-06372,04-2024,2/20/2025,D. Barry,silica,FastPrep - 2x 30sec @ 6.0m/s,Scissors,EZNA,Consolidated,0.023,,,,192.2,,,,2.00,,1.85,,,,,,,,,
SH-Q4637,brandegeei,QUBR_2022_1167,TCB-06374,04-2024,2/20/2025,D. Barry,silica,FastPrep - 2x 30sec @ 6.0m/s,Scissors,EZNA,Consolidated,0.026,,,,90.8,,,,1.74,,0.48,,,,,,,,,
SH-Q4638,brandegeei,QUBR_2022_1168,TCB-06375,04-2024,2/20/2025,D. Barry,silica,FastPrep - 2x 30sec @ 6.0m/s,Scissors,EZNA,Consolidated,0.029,,,,191.4,,,,1.96,,0.71,,,,,,,,,
SH-Q4639,brandegeei,QUBR_2022_1169,TCB-06376,04-2024,2/20/2025,D. Barry,silica,FastPrep - 2x 30sec @ 6.0m/s,Scissors,EZNA,Consolidated,0.029,,,,108.9,,,,1.99,,1.36,,,,,,,,,
SH-Q4640,brandegeei,QUBR_2022_1176,TCB-06379,04-2024,2/20/2025,D. Barry,silica,FastPrep - 2x 30sec @ 6.0m/s,Scissors,EZNA,Consolidated,0.031,,,,188.3,,,,1.98,,1.06,,,,,,,,,
SH-Q4641,brandegeei,QUBR_2022_1177,TCB-06380,04-2024,2/20/2025,D. Barry,silica,FastPrep - 2x 30sec @ 6.0m/s,Scissors,EZNA,Consolidated,0.023,,,,89.6,,,,1.85,,0.91,,,,,,,,,
SH-Q4642,brandegeei,QUBR_2022_1179,TCB-06382,04-2024,2/20/2025,D. Barry,silica,FastPrep - 2x 30sec @ 6.0m/s,Scissors,EZNA,Consolidated,0.039,,,,299.3,,,,1.77,,0.35,,,,,,,,,
SH-Q4643,brandegeei,QUBR_2022_1181,TCB-06384,04-2024,2/20/2025,D. Barry,silica,FastPrep - 2x 30sec @ 6.0m/s,Scissors,EZNA,Consolidated,0.036,,,,308.5,,,,2.04,,1.89,,,,,,,,,
SH-Q4644,brandegeei,QUBR_2022_1184,TCB-06386,04-2024,2/20/2025,D. Barry,silica,FastPrep - 2x 30sec @ 6.0m/s,Scissors,EZNA,Consolidated,0.035,,,,382.5,,,,2.06,,2.12,,,,,,,,,
SH-Q4645,brandegeei,QUBR_2022_1185,TCB-06387,04-2024,2/20/2025,D. Barry,silica,FastPrep - 2x 30sec @ 6.0m/s,Scissors,EZNA,Consolidated,0.040,,,,125.9,,,,1.83,,1.11,,,,,,,,,
SH-Q4646,brandegeei,QUBR_2022_1186,TCB-06388,04-2024,2/20/2025,D. Barry,silica,FastPrep - 2x 30sec @ 6.0m/s,Scissors,EZNA,Consolidated,0.039,,,,196.2,,,,2.02,,1.48,,,,,,,,,
SH-Q4647,brandegeei,QUBR_2022_1189,TCB-06391,04-2024,2/20/2025,D. Barry,silica,FastPrep - 2x 30sec @ 6.0m/s,Scissors,EZNA,Consolidated,0.034,,,,341.7,,,,2.03,,1.13,,,,,,,,,
SH-Q4648,brandegeei,QUBR_2022_1190,TCB-06392,04-2024,2/20/2025,D. Barry,silica,FastPrep - 2x 30sec @ 6.0m/s,Scissors,EZNA,Consolidated,0.035,,,,184.8,,,,1.54,,0.21,,,,,,,,,
SH-Q4649,brandegeei,QUBR_2022_1194,TCB-06395,04-2024,2/20/2025,D. Barry,silica,FastPrep - 2x 30sec @ 6.0m/s,Scissors,EZNA,Consolidated,0.023,,,,128.9,,,,1.93,,1.38,,,,,,,,,
SH-Q4650,brandegeei,QUBR_2022_1195,TCB-06396,04-2024,2/20/2025,D. Barry,silica,FastPrep - 2x 30sec @ 6.0m/s,Scissors,EZNA,Consolidated,0.029,,,,94.2,,,,1.51,,0.12,,,,,,,,,
SH-Q4651,brandegeei,QUBR_2022_1197,TCB-06398,04-2024,2/20/2025,D. Barry,silica,FastPrep - 2x 30sec @ 6.0m/s,Scissors,EZNA,Consolidated,0.036,,,,255.0,,,,2.03,,1.05,,,,,,,,,
SH-Q4652,brandegeei,QUBR_2022_1199,TCB-06400,04-2024,2/20/2025,D. Barry,silica,FastPrep - 2x 30sec @ 6.0m/s,Scissors,EZNA,Consolidated,0.040,,,,101.0,,,,1.92,,0.28,,,,,,,,,
SH-Q4653,brandegeei,QUBR_2022_1201,TCB-06402,04-2024,2/20/2025,D. Barry,silica,FastPrep - 2x 30sec @ 6.0m/s,Scissors,EZNA,Consolidated,0.037,,,,314.3,,,,1.94,,0.48,,,,,,,,,
SH-Q4654,brandegeei,QUBR_2022_1203,TCB-06403,04-2024,2/20/2025,D. Barry,silica,FastPrep - 2x 30sec @ 6.0m/s,Scissors,EZNA,Consolidated,0.037,,,,116.8,,,,1.84,,0.26,,,,,,,,,
SH-Q4655,brandegeei,QUBR_2022_1204,TCB-06404,04-2024,2/20/2025,D. Barry,silica,FastPrep - 2x 30sec @ 6.0m/s,Scissors,EZNA,Consolidated,0.037,,,,244.3,,,,2.01,,1.33,,,,,,,,,
SH-Q4656,brandegeei,QUBR_2022_1207,TCB-06406,04-2024,2/20/2025,D. Barry,silica,FastPrep - 2x 30sec @ 6.0m/s,Scissors,EZNA,Consolidated,0.036,,,,180.3,,,,1.95,,0.95,,,,,,,,,
SH-Q4657,brandegeei,QUBR_2022_1208,TCB-06407,04-2024,2/20/2025,D. Barry,silica,FastPrep - 2x 30sec @ 6.0m/s,Scissors,EZNA,Consolidated,0.020,,,,301.7,,,,2.01,,1.73,,,,,,,,,
SH-Q4658,brandegeei,QUBR_2022_1209,TCB-06408,04-2024,2/20/2025,D. Barry,silica,FastPrep - 2x 30sec @ 6.0m/s,Scissors,EZNA,Consolidated,0.025,,,,99.8,,,,1.92,,0.65,,,,,,,,,
SH-Q4659,brandegeei,QUBR_2022_1211,TCB-06410,04-2024,2/20/2025,D. Barry,silica,FastPrep - 2x 30sec @ 6.0m/s,Scissors,EZNA,Consolidated,0.038,,,,136.6,,,,1.98,,1.45,,,,,,,,,
SH-Q4660,brandegeei,QUBR_2022_1214,TCB-06413,04-2024,2/24/2025,D. Barry,silica,FastPrep - 2x 30sec @ 6.0m/s,Scissors,EZNA,Consolidated,0.037,,,,276.0,,,,1.87,,0.42,,,,,,,,,
SH-Q4661,brandegeei,QUBR_2022_1215,TCB-06414,04-2024,2/24/2025,D. Barry,silica,FastPrep - 2x 30sec @ 6.0m/s,Scissors,EZNA,Consolidated,0.022,,,,184.4,,,,1.95,,1.85,,,,,,,,,
SH-Q4662,brandegeei,QUBR_2022_1216,TCB-06415,04-2024,2/24/2025,D. Barry,silica,FastPrep - 2x 30sec @ 6.0m/s,Scissors,EZNA,Consolidated,0.037,,,,128.5,,,,1.92,,1.38,,,,,,,,,
SH-Q4663,brandegeei,QUBR_2022_1217,TCB-06416,04-2024,2/24/2025,D. Barry,silica,FastPrep - 2x 30sec @ 6.0m/s,Scissors,EZNA,Consolidated,0.025,,,,171.1,,,,1.87,,1.33,,,,,,,,,
SH-Q4664,brandegeei,QUBR_2022_1219,TCB-06418,04-2024,2/24/2025,D. Barry,silica,FastPrep - 2x 30sec @ 6.0m/s,Scissors,EZNA,Consolidated,0.036,,,,192.1,,,,2.01,,1.94,,,,,,,,,
SH-Q4665,brandegeei,QUBR_2022_1222,TCB-06421,04-2024,2/24/2025,D. Barry,silica,FastPrep - 2x 30sec @ 6.0m/s,Scissors,EZNA,Consolidated,0.030,,,,117.6,,,,1.96,,1.05,,,,,,,,,
SH-Q4666,brandegeei,QUBR_2022_1223,TCB-06422,04-2024,2/24/2025,D. Barry,silica,FastPrep - 2x 30sec @ 6.0m/s,Scissors,EZNA,Consolidated,0.036,,,,101.0,,,,1.88,,0.26,,,,,,,,,
SH-Q4667,brandegeei,QUBR_2022_1225,TCB-06423,04-2024,2/24/2025,D. Barry,silica,FastPrep - 2x 30sec @ 6.0m/s,Scissors,EZNA,Consolidated,0.034,,,,304.7,,,,1.99,,0.93,,,,,,,,,
SH-Q4668,brandegeei,QUBR_2022_1226,TCB-06424,04-2024,2/24/2025,D. Barry,silica,FastPrep - 2x 30sec @ 6.0m/s,Scissors,EZNA,Consolidated,0.031,,,,321.8,,,,2.04,,1.68,,,,,,,,,
SH-Q4669,brandegeei,QUBR_2022_1227,TCB-06425,04-2024,2/24/2025,D. Barry,silica,FastPrep - 2x 30sec @ 6.0m/s,Scissors,EZNA,Consolidated,0.035,,,,279.0,,,,2.03,,1.52,,,,,,,,,
SH-Q4670,brandegeei,QUBR_2022_1231,TCB-06428,04-2024,2/24/2025,D. Barry,silica,FastPrep - 2x 30sec @ 6.0m/s,Scissors,EZNA,Consolidated,0.033,,,,251.4,,,,2.01,,1.68,,,,,,,,,
SH-Q4671,brandegeei,QUBR_2022_1224,TCB-06429,04-2024,2/24/2025,D. Barry,silica,FastPrep - 2x 30sec @ 6.0m/s,Scissors,EZNA,Consolidated,0.040,,,,314.9,,,,2.04,,1.67,,,,,,,,,
SH-Q4672,brandegeei,QUBR_2022_1232,TCB-06431,04-2024,2/24/2025,D. Barry,silica,FastPrep - 2x 30sec @ 6.0m/s,Scissors,EZNA,Consolidated,0.040,,,,283.8,,,,1.99,,1.80,,,,,,,,,
SH-Q4673,brandegeei,QUBR_2022_1233,TCB-06432,04-2024,2/24/2025,D. Barry,silica,FastPrep - 2x 30sec @ 6.0m/s,Scissors,EZNA,Consolidated,0.024,,,,170.8,,,,1.93,,1.24,,,,,,,,,
SH-Q4674,brandegeei,QUBR_2022_1235,TCB-06434,04-2024,2/24/2025,D. Barry,silica,FastPrep - 2x 30sec @ 6.0m/s,Scissors,EZNA,Consolidated,0.023,,,,157.5,,,,1.96,,1.33,,,,,,,,,
SH-Q4675,brandegeei,QUBR_2022_1238,TCB-06437,04-2024,2/24/2025,D. Barry,silica,FastPrep - 2x 30sec @ 6.0m/s,Scissors,EZNA,Consolidated,0.022,,,,170.0,,,,1.95,,1.17,,,,,,,,,
SH-Q4676,brandegeei,QUBR_2022_1239,TCB-06438,04-2024,2/24/2025,D. Barry,silica,FastPrep - 2x 30sec @ 6.0m/s,Scissors,EZNA,Consolidated,0.026,,,,212.3,,,,1.98,,0.81,,,,,,,,,
SH-Q4677,brandegeei,QUBR_2022_1240,TCB-06439,04-2024,2/24/2025,D. Barry,silica,FastPrep - 2x 30sec @ 6.0m/s,Scissors,EZNA,Consolidated,0.036,,,,157.0,,,,1.97,,1.13,,,,,,,,,
SH-Q4678,brandegeei,QUBR_2022_1242,TCB-06441,04-2024,2/24/2025,D. Barry,silica,FastPrep - 2x 30sec @ 6.0m/s,Scissors,EZNA,Consolidated,0.024,,,,279.8,,,,2.03,,1.98,,,,,,,,,
SH-Q4679,brandegeei,QUBR_2022_1243,TCB-06442,04-2024,2/24/2025,D. Barry,silica,FastPrep - 2x 30sec @ 6.0m/s,Scissors,EZNA,Consolidated,0.025,,,,101.7,,,,1.87,,0.78,,,,,,,,,
SH-Q4680,brandegeei,QUBR_2022_1244,TCB-06443,04-2024,2/24/2025,D. Barry,silica,FastPrep - 2x 30sec @ 6.0m/s,Scissors,EZNA,Consolidated,0.022,,,,256.9,,,,2.02,,0.88,,,,,,,,,
SH-Q4681,brandegeei,QUBR_2022_1245,TCB-06444,04-2024,2/24/2025,D. Barry,silica,FastPrep - 2x 30sec @ 6.0m/s,Scissors,EZNA,Consolidated,0.021,,,,158.1,,,,1.95,,1.00,,,,,,,,,
SH-Q4682,brandegeei,QUBR_2022_1246,TCB-06445,04-2024,2/24/2025,D. Barry,silica,FastPrep - 2x 30sec @ 6.0m/s,Scissors,EZNA,Consolidated,0.033,,,,404.1,,,,2.08,,1.61,,,,,,,,,
SH-Q4683,brandegeei,QUBR_2022_1248,TCB-06446,04-2024,2/24/2025,D. Barry,silica,FastPrep - 2x 30sec @ 6.0m/s,Scissors,EZNA,Consolidated,0.024,,,,244.9,,,,1.99,,1.77,,,,,,,,,
SH-Q4684,brandegeei,QUBR_EC_0001,TCB-06716,11-2024,2/11/2025,D. Barry,silica,FastPrep - 2x 30sec @ 6.0m/s,Scissors,EZNA,Consolidated,0.037,,,,159.0,,,,1.92,,1.13,,,,,,,,,Used up for primer + MP testing 
SH-Q4685,brandegeei,QUBR_EC_0104,TCB-06819,11-2024,2/11/2025,D. Barry,silica,FastPrep - 2x 30sec @ 6.0m/s,Scissors,EZNA,Consolidated,0.039,,,,205.1,,,,1.80,,0.42,,,,,,,,,Used up for primer + MP testing 
SH-Q4686,brandegeei,QUBR_SDo_0001,TCB-06587,11-2024,2/11/2025,D. Barry,silica,FastPrep - 2x 30sec @ 6.0m/s,Scissors,EZNA,Consolidated,0.040,,,,170.3,,,,1.70,,0.30,,,,,,,,,Used up for primer + MP testing 
SH-Q4687,brandegeei,QUBR_SDo_0007,TCB-06593,11-2024,2/11/2025,D. Barry,silica,FastPrep - 2x 30sec @ 6.0m/s,Scissors,EZNA,Consolidated,0.036,,,,68.0,,,,1.47,,0.13,,,,,,,,,Used up for primer + MP testing 
SH-Q4688,brandegeei,QUBR_LB_0001,TCB-06610,11-2024,2/11/2025,D. Barry,silica,FastPrep - 2x 30sec @ 6.0m/s,Scissors,EZNA,Consolidated,0.039,,,,110.0,,,,1.79,,0.61,,,,,,,,,Used up for primer + MP testing 
SH-Q4689,brandegeei,QUBR_LB_0076,TCB-06696,11-2024,2/11/2025,D. Barry,silica,FastPrep - 2x 30sec @ 6.0m/s,Scissors,EZNA,Consolidated,0.039,,,,175.8,,,,1.91,,0.89,,,,,,,,,Used up for primer + MP testing 
SH-Q4690,brandegeei,QUBR_2022_0545,TCB-05863,04-2024,2/11/2025,D. Barry,silica,FastPrep - 2x 30sec @ 6.0m/s,Scissors,EZNA,Consolidated,0.030,,,,212.8,,,,1.95,,1.43,,,,,,,,,
SH-Q4691,brandegeei,QUBR_2022_1266,TCB-06463,04-2024,2/11/2025,D. Barry,silica,FastPrep - 2x 30sec @ 6.0m/s,Scissors,EZNA,Consolidated,0.039,,,,397.4,,,,2.03,,1.80,,,,,,,,,
SH-Q4692,brandegeei,QUBR_2022_0550,TCB-05866,04-2024,2/11/2025,D. Barry,silica,FastPrep - 2x 30sec @ 6.0m/s,Scissors,EZNA,Consolidated,0.027,,,,136.9,,,,1.94,,1.08,,,,,,,,,
SH-Q4693,brandegeei,QUBR_2022_0554,TCB-05887,04-2024,2/11/2025,D. Barry,silica,FastPrep - 2x 30sec @ 6.0m/s,Scissors,EZNA,Consolidated,0.026,,,,373.9,,,,2.04,,1.86,,,,,,,,,
SH-Q4694,brandegeei,QUBR_2022_0576,TCB-05888,04-2024,2/11/2025,D. Barry,silica,FastPrep - 2x 30sec @ 6.0m/s,Scissors,EZNA,Consolidated,0.028,,,,293.6,,,,2.02,,1.06,,,,,,,,,
SH-Q4695,brandegeei,QUBR_2022_0591,TCB-05890,04-2024,2/11/2025,D. Barry,silica,FastPrep - 2x 30sec @ 6.0m/s,Scissors,EZNA,Consolidated,0.037,,,,138.7,,,,1/95,,0.38,,,,,,,,,
SH-Q4696,brandegeei,QUBR_2022_0594,TCB-05892,04-2024,2/11/2025,D. Barry,silica,FastPrep - 2x 30sec @ 6.0m/s,Scissors,EZNA,Consolidated,0.032,,,,373.4,,,,2.01,,1.83,,,,,,,,,
SH-Q4697,brandegeei,QUBR_2022_1251,TCB-06449,04-2024,2/11/2025,D. Barry,silica,FastPrep - 2x 30sec @ 6.0m/s,Scissors,EZNA,Consolidated,0.033,,,,381.0,,,,2.03,,1.78,,,,,,,,,
SH-Q4698,brandegeei,QUBR_2022_1252,TCB-06450,04-2024,2/11/2025,D. Barry,silica,FastPrep - 2x 30sec @ 6.0m/s,Scissors,EZNA,Consolidated,0.036,,,,241.4,,,,1.98,,0.68,,,,,,,,,
SH-Q4699,brandegeei,QUBR_2022_1253A,TCB-06451,04-2024,2/11/2025,D. Barry,silica,FastPrep - 2x 30sec @ 6.0m/s,Scissors,EZNA,Consolidated,0.035,,,,470.1,,,,2.06,,0.98,,,,,,,,,
SH-Q4700,brandegeei,QUBR_2022_1253B,TCB-06453,04-2024,2/11/2025,D. Barry,silica,FastPrep - 2x 30sec @ 6.0m/s,Scissors,EZNA,Consolidated,0.038,,,,187.9,,,,1.96,,0.78,,,,,,,,,
SH-Q4701,brandegeei,QUBR_2022_1256,TCB-06454,04-2024,2/11/2025,D. Barry,silica,FastPrep - 2x 30sec @ 6.0m/s,Scissors,EZNA,Consolidated,0.039,,,,328.5,,,,2.01,,0.86,,,,,,,,,
SH-Q4702,brandegeei,QUBR_2022_1257,TCB-06455,04-2024,2/11/2025,D. Barry,silica,FastPrep - 2x 30sec @ 6.0m/s,Scissors,EZNA,Consolidated,0.037,,,,294.5,,,,1.04,,1.41,,,,,,,,,
SH-Q4703,brandegeei,QUBR_2022_1258,TCB-06456,04-2024,2/11/2025,D. Barry,silica,FastPrep - 2x 30sec @ 6.0m/s,Scissors,EZNA,Consolidated,0.034,,,,364.8,,,,2.03,,1.90,,,,,,,,,
SH-Q4704,brandegeei,QUBR_2022_1259,TCB-06457,04-2024,2/11/2025,D. Barry,silica,FastPrep - 2x 30sec @ 6.0m/s,Scissors,EZNA,Consolidated,0.025,,,,331.1,,,,2.04,,1.67,,,,,,,,,
SH-Q4705,brandegeei,QUBR_2022_1260,TCB-06458,04-2024,2/11/2025,D. Barry,silica,FastPrep - 2x 30sec @ 6.0m/s,Scissors,EZNA,Consolidated,0.027,,,,214.8,,,,1.89,,0.40,,,,,,,,,
SH-Q4706,brandegeei,QUBR_2022_1263,TCB-06461,04-2024,2/11/2025,D. Barry,silica,FastPrep - 2x 30sec @ 6.0m/s,Scissors,EZNA,Consolidated,0.036,,,,585.0,,,,2.11,,1.58,,,,,,,,,
SH-Q4707,brandegeei,QUBR_2022_1264,TCB-06462,04-2024,2/11/2025,D. Barry,silica,FastPrep - 2x 30sec @ 6.0m/s,Scissors,EZNA,Consolidated,0.032,,,,304.4,,,,2.03,,1.42,,,,,,,,,
SH-Q4708,brandegeei,QUBR_SDo_0006,TCB-06592,11-2024,2/25/2025,D. Barry,silica,FastPrep - 2x 30sec @ 6.0m/s,Scissors,EZNA,Consolidated,0.038,,,,371.7,,,,2.03,,2.04,,,,,,,,,
SH-Q4709,brandegeei,QUBR_SDo_0008,TCB-06594,11-2024,2/25/2025,D. Barry,silica,FastPrep - 2x 30sec @ 6.0m/s,Scissors,EZNA,Consolidated,0.034,,,,155.5,,,,1.70,,0.85,,,,,,,,,
SH-Q4710,brandegeei,QUBR_SDo_0009,TCB-06595,11-2024,2/25/2025,D. Barry,silica,FastPrep - 2x 30sec @ 6.0m/s,Scissors,EZNA,Consolidated,0.037,,,,132.3,,,,1.79,,0.43,,,,,,,,,
SH-Q4711,brandegeei,QUBR_SDo_0010,TCB-06596,11-2024,2/25/2025,D. Barry,silica,FastPrep - 2x 30sec @ 6.0m/s,Scissors,EZNA,Consolidated,0.040,,,,137.9,,,,1.86,,1.46,,,,,,,,,
SH-Q4712,brandegeei,QUBR_SDo_0011,TCB-06597,11-2024,2/25/2025,D. Barry,silica,FastPrep - 2x 30sec @ 6.0m/s,Scissors,EZNA,Consolidated,0.037,,,,109.0,,,,1.84,,0.75,,,,,,,,,
SH-Q4713,brandegeei,QUBR_SDo_0012,TCB-06598,11-2024,2/25/2025,D. Barry,silica,FastPrep - 2x 30sec @ 6.0m/s,Scissors,EZNA,Consolidated,0.038,,,,97.6,,,,1.51,,0.16,,,,,,,,,
SH-Q4714,brandegeei,QUBR_SDo_0013,TCB-06599,11-2024,2/25/2025,D. Barry,silica,FastPrep - 2x 30sec @ 6.0m/s,Scissors,EZNA,Consolidated,0.039,,,,147.7,,,,1.93,,0.96,,,,,,,,,
SH-Q4715,brandegeei,QUBR_SDo_0014,TCB-06600,11-2024,2/25/2025,D. Barry,silica,FastPrep - 2x 30sec @ 6.0m/s,Scissors,EZNA,Consolidated,0.039,,,,78.6,,,,1.80,,0.37,,,,,,,,,
SH-Q4716,brandegeei,QUBR_SDo_0015,TCB-06601,11-2024,2/25/2025,D. Barry,silica,FastPrep - 2x 30sec @ 6.0m/s,Scissors,EZNA,Consolidated,0.039,,,,52.6,,,,1.47,,0.14,,,,,,,,,
SH-Q4717,brandegeei,QUBR_SDo_0016,TCB-06602,11-2024,2/25/2025,D. Barry,silica,FastPrep - 2x 30sec @ 6.0m/s,Scissors,EZNA,Consolidated,0.037,,,,90.8,,,,1.88,,0.59,,,,,,,,,
SH-Q4718,brandegeei,QUBR_LB_0020,TCB-06641,11-2024,2/25/2025,D. Barry,silica,FastPrep - 2x 30sec @ 6.0m/s,Scissors,EZNA,Consolidated,0.040,,,,251.8,,,,1.96,,1.06,,,,,,,,,
SH-Q4719,brandegeei,QUBR_LB_0021,TCB-06642,11-2024,2/25/2025,D. Barry,silica,FastPrep - 2x 30sec @ 6.0m/s,Scissors,EZNA,Consolidated,0.040,,,,144.4,,,,1.79,,0.38,,,,,,,,,
SH-Q4720,brandegeei,QUBR_LB_0022,TCB-06643,11-2024,2/25/2025,D. Barry,silica,FastPrep - 2x 30sec @ 6.0m/s,Scissors,EZNA,Consolidated,0.040,,,,120.1,,,,1.83,,0.91,,,,,,,,,
SH-Q4721,brandegeei,QUBR_LB_0023,TCB-06644,11-2024,2/25/2025,D. Barry,silica,FastPrep - 2x 30sec @ 6.0m/s,Scissors,EZNA,Consolidated,0.039,,,,159.6,,,,1.94,,1.06,,,,,,,,,
SH-Q4722,brandegeei,QUBR_LB_0024,TCB-06645,11-2024,2/25/2025,D. Barry,silica,FastPrep - 2x 30sec @ 6.0m/s,Scissors,EZNA,Consolidated,0.035,,,,252.8,,,,1.96,,0.83,,,,,,,,,
SH-Q4723,brandegeei,QUBR_LB_0025,TCB-06646,11-2024,2/25/2025,D. Barry,silica,FastPrep - 2x 30sec @ 6.0m/s,Scissors,EZNA,Consolidated,0.039,,,,263.8,,,,1.84,,0.54,,,,,,,,,
SH-Q4724,brandegeei,QUBR_LB_0026,TCB-06647,11-2024,2/27/2025,D. Barry,silica,FastPrep - 2x 30sec @ 6.0m/s,Scissors,EZNA,Consolidated,0.035,,,,91.9,,,,1.76,,0.74,,,,,,,,,Protein contamination error recorded on NanoDrop
SH-Q4725,brandegeei,QUBR_LB_0027,TCB-06648,11-2024,2/27/2025,D. Barry,silica,FastPrep - 2x 30sec @ 6.0m/s,Scissors,EZNA,Consolidated,0.039,,,,193.4,,,,1.86,,1.79,,,,,,,,,
SH-Q4726,brandegeei,QUBR_LB_0028,TCB-06649,11-2024,2/27/2025,D. Barry,silica,FastPrep - 2x 30sec @ 6.0m/s,Scissors,EZNA,Consolidated,0.031,,,,129.6,,,,1.68,,0.28,,,,,,,,,
SH-Q4727,brandegeei,QUBR_LB_0029,TCB-06650,11-2024,2/27/2025,D. Barry,silica,FastPrep - 2x 30sec @ 6.0m/s,Scissors,EZNA,Consolidated,0.038,,,,126.4,,,,1.89,,1.49,,,,,,,,,
SH-Q4728,brandegeei,QUBR_LB_0030,TCB-06651,11-2024,2/27/2025,D. Barry,silica,FastPrep - 2x 30sec @ 6.0m/s,Scissors,EZNA,Consolidated,0.038,,,,180.0,,,,1.99,,1.41,,,,,,,,,
SH-Q4729,brandegeei,QUBR_LB_0031,TCB-06652,11-2024,2/27/2025,D. Barry,silica,FastPrep - 2x 30sec @ 6.0m/s,Scissors,EZNA,Consolidated,0.038,,,,104.3,,,,1.88,,0.70,,,,,,,,,
SH-Q4730,brandegeei,QUBR_LB_0002,TCB-06623,11-2024,2/27/2025,D. Barry,silica,FastPrep - 2x 30sec @ 6.0m/s,Scissors,EZNA,Consolidated,0.038,,,,97.6,,,,1.95,,0.59,,,,,,,,,
SH-Q4731,brandegeei,QUBR_LB_0003,TCB-06624,11-2024,2/27/2025,D. Barry,silica,FastPrep - 2x 30sec @ 6.0m/s,Scissors,EZNA,Consolidated,0.036,,,,158.0,,,,1.93,,1.90,,,,,,,,,
SH-Q4732,brandegeei,QUBR_LB_0004,TCB-06625,11-2024,2/27/2025,D. Barry,silica,FastPrep - 2x 30sec @ 6.0m/s,Scissors,EZNA,Consolidated,0.040,,,,131.2,,,,1.81,,0.79,,,,,,,,,
SH-Q4733,brandegeei,QUBR_LB_0005,TCB-06626,11-2024,2/27/2025,D. Barry,silica,FastPrep - 2x 30sec @ 6.0m/s,Scissors,EZNA,Consolidated,0.040,,,,137.2,,,,1.93,,2.00,,,,,,,,,
SH-Q4734,brandegeei,QUBR_LB_0006,TCB-06627,11-2024,2/27/2025,D. Barry,silica,FastPrep - 2x 30sec @ 6.0m/s,Scissors,EZNA,Consolidated,0.040,,,,230.0,,,,1.94,,0.75,,,,,,,,,
SH-Q4735,brandegeei,QUBR_LB_0007,TCB-06628,11-2024,2/27/2025,D. Barry,silica,FastPrep - 2x 30sec @ 6.0m/s,Scissors,EZNA,Consolidated,0.038,,,,77.1,,,,1.82,,0.79,,,,,,,,,
SH-Q4736,brandegeei,QUBR_LB_0008,TCB-06629,11-2024,2/27/2025,D. Barry,silica,FastPrep - 2x 30sec @ 6.0m/s,Scissors,EZNA,Consolidated,0.040,,,,139.6,,,,1.84,,1.10,,,,,,,,,
SH-Q4737,brandegeei,QUBR_LB_0009,TCB-06630,11-2024,2/27/2025,D. Barry,silica,FastPrep - 2x 30sec @ 6.0m/s,Scissors,EZNA,Consolidated,0.039,,,,159.5,,,,1.75,,0.28,,,,,,,,,
SH-Q4738,brandegeei,QUBR_LB_0010,TCB-06631,11-2024,2/27/2025,D. Barry,silica,FastPrep - 2x 30sec @ 6.0m/s,Scissors,EZNA,Consolidated,0.036,,,,83.7,,,,1.83,,0.45,,,,,,,,,
SH-Q4739,brandegeei,QUBR_LB_0011,TCB-06632,11-2024,2/27/2025,D. Barry,silica,FastPrep - 2x 30sec @ 6.0m/s,Scissors,EZNA,Consolidated,0.036,,,,77.7,,,,1.84,,1.38,,,,,,,,,
SH-Q4740,brandegeei,QUBR_LB_0012,TCB-06633,11-2024,2/27/2025,D. Barry,silica,FastPrep - 2x 30sec @ 6.0m/s,Scissors,EZNA,Consolidated,0.038,,,,141.0,,,,1.93,,1.03,,,,,,,,,
SH-Q4741,brandegeei,QUBR_LB_0013,TCB-06634,11-2024,2/27/2025,D. Barry,silica,FastPrep - 2x 30sec @ 6.0m/s,Scissors,EZNA,Consolidated,0.035,,,,162.0,,,,1.81,,0.36,,,,,,,,,
SH-Q4742,brandegeei,QUBR_LB_0014,TCB-06635,11-2024,2/27/2025,D. Barry,silica,FastPrep - 2x 30sec @ 6.0m/s,Scissors,EZNA,Consolidated,0.037,,,,92.1,,,,1.85,,0.79,,,,,,,,,
SH-Q4743,brandegeei,QUBR_LB_0015,TCB-06636,11-2024,2/27/2025,D. Barry,silica,FastPrep - 2x 30sec @ 6.0m/s,Scissors,EZNA,Consolidated,0.040,,,,120.3,,,,1.84,,1.20,,,,,,,,,
SH-Q4744,brandegeei,QUBR_LB_0016,TCB-06637,11-2024,2/27/2025,D. Barry,silica,FastPrep - 2x 30sec @ 6.0m/s,Scissors,EZNA,Consolidated,0.037,,,,175.0,,,,1.92,,0.96,,,,,,,,,
SH-Q4745,brandegeei,QUBR_LB_0017,TCB-06638,11-2024,2/27/2025,D. Barry,silica,FastPrep - 2x 30sec @ 6.0m/s,Scissors,EZNA,Consolidated,0.040,,,,117.8,,,,1.90,,1.99,,,,,,,,,
SH-Q4746,brandegeei,QUBR_LB_0018,TCB-06639,11-2024,2/27/2025,D. Barry,silica,FastPrep - 2x 30sec @ 6.0m/s,Scissors,EZNA,Consolidated,0.039,,,,147.6,,,,1.87,,1.96,,,,,,,,,
SH-Q4747,brandegeei,QUBR_LB_0019,TCB-06640,11-2024,2/27/2025,D. Barry,silica,FastPrep - 2x 30sec @ 6.0m/s,Scissors,EZNA,Consolidated,0.039,,,,289.4,,,,1.98,,1.06,,,,,,,,,
SH-Q4748,brandegeei,QUBR_LB_0032A,TCB-06653,11-2024,3/3/2025,D. Barry,silica,FastPrep - 2x 30sec @ 6.0m/s,Scissors,EZNA,Consolidated,0.039,,,,102.2,,,,1.57,,0.25,,,,,,,,,
SH-Q4749,brandegeei,QUBR_LB_0033,TCB-06654,11-2024,3/3/2025,D. Barry,silica,FastPrep - 2x 30sec @ 6.0m/s,Scissors,EZNA,Consolidated,0.034,,,,63.4,,,,1.77,,0.56,,,,,,,,,
SH-Q4750,brandegeei,QUBR_LB_0035,TCB-06655,11-2024,3/3/2025,D. Barry,silica,FastPrep - 2x 30sec @ 6.0m/s,Scissors,EZNA,Consolidated,0.037,,,,118.3,,,,1.82,,1.39,,,,,,,,,
SH-Q4751,brandegeei,QUBR_LB_0036,TCB-06656,11-2024,3/3/2025,D. Barry,silica,FastPrep - 2x 30sec @ 6.0m/s,Scissors,EZNA,Consolidated,0.037,,,,301.5,,,,1.96,,1.93,,,,,,,,,
SH-Q4752,brandegeei,QUBR_LB_0037,TCB-06657,11-2024,3/3/2025,D. Barry,silica,FastPrep - 2x 30sec @ 6.0m/s,Scissors,EZNA,Consolidated,0.038,,,,180.8,,,,1.90,,1.11,,,,,,,,,
SH-Q4753,brandegeei,QUBR_LB_0038,TCB-06658,11-2024,3/3/2025,D. Barry,silica,FastPrep - 2x 30sec @ 6.0m/s,Scissors,EZNA,Consolidated,0.036,,,,273.3,,,,1.98,,1.99,,,,,,,,,
SH-Q4754,brandegeei,QUBR_LB_0039,TCB-06659,11-2024,3/3/2025,D. Barry,silica,FastPrep - 2x 30sec @ 6.0m/s,Scissors,EZNA,Consolidated,0.039,,,,143.4,,,,1.62,,0.25,,,,,,,,,
SH-Q4755,brandegeei,QUBR_LB_0040,TCB-06660,11-2024,3/3/2025,D. Barry,silica,FastPrep - 2x 30sec @ 6.0m/s,Scissors,EZNA,Consolidated,0.039,,,,103.2,,,,1.83,,1.81,,,,,,,,,
SH-Q4756,brandegeei,QUBR_LB_0041,TCB-06661,11-2024,3/3/2025,D. Barry,silica,FastPrep - 2x 30sec @ 6.0m/s,Scissors,EZNA,Consolidated,0.038,,,,130.0,,,,1.86,,1.68,,,,,,,,,
SH-Q4757,brandegeei,QUBR_LB_0042,TCB-06662,11-2024,3/3/2025,D. Barry,silica,FastPrep - 2x 30sec @ 6.0m/s,Scissors,EZNA,Consolidated,0.038,,,,102.2,,,,1.83,,1.45,,,,,,,,,
SH-Q4758,brandegeei,QUBR_LB_0043,TCB-06663,11-2024,3/3/2025,D. Barry,silica,FastPrep - 2x 30sec @ 6.0m/s,Scissors,EZNA,Consolidated,0.038,,,,96.0,,,,1.84,,0.99,,,,,,,,,
SH-Q4759,brandegeei,QUBR_LB_0044,TCB-06664,11-2024,3/3/2025,D. Barry,silica,FastPrep - 2x 30sec @ 6.0m/s,Scissors,EZNA,Consolidated,0.039,,,,202.1,,,,1.89,,1.03,,,,,,,,,
SH-Q4760,brandegeei,QUBR_LB_0045,TCB-06665,11-2024,3/3/2025,D. Barry,silica,FastPrep - 2x 30sec @ 6.0m/s,Scissors,EZNA,Consolidated,0.037,,,,119.2,,,,1.89,,1.78,,,,,,,,,
SH-Q4761,brandegeei,QUBR_LB_0046,TCB-06666,11-2024,3/3/2025,D. Barry,silica,FastPrep - 2x 30sec @ 6.0m/s,Scissors,EZNA,Consolidated,0.038,,,,102.9,,,,1.87,,0.91,,,,,,,,,
SH-Q4762,brandegeei,QUBR_LB_0047,TCB-06667,11-2024,3/3/2025,D. Barry,silica,FastPrep - 2x 30sec @ 6.0m/s,Scissors,EZNA,Consolidated,0.040,,,,82.5,,,,1.81,,0.85,,,,,,,,,
SH-Q4763,brandegeei,QUBR_LB_0048,TCB-06668,11-2024,3/3/2025,D. Barry,silica,FastPrep - 2x 30sec @ 6.0m/s,Scissors,EZNA,Consolidated,0.037,,,,90.1,,,,1.86,,1.63,,,,,,,,,
SH-Q4764,brandegeei,QUBR_LB_0049,TCB-06669,11-2024,3/3/2025,D. Barry,silica,FastPrep - 2x 30sec @ 6.0m/s,Scissors,EZNA,Consolidated,0.036,,,,87.9,,,,1.83,,1.44,,,,,,,,,
SH-Q4765,brandegeei,QUBR_LB_0050,TCB-06670,11-2024,3/3/2025,D. Barry,silica,FastPrep - 2x 30sec @ 6.0m/s,Scissors,EZNA,Consolidated,0.036,,,,100.8,,,,1.84,,1.20,,,,,,,,,
SH-Q4766,brandegeei,QUBR_LB_0051,TCB-06671,11-2024,3/3/2025,D. Barry,silica,FastPrep - 2x 30sec @ 6.0m/s,Scissors,EZNA,Consolidated,0.035,,,,112.2,,,,1.88,,1.03,,,,,,,,,
SH-Q4767,brandegeei,QUBR_LB_0052,TCB-06672,11-2024,3/3/2025,D. Barry,silica,FastPrep - 2x 30sec @ 6.0m/s,Scissors,EZNA,Consolidated,0.039,,,,115.2,,,,1.87,,1.79,,,,,,,,,
SH-Q4768,brandegeei,QUBR_LB_0053,TCB-06673,11-2024,3/3/2025,D. Barry,silica,FastPrep - 2x 30sec @ 6.0m/s,Scissors,EZNA,Consolidated,0.040,,,,116.3,,,,1.86,,1.86,,,,,,,,,
SH-Q4769,brandegeei,QUBR_LB_0054,TCB-06674,11-2024,3/3/2025,D. Barry,silica,FastPrep - 2x 30sec @ 6.0m/s,Scissors,EZNA,Consolidated,0.039,,,,112.2,,,,1.90,,1.80,,,,,,,,,
SH-Q4770,brandegeei,QUBR_LB_0055,TCB-06675,11-2024,3/3/2025,D. Barry,silica,FastPrep - 2x 30sec @ 6.0m/s,Scissors,EZNA,Consolidated,0.037,,,,161.2,,,,1.93,,1.86,,,,,,,,,
SH-Q4771,brandegeei,QUBR_LB_0056,TCB-06676,11-2024,3/3/2025,D. Barry,silica,FastPrep - 2x 30sec @ 6.0m/s,Scissors,EZNA,Consolidated,0.038,,,,130.3,,,,1.89,,1.01,,,,,,,,,
SH-Q4772,brandegeei,QUBR_LB_0057,TCB-06677,11-2024,3/4/2025,D. Barry,silica,FastPrep - 2x 30sec @ 6.0m/s,Scissors,EZNA,Consolidated,0.039,,,,118.0,,,,1.77,,0.60,,,,,,,,,
SH-Q4773,brandegeei,QUBR_LB_0058,TCB-06678,11-2024,3/4/2025,D. Barry,silica,FastPrep - 2x 30sec @ 6.0m/s,Scissors,EZNA,Consolidated,0.040,,,,126.2,,,,1.84,,0.99,,,,,,,,,
SH-Q4774,brandegeei,QUBR_LB_0059,TCB-06679,11-2024,3/4/2025,D. Barry,silica,FastPrep - 2x 30sec @ 6.0m/s,Scissors,EZNA,Consolidated,0.039,,,,264.9,,,,1.90,,0.69,,,,,,,,,
SH-Q4775,brandegeei,QUBR_LB_0060,TCB-06680,11-2024,3/4/2025,D. Barry,silica,FastPrep - 2x 30sec @ 6.0m/s,Scissors,EZNA,Consolidated,0.040,,,,167.7,,,,1.95,,1.28,,,,,,,,,
SH-Q4776,brandegeei,QUBR_LB_0061,TCB-06681,11-2024,3/4/2025,D. Barry,silica,FastPrep - 2x 30sec @ 6.0m/s,Scissors,EZNA,Consolidated,0.039,,,,269.0,,,,1.97,,2.16,,,,,,,,,
SH-Q4777,brandegeei,QUBR_LB_0062,TCB-06682,11-2024,3/4/2025,D. Barry,silica,FastPrep - 2x 30sec @ 6.0m/s,Scissors,EZNA,Consolidated,0.035,,,,131.0,,,,1.86,,1.05,,,,,,,,,
SH-Q4778,brandegeei,QUBR_LB_0063,TCB-06683,11-2024,3/4/2025,D. Barry,silica,FastPrep - 2x 30sec @ 6.0m/s,Scissors,EZNA,Consolidated,0.040,,,,92.1,,,,1.85,,1.76,,,,,,,,,
SH-Q4779,brandegeei,QUBR_LB_0064,TCB-06684,11-2024,3/4/2025,D. Barry,silica,FastPrep - 2x 30sec @ 6.0m/s,Scissors,EZNA,Consolidated,0.040,,,,103.4,,,,1.84,,0.82,,,,,,,,,
SH-Q4780,brandegeei,QUBR_LB_0065,TCB-06685,11-2024,3/4/2025,D. Barry,silica,FastPrep - 2x 30sec @ 6.0m/s,Scissors,EZNA,Consolidated,0.039,,,,99.0,,,,1.79,,0.57,,,,,,,,,
SH-Q4781,brandegeei,QUBR_LB_0066,TCB-06686,11-2024,3/4/2025,D. Barry,silica,FastPrep - 2x 30sec @ 6.0m/s,Scissors,EZNA,Consolidated,0.037,,,,167.3,,,,1.87,,0.88,,,,,,,,,
SH-Q4782,brandegeei,QUBR_LB_0067,TCB-06687,11-2024,3/4/2025,D. Barry,silica,FastPrep - 2x 30sec @ 6.0m/s,Scissors,EZNA,Consolidated,0.039,,,,340.8,,,,1.86,,1.43,,,,,,,,,
SH-Q4783,brandegeei,QUBR_LB_0068,TCB-06688,11-2024,3/4/2025,D. Barry,silica,FastPrep - 2x 30sec @ 6.0m/s,Scissors,EZNA,Consolidated,0.040,,,,156.5,,,,1.93,,1.54,,,,,,,,,
SH-Q4784,brandegeei,QUBR_LB_0069,TCB-06689,11-2024,3/4/2025,D. Barry,silica,FastPrep - 2x 30sec @ 6.0m/s,Scissors,EZNA,Consolidated,0.040,,,,170.1,,,,1.92,,1.42,,,,,,,,,
SH-Q4785,brandegeei,QUBR_LB_0070,TCB-06690,11-2024,3/4/2025,D. Barry,silica,FastPrep - 2x 30sec @ 6.0m/s,Scissors,EZNA,Consolidated,0.038,,,,72.9,,,,1.80,,1.15,,,,,,,,,
SH-Q4786,brandegeei,QUBR_LB_0071,TCB-06691,11-2024,3/4/2025,D. Barry,silica,FastPrep - 2x 30sec @ 6.0m/s,Scissors,EZNA,Consolidated,0.040,,,,134.4,,,,1.60,,0.77,,,,,,,,,
SH-Q4787,brandegeei,QUBR_LB_0072,TCB-06692,11-2024,3/4/2025,D. Barry,silica,FastPrep - 2x 30sec @ 6.0m/s,Scissors,EZNA,Consolidated,0.039,,,,11.3,,,,1.87,,0.93,,,,,,,,,
SH-Q4788,brandegeei,QUBR_LB_0073,TCB-06693,11-2024,3/4/2025,D. Barry,silica,FastPrep - 2x 30sec @ 6.0m/s,Scissors,EZNA,Consolidated,0.038,,,,178.1,,,,1.84,,0.65,,,,,,,,,
SH-Q4789,brandegeei,QUBR_LB_0074,TCB-06694,11-2024,3/4/2025,D. Barry,silica,FastPrep - 2x 30sec @ 6.0m/s,Scissors,EZNA,Consolidated,0.039,,,,126.0,,,,1.83,,0.34,,,,,,,,,
SH-Q4790,brandegeei,QUBR_LB_0075,TCB-06695,11-2024,3/4/2025,D. Barry,silica,FastPrep - 2x 30sec @ 6.0m/s,Scissors,EZNA,Consolidated,0.037,,,,85.9,,,,1.19,,0.10,,,,,,,,,
SH-Q4791,brandegeei,QUBR_LB_0077,TCB-06697,11-2024,3/4/2025,D. Barry,silica,FastPrep - 2x 30sec @ 6.0m/s,Scissors,EZNA,Consolidated,0.037,,,,67.5,,,,1.63,,0.23,,,,,,,,,
SH-Q4792,brandegeei,QUBR_LB_0078,TCB-06698,11-2024,3/4/2025,D. Barry,silica,FastPrep - 2x 30sec @ 6.0m/s,Scissors,EZNA,Consolidated,0.040,,,,175.2,,,,1.64,,0.25,,,,,,,,,
SH-Q4793,brandegeei,QUBR_LB_0079,TCB-06699,11-2024,3/4/2025,D. Barry,silica,FastPrep - 2x 30sec @ 6.0m/s,Scissors,EZNA,Consolidated,0.039,,,,76.9,,,,1.76,,0.64,,,,,,,,,
SH-Q4794,brandegeei,QUBR_LB_0080,TCB-06700,11-2024,3/4/2025,D. Barry,silica,FastPrep - 2x 30sec @ 6.0m/s,Scissors,EZNA,Consolidated,0.037,,,,93.1,,,,1.64,,0.30,,,,,,,,,
SH-Q4795,brandegeei,QUBR_LB_0081,TCB-06701,11-2024,3/4/2025,D. Barry,silica,FastPrep - 2x 30sec @ 6.0m/s,Scissors,EZNA,Consolidated,0.040,,,,95.1,,,,1.81,,0.51,,,,,,,,,
SH-Q4796,brandegeei,QUBR_LB_0082,TCB-06702,11-2024,3/21/2025,D. Barry,silica,FastPrep - 2x 30sec @ 6.0m/s,Scissors,EZNA,Consolidated,0.039,,,,91.2,,,,1.78,,1.60,,,,,,,,,
SH-Q4797,brandegeei,QUBR_LB_0083,TCB-06703,11-2024,3/21/2025,D. Barry,silica,FastPrep - 2x 30sec @ 6.0m/s,Scissors,EZNA,Consolidated,0.038,,,,92.0,,,,1.74,,1.54,,,,,,,,,
SH-Q4798,brandegeei,QUBR_LB_0084,TCB-06704,11-2024,3/21/2025,D. Barry,silica,FastPrep - 2x 30sec @ 6.0m/s,Scissors,EZNA,Consolidated,0.036,,,,133.4,,,,1.87,,0.56,,,,,,,,,
SH-Q4799,brandegeei,QUBR_LB_0085,TCB-06705,11-2024,3/21/2025,D. Barry,silica,FastPrep - 2x 30sec @ 6.0m/s,Scissors,EZNA,Consolidated,0.040,,,,202.9,,,,1.84,,1.96,,,,,,,,,
SH-Q4800,brandegeei,QUBR_LB_0086,TCB-06706,11-2024,3/21/2025,D. Barry,silica,FastPrep - 2x 30sec @ 6.0m/s,Scissors,EZNA,Consolidated,0.037,,,,120.0,,,,1.88,,0.97,,,,,,,,,
SH-Q4801,brandegeei,QUBR_LB_0087,TCB-06707,11-2024,3/21/2025,D. Barry,silica,FastPrep - 2x 30sec @ 6.0m/s,Scissors,EZNA,Consolidated,0.037,,,,164.0,,,,1.93,,1.46,,,,,,,,,
SH-Q4802,brandegeei,QUBR_LB_0088,TCB-06708,11-2024,3/21/2025,D. Barry,silica,FastPrep - 2x 30sec @ 6.0m/s,Scissors,EZNA,Consolidated,0.038,,,,134.8,,,,1.73,,0.72,,,,,,,,,
SH-Q4803,brandegeei,QUBR_LB_0089,TCB-06709,11-2024,3/21/2025,D. Barry,silica,FastPrep - 2x 30sec @ 6.0m/s,Scissors,EZNA,Consolidated,0.037,,,,155.8,,,,1.87,,0.61,,,,,,,,,
SH-Q4804,brandegeei,QUBR_LB_0090,TCB-06710,11-2024,3/21/2025,D. Barry,silica,FastPrep - 2x 30sec @ 6.0m/s,Scissors,EZNA,Consolidated,0.038,,,,161.0,,,,1.90,,1.99,,,,,,,,,
SH-Q4805,brandegeei,QUBR_LB_0091,TCB-06711,11-2024,3/21/2025,D. Barry,silica,FastPrep - 2x 30sec @ 6.0m/s,Scissors,EZNA,Consolidated,0.040,,,,124.8,,,,1.68,,0.33,,,,,,,,,
SH-Q4806,brandegeei,QUBR_LB_0092,TCB-06712,11-2024,3/21/2025,D. Barry,silica,FastPrep - 2x 30sec @ 6.0m/s,Scissors,EZNA,Consolidated,0.038,,,,104.5,,,,1.69,,0.76,,,,,,,,,
SH-Q4807,brandegeei,QUBR_LB_0093,TCB-06713,11-2024,3/21/2025,D. Barry,silica,FastPrep - 2x 30sec @ 6.0m/s,Scissors,EZNA,Consolidated,0.037,,,,105.6,,,,1.83,,0.62,,,,,,,,,
SH-Q4808,brandegeei,QUBR_LB_0094,TCB-06714,11-2024,3/21/2025,D. Barry,silica,FastPrep - 2x 30sec @ 6.0m/s,Scissors,EZNA,Consolidated,0.037,,,,87.4,,,,1.83,,1.31,,,,,,,,,
SH-Q4809,brandegeei,QUBR_LB_0095,TCB-06715,11-2024,3/21/2025,D. Barry,silica,FastPrep - 2x 30sec @ 6.0m/s,Scissors,EZNA,Consolidated,0.040,,,,42.8,,,,1.71,,0.65,,,,,,,,,Protein contamination error recorded on NanoDrop
SH-Q4810,brandegeei,QUBR_EC_0002,TCB-06717,11-2024,3/21/2025,D. Barry,silica,FastPrep - 2x 30sec @ 6.0m/s,Scissors,EZNA,Consolidated,0.037,,,,50.8,,,,1.83,,1.50,,,,,,,,,
SH-Q4811,brandegeei,QUBR_EC_0003,TCB-06718,11-2024,3/21/2025,D. Barry,silica,FastPrep - 2x 30sec @ 6.0m/s,Scissors,EZNA,Consolidated,0.039,,,,51.6,,,,1.78,,0.73,,,,,,,,,
SH-Q4812,brandegeei,QUBR_EC_0004,TCB-06719,11-2024,3/21/2025,D. Barry,silica,FastPrep - 2x 30sec @ 6.0m/s,Scissors,EZNA,Consolidated,0.039,,,,68.6,,,,1.86,,0.87,,,,,,,,,
SH-Q4813,brandegeei,QUBR_EC_0005,TCB-06720,11-2024,3/21/2025,D. Barry,silica,FastPrep - 2x 30sec @ 6.0m/s,Scissors,EZNA,Consolidated,0.040,,,,52.4,,,,1.80,,1.06,,,,,,,,,
SH-Q4814,brandegeei,QUBR_EC_0006,TCB-06721,11-2024,3/21/2025,D. Barry,silica,FastPrep - 2x 30sec @ 6.0m/s,Scissors,EZNA,Consolidated,0.038,,,,117.3,,,,1.83,,1.29,,,,,,,,,
SH-Q4815,brandegeei,QUBR_EC_0007,TCB-06722,11-2024,3/21/2025,D. Barry,silica,FastPrep - 2x 30sec @ 6.0m/s,Scissors,EZNA,Consolidated,0.037,,,,148.6,,,,1.86,,0.74,,,,,,,,,
SH-Q4816,brandegeei,QUBR_EC_0008,TCB-06723,11-2024,3/21/2025,D. Barry,silica,FastPrep - 2x 30sec @ 6.0m/s,Scissors,EZNA,Consolidated,0.037,,,,170.0,,,,1.87,,0.75,,,,,,,,,
SH-Q4817,brandegeei,QUBR_EC_0009,TCB-06724,11-2024,3/21/2025,D. Barry,silica,FastPrep - 2x 30sec @ 6.0m/s,Scissors,EZNA,Consolidated,0.037,,,,138.9,,,,1.90,,1.43,,,,,,,,,
SH-Q4818,brandegeei,QUBR_EC_0010,TCB-06725,11-2024,3/21/2025,D. Barry,silica,FastPrep - 2x 30sec @ 6.0m/s,Scissors,EZNA,Consolidated,0.036,,,,96.0,,,,1.91,,1.09,,,,,,,,,
SH-Q4819,brandegeei,QUBR_EC_0011,TCB-06726,11-2024,3/21/2025,D. Barry,silica,FastPrep - 2x 30sec @ 6.0m/s,Scissors,EZNA,Consolidated,0.038,,,,156.6,,,,1.94,,0.93,,,,,,,,,
SH-Q4820,brandegeei,QUBR_EC_0012,TCB-06727,11-2024,3/24/2025,D. Barry,silica,FastPrep - 2x 30sec @ 6.0m/s,Scissors,EZNA,Consolidated,0.040,,,,95.0,,,,1.87,,1.28,,,,,,,,,
SH-Q4821,brandegeei,QUBR_EC_0013,TCB-06728,11-2024,3/24/2025,D. Barry,silica,FastPrep - 2x 30sec @ 6.0m/s,Scissors,EZNA,Consolidated,0.033,,,,73.7,,,,1.78,,1.62,,,,,,,,,
SH-Q4822,brandegeei,QUBR_EC_0014,TCB-06729,11-2024,3/24/2025,D. Barry,silica,FastPrep - 2x 30sec @ 6.0m/s,Scissors,EZNA,Consolidated,0.038,,,,155.9,,,,1.87,,2.39,,,,,,,,,
SH-Q4823,brandegeei,QUBR_EC_0015,TCB-06730,11-2024,3/24/2025,D. Barry,silica,FastPrep - 2x 30sec @ 6.0m/s,Scissors,EZNA,Consolidated,0.036,,,,103.0,,,,1.90,,0.87,,,,,,,,,
SH-Q4824,brandegeei,QUBR_EC_0016,TCB-06731,11-2024,3/24/2025,D. Barry,silica,FastPrep - 2x 30sec @ 6.0m/s,Scissors,EZNA,Consolidated,0.038,,,,107.8,,,,1.78,,2.19,,,,,,,,,
SH-Q4825,brandegeei,QUBR_EC_0017,TCB-06732,11-2024,3/24/2025,D. Barry,silica,FastPrep - 2x 30sec @ 6.0m/s,Scissors,EZNA,Consolidated,0.039,,,,130.2,,,,1.86,,2.15,,,,,,,,,
SH-Q4826,brandegeei,QUBR_EC_0018,TCB-06733,11-2024,3/24/2025,D. Barry,silica,FastPrep - 2x 30sec @ 6.0m/s,Scissors,EZNA,Consolidated,0.039,,,,114.4,,,,1.84,,1.24,,,,,,,,,
SH-Q4827,brandegeei,QUBR_EC_0019,TCB-06734,11-2024,3/24/2025,D. Barry,silica,FastPrep - 2x 30sec @ 6.0m/s,Scissors,EZNA,Consolidated,0.037,,,,117.8,,,,1.91,,2.05,,,,,,,,,
SH-Q4828,brandegeei,QUBR_EC_0020,TCB-06735,11-2024,3/24/2025,D. Barry,silica,FastPrep - 2x 30sec @ 6.0m/s,Scissors,EZNA,Consolidated,0.037,,,,61.0,,,,1.79,,1.84,,,,,,,,,
SH-Q4829,brandegeei,QUBR_EC_0021,TCB-06736,11-2024,3/24/2025,D. Barry,silica,FastPrep - 2x 30sec @ 6.0m/s,Scissors,EZNA,Consolidated,0.037,,,,48.6,,,,1.88,,1.58,,,,,,,,,
SH-Q4830,brandegeei,QUBR_EC_0022,TCB-06737,11-2024,3/24/2025,D. Barry,silica,FastPrep - 2x 30sec @ 6.0m/s,Scissors,EZNA,Consolidated,0.039,,,,111.5,,,,1.86,,1.61,,,,,,,,,
SH-Q4831,brandegeei,QUBR_EC_0023,TCB-06738,11-2024,3/24/2025,D. Barry,silica,FastPrep - 2x 30sec @ 6.0m/s,Scissors,EZNA,Consolidated,0.035,,,,94.8,,,,1.86,,2.05,,,,,,,,,
SH-Q4832,brandegeei,QUBR_EC_0024,TCB-06739,11-2024,3/24/2025,D. Barry,silica,FastPrep - 2x 30sec @ 6.0m/s,Scissors,EZNA,Consolidated,0.040,,,,121.5,,,,2.00,,1.80,,,,,,,,,
SH-Q4833,brandegeei,QUBR_EC_0025,TCB-06740,11-2024,3/24/2025,D. Barry,silica,FastPrep - 2x 30sec @ 6.0m/s,Scissors,EZNA,Consolidated,0.039,,,,93.9,,,,2.23,,3.76,,,,,,,,,
SH-Q4834,brandegeei,QUBR_EC_0026,TCB-06741,11-2024,3/24/2025,D. Barry,silica,FastPrep - 2x 30sec @ 6.0m/s,Scissors,EZNA,Consolidated,0.038,,,,74.8,,,,1.80,,1.17,,,,,,,,,
SH-Q4835,brandegeei,QUBR_EC_0027,TCB-06742,11-2024,3/24/2025,D. Barry,silica,FastPrep - 2x 30sec @ 6.0m/s,Scissors,EZNA,Consolidated,0.037,,,,101.9,,,,2.69,,2.06,,,,,,,,,
SH-Q4836,brandegeei,QUBR_EC_0028,TCB-06743,11-2024,3/24/2025,D. Barry,silica,FastPrep - 2x 30sec @ 6.0m/s,Scissors,EZNA,Consolidated,0.038,,,,73.5,,,,2.20,,1.42,,,,,,,,,
SH-Q4837,brandegeei,QUBR_EC_0029,TCB-06744,11-2024,3/24/2025,D. Barry,silica,FastPrep - 2x 30sec @ 6.0m/s,Scissors,EZNA,Consolidated,0.037,,,,48.9,,,,1.74,,1.52,,,,,,,,,
SH-Q4838,brandegeei,QUBR_EC_0030,TCB-06745,11-2024,3/24/2025,D. Barry,silica,FastPrep - 2x 30sec @ 6.0m/s,Scissors,EZNA,Consolidated,0.038,,,,187.4,,,,1.98,,2.06,,,,,,,,,
SH-Q4839,brandegeei,QUBR_EC_0031,TCB-06746,11-2024,3/24/2025,D. Barry,silica,FastPrep - 2x 30sec @ 6.0m/s,Scissors,EZNA,Consolidated,0.037,,,,125.8,,,,1.75,,1.49,,,,,,,,,
SH-Q4840,brandegeei,QUBR_EC_0032,TCB-06747,11-2024,3/24/2025,D. Barry,silica,FastPrep - 2x 30sec @ 6.0m/s,Scissors,EZNA,Consolidated,0.034,,,,111.5,,,,1.82,,1.80,,,,,,,,,
SH-Q4841,brandegeei,QUBR_EC_0033,TCB-06748,11-2024,3/24/2025,D. Barry,silica,FastPrep - 2x 30sec @ 6.0m/s,Scissors,EZNA,Consolidated,0.034,,,,123.0,,,,1.87,,1.18,,,,,,,,,
SH-Q4842,brandegeei,QUBR_EC_0034,TCB-06749,11-2024,3/24/2025,D. Barry,silica,FastPrep - 2x 30sec @ 6.0m/s,Scissors,EZNA,Consolidated,0.036,,,,139.1,,,,1.85,,2.09,,,,,,,,,
SH-Q4843,brandegeei,QUBR_EC_0035,TCB-06750,11-2024,3/24/2025,D. Barry,silica,FastPrep - 2x 30sec @ 6.0m/s,Scissors,EZNA,Consolidated,0.038,,,,77.5,,,,1.84,,0.89,,,,,,,,,
SH-Q4844,brandegeei,QUBR_EC_0036,TCB-06751,11-2024,3/25/2025,D. Barry,silica,FastPrep - 2x 30sec @ 6.0m/s,Scissors,EZNA,Consolidated,0.038,,,,157.4,,,,1.74,,1.19,,,,,,,,,Protein contamination error recorded on NanoDrop
SH-Q4845,brandegeei,QUBR_EC_0037,TCB-06752,11-2024,3/25/2025,D. Barry,silica,FastPrep - 2x 30sec @ 6.0m/s,Scissors,EZNA,Consolidated,0.038,,,,91.1,,,,1.65,,0.47,,,,,,,,,
SH-Q4846,brandegeei,QUBR_EC_0038,TCB-06753,11-2024,3/25/2025,D. Barry,silica,FastPrep - 2x 30sec @ 6.0m/s,Scissors,EZNA,Consolidated,0.038,,,,70.0,,,,1.54,,0.40,,,,,,,,,Protein contamination error recorded on NanoDrop
SH-Q4847,brandegeei,QUBR_EC_0039,TCB-06754,11-2024,3/25/2025,D. Barry,silica,FastPrep - 2x 30sec @ 6.0m/s,Scissors,EZNA,Consolidated,0.034,,,,79.8,,,,1.45,,0.29,,,,,,,,,
SH-Q4848,brandegeei,QUBR_EC_0040,TCB-06755,11-2024,3/25/2025,D. Barry,silica,FastPrep - 2x 30sec @ 6.0m/s,Scissors,EZNA,Consolidated,0.037,,,,128.0,,,,1.64,,0.46,,,,,,,,,
SH-Q4849,brandegeei,QUBR_EC_0041,TCB-06756,11-2024,3/25/2025,D. Barry,silica,FastPrep - 2x 30sec @ 6.0m/s,Scissors,EZNA,Consolidated,0.039,,,,106.3,,,,1.73,,0.83,,,,,,,,,Protein contamination error recorded on NanoDrop
SH-Q4850,brandegeei,QUBR_EC_0042,TCB-06757,11-2024,3/25/2025,D. Barry,silica,FastPrep - 2x 30sec @ 6.0m/s,Scissors,EZNA,Consolidated,0.039,,,,257.8,,,,1.92,,0.95,,,,,,,,,
SH-Q4851,brandegeei,QUBR_EC_0043,TCB-06758,11-2024,3/25/2025,D. Barry,silica,FastPrep - 2x 30sec @ 6.0m/s,Scissors,EZNA,Consolidated,0.039,,,,103.6,,,,1.65,,0.64,,,,,,,,,
SH-Q4852,brandegeei,QUBR_EC_0044,TCB-06759,11-2024,3/25/2025,D. Barry,silica,FastPrep - 2x 30sec @ 6.0m/s,Scissors,EZNA,Consolidated,0.037,,,,79.5,,,,1.64,,0.56,,,,,,,,,Protein contamination error recorded on NanoDrop
SH-Q4853,brandegeei,QUBR_EC_0045,TCB-06760,11-2024,3/25/2025,D. Barry,silica,FastPrep - 2x 30sec @ 6.0m/s,Scissors,EZNA,Consolidated,0.040,,,,84.8,,,,1.62,,0.53,,,,,,,,,
SH-Q4854,brandegeei,QUBR_EC_0046,TCB-06761,11-2024,3/25/2025,D. Barry,silica,FastPrep - 2x 30sec @ 6.0m/s,Scissors,EZNA,Consolidated,0.037,,,,111.1,,,,1.69,,0.68,,,,,,,,,Protein contamination error recorded on NanoDrop
SH-Q4855,brandegeei,QUBR_EC_0047,TCB-06762,11-2024,3/25/2025,D. Barry,silica,FastPrep - 2x 30sec @ 6.0m/s,Scissors,EZNA,Consolidated,0.037,,,,104.4,,,,1.75,,0.55,,,,,,,,,
SH-Q4856,brandegeei,QUBR_EC_0048,TCB-06763,11-2024,3/25/2025,D. Barry,silica,FastPrep - 2x 30sec @ 6.0m/s,Scissors,EZNA,Consolidated,0.038,,,,114.1,,,,1.64,,0.52,,,,,,,,,Protein contamination error recorded on NanoDrop
SH-Q4857,brandegeei,QUBR_EC_0049,TCB-06764,11-2024,3/25/2025,D. Barry,silica,FastPrep - 2x 30sec @ 6.0m/s,Scissors,EZNA,Consolidated,0.036,,,,102.0,,,,1.67,,0.57,,,,,,,,,
SH-Q4858,brandegeei,QUBR_EC_0050,TCB-06765,11-2024,3/25/2025,D. Barry,silica,FastPrep - 2x 30sec @ 6.0m/s,Scissors,EZNA,Consolidated,0.039,,,,147.8,,,,1.85,,0.86,,,,,,,,,
SH-Q4859,brandegeei,QUBR_EC_0051,TCB-06766,11-2024,3/25/2025,D. Barry,silica,FastPrep - 2x 30sec @ 6.0m/s,Scissors,EZNA,Consolidated,0.035,,,,84.7,,,,1.65,,0.44,,,,,,,,,
SH-Q4860,brandegeei,QUBR_EC_0052,TCB-06767,11-2024,3/25/2025,D. Barry,silica,FastPrep - 2x 30sec @ 6.0m/s,Scissors,EZNA,Consolidated,0.038,,,,73.4,,,,1.71,,0.60,,,,,,,,,
SH-Q4861,brandegeei,QUBR_EC_0053,TCB-06768,11-2024,3/25/2025,D. Barry,silica,FastPrep - 2x 30sec @ 6.0m/s,Scissors,EZNA,Consolidated,0.040,,,,121.4,,,,1.80,,0.79,,,,,,,,,
SH-Q4862,brandegeei,QUBR_EC_0054,TCB-06769,11-2024,3/25/2025,D. Barry,silica,FastPrep - 2x 30sec @ 6.0m/s,Scissors,EZNA,Consolidated,0.036,,,,34.6,,,,1.64,,0.52,,,,,,,,,
SH-Q4863,brandegeei,QUBR_EC_0055,TCB-06770,11-2024,3/25/2025,D. Barry,silica,FastPrep - 2x 30sec @ 6.0m/s,Scissors,EZNA,Consolidated,0.040,,,,87.9,,,,1.71,,0.64,,,,,,,,,
SH-Q4864,brandegeei,QUBR_EC_0056,TCB-06771,11-2024,3/25/2025,D. Barry,silica,FastPrep - 2x 30sec @ 6.0m/s,Scissors,EZNA,Consolidated,0.039,,,,99.7,,,,1.66,,0.53,,,,,,,,,
SH-Q4865,brandegeei,QUBR_EC_0057,TCB-06772,11-2024,3/25/2025,D. Barry,silica,FastPrep - 2x 30sec @ 6.0m/s,Scissors,EZNA,Consolidated,0.038,,,,115.4,,,,1.78,,0.70,,,,,,,,,
SH-Q4866,brandegeei,QUBR_EC_0058,TCB-06773,11-2024,3/25/2025,D. Barry,silica,FastPrep - 2x 30sec @ 6.0m/s,Scissors,EZNA,Consolidated,0.040,,,,110.8,,,,1.78,,0.77,,,,,,,,,
SH-Q4867,brandegeei,QUBR_EC_0059,TCB-06774,11-2024,3/25/2025,D. Barry,silica,FastPrep - 2x 30sec @ 6.0m/s,Scissors,EZNA,Consolidated,0.036,,,,140.2,,,,1.85,,1.14,,,,,,,,,
SH-Q4868,brandegeei,QUBR_EC_0060,TCB-06775,11-2024,3/27/2025,D. Barry,silica,FastPrep - 2x 30sec @ 6.0m/s,Scissors,EZNA,Consolidated,0.039,,,,81.1,,,,1.66,,0.45,,,,,,,,,
SH-Q4869,brandegeei,QUBR_EC_0061,TCB-06776,11-2024,3/27/2025,D. Barry,silica,FastPrep - 2x 30sec @ 6.0m/s,Scissors,EZNA,Consolidated,0.038,,,,141.9,,,,1.77,,0.90,,,,,,,,,
SH-Q4870,brandegeei,QUBR_EC_0062,TCB-06777,11-2024,3/27/2025,D. Barry,silica,FastPrep - 2x 30sec @ 6.0m/s,Scissors,EZNA,Consolidated,0.038,,,,149.0,,,,1.82,,0.89,,,,,,,,,
SH-Q4871,brandegeei,QUBR_EC_0063,TCB-06778,11-2024,3/27/2025,D. Barry,silica,FastPrep - 2x 30sec @ 6.0m/s,Scissors,EZNA,Consolidated,0.039,,,,67.4,,,,1.72,,0.57,,,,,,,,,
SH-Q4872,brandegeei,QUBR_EC_0064,TCB-06779,11-2024,3/27/2025,D. Barry,silica,FastPrep - 2x 30sec @ 6.0m/s,Scissors,EZNA,Consolidated,0.036,,,,108.7,,,,1.78,,0.81,,,,,,,,,
SH-Q4873,brandegeei,QUBR_EC_0065,TCB-06780,11-2024,3/27/2025,D. Barry,silica,FastPrep - 2x 30sec @ 6.0m/s,Scissors,EZNA,Consolidated,0.040,,,,122.3,,,,1.77,,1.23,,,,,,,,,
SH-Q4874,brandegeei,QUBR_EC_0066,TCB-06781,11-2024,3/27/2025,D. Barry,silica,FastPrep - 2x 30sec @ 6.0m/s,Scissors,EZNA,Consolidated,0.036,,,,94.9,,,,1.81,,0.92,,,,,,,,,
SH-Q4875,brandegeei,QUBR_EC_0067,TCB-06782,11-2024,3/27/2025,D. Barry,silica,FastPrep - 2x 30sec @ 6.0m/s,Scissors,EZNA,Consolidated,0.040,,,,96.5,,,,1.71,,0.86,,,,,,,,,
SH-Q4876,brandegeei,QUBR_EC_0068,TCB-06783,11-2024,3/27/2025,D. Barry,silica,FastPrep - 2x 30sec @ 6.0m/s,Scissors,EZNA,Consolidated,0.037,,,,136.6,,,,1.78,,1.09,,,,,,,,,
SH-Q4877,brandegeei,QUBR_EC_0069,TCB-06784,11-2024,3/27/2025,D. Barry,silica,FastPrep - 2x 30sec @ 6.0m/s,Scissors,EZNA,Consolidated,0.039,,,,111.7,,,,1.78,,0.78,,,,,,,,,
SH-Q4878,brandegeei,QUBR_EC_0070,TCB-06785,11-2024,3/27/2025,D. Barry,silica,FastPrep - 2x 30sec @ 6.0m/s,Scissors,EZNA,Consolidated,0.039,,,,191.0,,,,1.88,,1.42,,,,,,,,,
SH-Q4879,brandegeei,QUBR_EC_0071,TCB-06786,11-2024,3/27/2025,D. Barry,silica,FastPrep - 2x 30sec @ 6.0m/s,Scissors,EZNA,Consolidated,0.035,,,,121.2,,,,1.74,,0.95,,,,,,,,,
SH-Q4880,brandegeei,QUBR_EC_0072,TCB-06787,11-2024,3/27/2025,D. Barry,silica,FastPrep - 2x 30sec @ 6.0m/s,Scissors,EZNA,Consolidated,0.038,,,,139.0,,,,1.83,,1.14,,,,,,,,,
SH-Q4881,brandegeei,QUBR_EC_0073,TCB-06788,11-2024,3/27/2025,D. Barry,silica,FastPrep - 2x 30sec @ 6.0m/s,Scissors,EZNA,Consolidated,0.039,,,,131.7,,,,1.56,,0.63,,,,,,,,,
SH-Q4882,brandegeei,QUBR_EC_0074,TCB-06789,11-2024,3/27/2025,D. Barry,silica,FastPrep - 2x 30sec @ 6.0m/s,Scissors,EZNA,Consolidated,0.038,,,,152.3,,,,1.81,,0.89,,,,,,,,,
SH-Q4883,brandegeei,QUBR_EC_0075,TCB-06790,11-2024,3/27/2025,D. Barry,silica,FastPrep - 2x 30sec @ 6.0m/s,Scissors,EZNA,Consolidated,0.038,,,,114.6,,,,1.73,,0.90,,,,,,,,,
SH-Q4884,brandegeei,QUBR_EC_0076,TCB-06791,11-2024,3/27/2025,D. Barry,silica,FastPrep - 2x 30sec @ 6.0m/s,Scissors,EZNA,Consolidated,0.039,,,,183.8,,,,1.75,,1.09,,,,,,,,,
SH-Q4885,brandegeei,QUBR_EC_0077,TCB-06792,11-2024,3/27/2025,D. Barry,silica,FastPrep - 2x 30sec @ 6.0m/s,Scissors,EZNA,Consolidated,0.038,,,,138.6,,,,1.80,,0.86,,,,,,,,,
SH-Q4886,brandegeei,QUBR_EC_0078,TCB-06793,11-2024,3/27/2025,D. Barry,silica,FastPrep - 2x 30sec @ 6.0m/s,Scissors,EZNA,Consolidated,0.040,,,,142.0,,,,1.66,,0.80,,,,,,,,,
SH-Q4887,brandegeei,QUBR_EC_0079,TCB-06794,11-2024,3/27/2025,D. Barry,silica,FastPrep - 2x 30sec @ 6.0m/s,Scissors,EZNA,Consolidated,0.040,,,,60.8,,,,1.71,,0.61,,,,,,,,,
SH-Q4888,brandegeei,QUBR_EC_0080,TCB-06795,11-2024,3/27/2025,D. Barry,silica,FastPrep - 2x 30sec @ 6.0m/s,Scissors,EZNA,Consolidated,0.039,,,,100.5,,,,1.55,,0.57,,,,,,,,,
SH-Q4889,brandegeei,QUBR_EC_0081,TCB-06796,11-2024,3/27/2025,D. Barry,silica,FastPrep - 2x 30sec @ 6.0m/s,Scissors,EZNA,Consolidated,0.039,,,,92.2,,,,1.78,,0.79,,,,,,,,,
SH-Q4890,brandegeei,QUBR_EC_0082,TCB-06797,11-2024,3/27/2025,D. Barry,silica,FastPrep - 2x 30sec @ 6.0m/s,Scissors,EZNA,Consolidated,0.038,,,,110.4,,,,1.77,,0.98,,,,,,,,,
SH-Q4891,brandegeei,QUBR_EC_0083,TCB-06798,11-2024,3/27/2025,D. Barry,silica,FastPrep - 2x 30sec @ 6.0m/s,Scissors,EZNA,Consolidated,0.037,,,,210.5,,,,1.93,,1.41,,,,,,,,,
SH-Q4892,brandegeei,QUBR_EC_0084,TCB-06799,11-2024,3/31/2025,D. Barry,silica,FastPrep - 2x 30sec @ 6.0m/s,Scissors,EZNA,Consolidated,0.039,,,,131.4,,,,1.78,,1.09,,,,,,,,,
SH-Q4893,brandegeei,QUBR_EC_0085,TCB-06800,11-2024,3/31/2025,D. Barry,silica,FastPrep - 2x 30sec @ 6.0m/s,Scissors,EZNA,Consolidated,0.037,,,,116.7,,,,1.79,,0.89,,,,,,,,,
SH-Q4894,brandegeei,QUBR_EC_0086,TCB-06801,11-2024,3/31/2025,D. Barry,silica,FastPrep - 2x 30sec @ 6.0m/s,Scissors,EZNA,Consolidated,0.040,,,,103.5,,,,1.65,,0.74,,,,,,,,,
SH-Q4895,brandegeei,QUBR_EC_0087,TCB-06802,11-2024,3/31/2025,D. Barry,silica,FastPrep - 2x 30sec @ 6.0m/s,Scissors,EZNA,Consolidated,0.037,,,,85.1,,,,1.75,,0.51,,,,,,,,,
SH-Q4896,brandegeei,QUBR_EC_0088,TCB-06803,11-2024,3/31/2025,D. Barry,silica,FastPrep - 2x 30sec @ 6.0m/s,Scissors,EZNA,Consolidated,0.037,,,,103.2,,,,1.74,,0.84,,,,,,,,,
SH-Q4897,brandegeei,QUBR_EC_0089,TCB-06804,11-2024,3/31/2025,D. Barry,silica,FastPrep - 2x 30sec @ 6.0m/s,Scissors,EZNA,Consolidated,0.040,,,,73.8,,,,1.72,,0.73,,,,,,,,,
SH-Q4898,brandegeei,QUBR_EC_0090,TCB-06805,11-2024,3/31/2025,D. Barry,silica,FastPrep - 2x 30sec @ 6.0m/s,Scissors,EZNA,Consolidated,0.039,,,,167.4,,,,1.56,,0.74,,,,,,,,,
SH-Q4899,brandegeei,QUBR_EC_0091,TCB-06806,11-2024,3/31/2025,D. Barry,silica,FastPrep - 2x 30sec @ 6.0m/s,Scissors,EZNA,Consolidated,0.037,,,,132.8,,,,1.81,,1.03,,,,,,,,,
SH-Q4900,brandegeei,QUBR_EC_0092,TCB-06807,11-2024,3/31/2025,D. Barry,silica,FastPrep - 2x 30sec @ 6.0m/s,Scissors,EZNA,Consolidated,0.039,,,,159.7,,,,1.82,,0.85,,,,,,,,,
SH-Q4901,brandegeei,QUBR_EC_0093,TCB-06808,11-2024,3/31/2025,D. Barry,silica,FastPrep - 2x 30sec @ 6.0m/s,Scissors,EZNA,Consolidated,0.039,,,,215.4,,,,1.89,,1.24,,,,,,,,,
SH-Q4902,brandegeei,QUBR_EC_0094,TCB-06809,11-2024,3/31/2025,D. Barry,silica,FastPrep - 2x 30sec @ 6.0m/s,Scissors,EZNA,Consolidated,0.038,,,,152.6,,,,1.84,,0.95,,,,,,,,,
SH-Q4903,brandegeei,QUBR_EC_0095,TCB-06810,11-2024,3/31/2025,D. Barry,silica,FastPrep - 2x 30sec @ 6.0m/s,Scissors,EZNA,Consolidated,0.036,,,,188.6,,,,1.56,,0.71,,,,,,,,,
SH-Q4904,brandegeei,QUBR_EC_0096,TCB-06811,11-2024,3/31/2025,D. Barry,silica,FastPrep - 2x 30sec @ 6.0m/s,Scissors,EZNA,Consolidated,0.037,,,,138.3,,,,1.85,,0.98,,,,,,,,,
SH-Q4905,brandegeei,QUBR_EC_0097,TCB-06812,11-2024,3/31/2025,D. Barry,silica,FastPrep - 2x 30sec @ 6.0m/s,Scissors,EZNA,Consolidated,0.038,,,,132.0,,,,1.78,,1.16,,,,,,,,,
SH-Q4906,brandegeei,QUBR_EC_0098,TCB-06813,11-2024,3/31/2025,D. Barry,silica,FastPrep - 2x 30sec @ 6.0m/s,Scissors,EZNA,Consolidated,0.040,,,,173.7,,,,1.73,,1.07,,,,,,,,,Protein contamination error recorded on NanoDrop
SH-Q4907,brandegeei,QUBR_EC_0099,TCB-06814,11-2024,3/31/2025,D. Barry,silica,FastPrep - 2x 30sec @ 6.0m/s,Scissors,EZNA,Consolidated,0.040,,,,210.6,,,,1.65,,0.86,,,,,,,,,
SH-Q4908,brandegeei,QUBR_EC_0100,TCB-06815,11-2024,3/31/2025,D. Barry,silica,FastPrep - 2x 30sec @ 6.0m/s,Scissors,EZNA,Consolidated,0.038,,,,126.0,,,,1.83,,1.21,,,,,,,,,
SH-Q4909,brandegeei,QUBR_EC_0101,TCB-06816,11-2024,3/31/2025,D. Barry,silica,FastPrep - 2x 30sec @ 6.0m/s,Scissors,EZNA,Consolidated,0.037,,,,198.4,,,,1.73,,0.92,,,,,,,,,
SH-Q4910,brandegeei,QUBR_EC_0102,TCB-06817,11-2024,3/31/2025,D. Barry,silica,FastPrep - 2x 30sec @ 6.0m/s,Scissors,EZNA,Consolidated,0.040,,,,133.3,,,,1.84,,0.88,,,,,,,,,
SH-Q4911,brandegeei,QUBR_EC_0103,TCB-06818,11-2024,3/31/2025,D. Barry,silica,FastPrep - 2x 30sec @ 6.0m/s,Scissors,EZNA,Consolidated,0.037,,,,109.2,,,,1.64,,0.83,,,,,,,,,
SH-Q4912,brandegeei,QUBR_EC_0105,TCB-06820,11-2024,3/31/2025,D. Barry,silica,FastPrep - 2x 30sec @ 6.0m/s,Scissors,EZNA,Consolidated,0.036,,,,121.2,,,,1.82,,0.91,,,,,,,,,
SH-Q4913,brandegeei,QUBR_EC_0106,TCB-06821,11-2024,3/31/2025,D. Barry,silica,FastPrep - 2x 30sec @ 6.0m/s,Scissors,EZNA,Consolidated,0.040,,,,95.3,,,,1.77,,0.67,,,,,,,,,
SH-Q4914,brandegeei,QUBR_EC_0107,TCB-06822,11-2024,3/31/2025,D. Barry,silica,FastPrep - 2x 30sec @ 6.0m/s,Scissors,EZNA,Consolidated,0.037,,,,91.3,,,,1.59,,0.66,,,,,,,,,
SH-Q4915,brandegeei,QUBR_EC_0108,TCB-06823,11-2024,3/31/2025,D. Barry,silica,FastPrep - 2x 30sec @ 6.0m/s,Scissors,EZNA,Consolidated,0.040,,,,122.4,,,,1.72,,0.84,,,,,,,,,
SH-Q4916,brandegeei,QUBR_EC_0109,TCB-06824,11-2024,4/1/2025,D. Barry,silica,FastPrep - 2x 30sec @ 6.0m/s,Scissors,EZNA,Consolidated,0.038,,,,64.6,,,,1.59,,0.41,,,,,,,,,Protein contamination error recorded on NanoDrop
SH-Q4917,brandegeei,QUBR_LB_0032B,TCB-06825,11-2024,4/1/2025,D. Barry,silica,FastPrep - 2x 30sec @ 6.0m/s,Scissors,EZNA,Consolidated,0.035,,,,129.0,,,,1.65,,0.84,,,,,,,,,
SH-Q4918,brandegeei,QUBR_OP_001,TCB-06468,11-2024,4/1/2025,D. Barry,silica,FastPrep - 2x 30sec @ 6.0m/s,Scissors,EZNA,Consolidated,0.034,,,,202.6,,,,1.83,,0.94,,,,,,,,,
SH-Q4919,brandegeei,QUBR_OP_002,TCB-06469,11-2024,4/1/2025,D. Barry,silica,FastPrep - 2x 30sec @ 6.0m/s,Scissors,EZNA,Consolidated,0.029,,,,160.9,,,,1.87,,1.19,,,,,,,,,
SH-Q4920,brandegeei,QUBR_OP_003,TCB-06470,11-2024,4/1/2025,D. Barry,silica,FastPrep - 2x 30sec @ 6.0m/s,Scissors,EZNA,Consolidated,0.034,,,,192.0,,,,1.84,,0.99,,,,,,,,,
SH-Q4921,brandegeei,QUBR_OP_004,TCB-06471,11-2024,4/1/2025,D. Barry,silica,FastPrep - 2x 30sec @ 6.0m/s,Scissors,EZNA,Consolidated,0.023,,,,86.1,,,,1.73,,0.61,,,,,,,,,
SH-Q4922,brandegeei,QUBR_OP_005,TCB-06472,11-2024,4/1/2025,D. Barry,silica,FastPrep - 2x 30sec @ 6.0m/s,Scissors,EZNA,Consolidated,0.033,,,,156.0,,,,1.88,,1.18,,,,,,,,,
SH-Q4923,brandegeei,QUBR_OP_006,TCB-06473,11-2024,4/1/2025,D. Barry,silica,FastPrep - 2x 30sec @ 6.0m/s,Scissors,EZNA,Consolidated,0.024,,,,136.7,,,,1.80,,0.94,,,,,,,,,
SH-Q4924,brandegeei,QUBR_OP_007,TCB-06474,11-2024,4/1/2025,D. Barry,silica,FastPrep - 2x 30sec @ 6.0m/s,Scissors,EZNA,Consolidated,0.025,,,,166.3,,,,1.86,,1.00,,,,,,,,,
SH-Q4925,brandegeei,QUBR_OP_008,TCB-06475,11-2024,4/1/2025,D. Barry,silica,FastPrep - 2x 30sec @ 6.0m/s,Scissors,EZNA,Consolidated,0.033,,,,73.8,,,,1.70,,0.56,,,,,,,,,
SH-Q4926,brandegeei,QUBR_OP_009,TCB-06476,11-2024,4/1/2025,D. Barry,silica,FastPrep - 2x 30sec @ 6.0m/s,Scissors,EZNA,Consolidated,0.030,,,,121.2,,,,1.72,,0.81,,,,,,,,,
SH-Q4927,brandegeei,QUBR_OP_010,TCB-06477,11-2024,4/1/2025,D. Barry,silica,FastPrep - 2x 30sec @ 6.0m/s,Scissors,EZNA,Consolidated,0.026,,,,68.0,,,,1.69,,0.59,,,,,,,,,
SH-Q4928,brandegeei,QUBR_OP_011,TCB-06478,11-2024,4/1/2025,D. Barry,silica,FastPrep - 2x 30sec @ 6.0m/s,Scissors,EZNA,Consolidated,0.025,,,,90.8,,,,1.80,,0.86,,,,,,,,,
SH-Q4929,brandegeei,QUBR_OP_012,TCB-06479,11-2024,4/1/2025,D. Barry,silica,FastPrep - 2x 30sec @ 6.0m/s,Scissors,EZNA,Consolidated,0.034,,,,113.2,,,,1.84,,0.78,,,,,,,,,
SH-Q4930,brandegeei,QUBR_OP_013,TCB-06480,11-2024,4/1/2025,D. Barry,silica,FastPrep - 2x 30sec @ 6.0m/s,Scissors,EZNA,Consolidated,0.027,,,,88.7,,,,1.87,,0.79,,,,,,,,,
SH-Q4931,brandegeei,QUBR_OP_014,TCB-06481,11-2024,4/1/2025,D. Barry,silica,FastPrep - 2x 30sec @ 6.0m/s,Scissors,EZNA,Consolidated,0.036,,,,187.0,,,,1.95,,0.92,,,,,,,,,
SH-Q4932,brandegeei,QUBR_OP_015,TCB-06482,11-2024,4/1/2025,D. Barry,silica,FastPrep - 2x 30sec @ 6.0m/s,Scissors,EZNA,Consolidated,0.029,,,,68.3,,,,1.81,,0.70,,,,,,,,,
SH-Q4933,brandegeei,QUBR_OP_016,TCB-06483,11-2024,4/1/2025,D. Barry,silica,FastPrep - 2x 30sec @ 6.0m/s,Scissors,EZNA,Consolidated,0.032,,,,91.1,,,,1.90,,0.64,,,,,,,,,
SH-Q4934,brandegeei,QUBR_OP_017,TCB-06484,11-2024,4/1/2025,D. Barry,silica,FastPrep - 2x 30sec @ 6.0m/s,Scissors,EZNA,Consolidated,0.036,,,,152.5,,,,1.93,,0.75,,,,,,,,,
SH-Q4935,brandegeei,QUBR_OP_018,TCB-06485,11-2024,4/1/2025,D. Barry,silica,FastPrep - 2x 30sec @ 6.0m/s,Scissors,EZNA,Consolidated,0.029,,,,98.0,,,,1.81,,0.99,,,,,,,,,
SH-Q4936,brandegeei,QUBR_OP_019,TCB-06486,11-2024,4/1/2025,D. Barry,silica,FastPrep - 2x 30sec @ 6.0m/s,Scissors,EZNA,Consolidated,0.035,,,,101.7,,,,1.84,,0.74,,,,,,,,,
SH-Q4937,brandegeei,QUBR_OP_020,TCB-06487,11-2024,4/1/2025,D. Barry,silica,FastPrep - 2x 30sec @ 6.0m/s,Scissors,EZNA,Consolidated,0.022,,,,116.3,,,,1.80,,0.81,,,,,,,,,
SH-Q4938,brandegeei,QUBR_OP_021,TCB-06488,11-2024,4/1/2025,D. Barry,silica,FastPrep - 2x 30sec @ 6.0m/s,Scissors,EZNA,Consolidated,0.033,,,,115.5,,,,1.83,,0.82,,,,,,,,,
SH-Q4939,brandegeei,QUBR_OP_022,TCB-06489,11-2024,4/1/2025,D. Barry,silica,FastPrep - 2x 30sec @ 6.0m/s,Scissors,EZNA,Consolidated,0.033,,,,124.4,,,,1.85,,0.91,,,,,,,,,
SH-Q4940,brandegeei,QUBR_OP_023,TCB-06490,11-2024,4/3/2025,D. Barry,silica,FastPrep - 2x 30sec @ 6.0m/s,Scissors,EZNA,Consolidated,0.034,,,,103.0,,,,1.91,,0.89,,,,,,,,,
SH-Q4941,brandegeei,QUBR_OP_024,TCB-06491,11-2024,4/3/2025,D. Barry,silica,FastPrep - 2x 30sec @ 6.0m/s,Scissors,EZNA,Consolidated,0.024,,,,185.6,,,,1.99,,1.42,,,,,,,,,
SH-Q4942,brandegeei,QUBR_OP_025,TCB-06492,11-2024,4/3/2025,D. Barry,silica,FastPrep - 2x 30sec @ 6.0m/s,Scissors,EZNA,Consolidated,0.027,,,,139.1,,,,1.92,,1.20,,,,,,,,,
SH-Q4943,brandegeei,QUBR_OP_026,TCB-06493,11-2024,4/3/2025,D. Barry,silica,FastPrep - 2x 30sec @ 6.0m/s,Scissors,EZNA,Consolidated,0.033,,,,133.4,,,,1.85,,0.65,,,,,,,,,
SH-Q4944,brandegeei,QUBR_OP_027,TCB-06494,11-2024,4/3/2025,D. Barry,silica,FastPrep - 2x 30sec @ 6.0m/s,Scissors,EZNA,Consolidated,0.036,,,,94.7,,,,1.41,,0.15,,,,,,,,,
SH-Q4945,brandegeei,QUBR_OP_028,TCB-06495,11-2024,4/3/2025,D. Barry,silica,FastPrep - 2x 30sec @ 6.0m/s,Scissors,EZNA,Consolidated,0.036,,,,87.4,,,,1.88,,0.49,,,,,,,,,
SH-Q4946,brandegeei,QUBR_OP_029,TCB-06496,11-2024,4/3/2025,D. Barry,silica,FastPrep - 2x 30sec @ 6.0m/s,Scissors,EZNA,Consolidated,0.037,,,,181.9,,,,1.89,,1.25,,,,,,,,,
SH-Q4947,brandegeei,QUBR_OP_030,TCB-06497,11-2024,4/3/2025,D. Barry,silica,FastPrep - 2x 30sec @ 6.0m/s,Scissors,EZNA,Consolidated,0.026,,,,77.9,,,,1.93,,0.69,,,,,,,,,
SH-Q4948,brandegeei,QUBR_OP_031,TCB-06498,11-2024,4/3/2025,D. Barry,silica,FastPrep - 2x 30sec @ 6.0m/s,Scissors,EZNA,Consolidated,0.036,,,,71.9,,,,1.91,,0.68,,,,,,,,,
SH-Q4949,brandegeei,QUBR_OP_032,TCB-06499,11-2024,4/3/2025,D. Barry,silica,FastPrep - 2x 30sec @ 6.0m/s,Scissors,EZNA,Consolidated,0.038,,,,92.5,,,,1.90,,0.63,,,,,,,,,
SH-Q4950,brandegeei,QUBR_OP_033,TCB-06500,11-2024,4/3/2025,D. Barry,silica,FastPrep - 2x 30sec @ 6.0m/s,Scissors,EZNA,Consolidated,0.030,,,,46.8,,,,1.45,,0.15,,,,,,,,,
SH-Q4951,brandegeei,QUBR_OP_034,TCB-06501,11-2024,4/3/2025,D. Barry,silica,FastPrep - 2x 30sec @ 6.0m/s,Scissors,EZNA,Consolidated,0.029,,,,77.0,,,,1.75,,0.30,,,,,,,,,
SH-Q4952,brandegeei,QUBR_OP_035,TCB-06502,11-2024,4/3/2025,D. Barry,silica,FastPrep - 2x 30sec @ 6.0m/s,Scissors,EZNA,Consolidated,0.037,,,,129.9,,,,1.87,,1.21,,,,,,,,,
SH-Q4953,brandegeei,QUBR_OP_036,TCB-06503,11-2024,4/3/2025,D. Barry,silica,FastPrep - 2x 30sec @ 6.0m/s,Scissors,EZNA,Consolidated,0.033,,,,152.0,,,,1.89,,1.23,,,,,,,,,
SH-Q4954,brandegeei,QUBR_OP_037,TCB-06504,11-2024,4/3/2025,D. Barry,silica,FastPrep - 2x 30sec @ 6.0m/s,Scissors,EZNA,Consolidated,0.028,,,,161.3,,,,1.94,,0.96,,,,,,,,,
SH-Q4955,brandegeei,QUBR_OP_038,TCB-06505,11-2024,4/3/2025,D. Barry,silica,FastPrep - 2x 30sec @ 6.0m/s,Scissors,EZNA,Consolidated,0.032,,,,105.0,,,,1.80,,0.54,,,,,,,,,
SH-Q4956,brandegeei,QUBR_OP_039,TCB-06506,11-2024,4/3/2025,D. Barry,silica,FastPrep - 2x 30sec @ 6.0m/s,Scissors,EZNA,Consolidated,0.029,,,,80.6,,,,1.76,,0.59,,,,,,,,,
SH-Q4957,brandegeei,QUBR_OP_040,TCB-06507,11-2024,4/3/2025,D. Barry,silica,FastPrep - 2x 30sec @ 6.0m/s,Scissors,EZNA,Consolidated,0.030,,,,73.4,,,,1.63,,0.33,,,,,,,,,
SH-Q4958,brandegeei,QUBR_OP_041,TCB-06508,11-2024,4/3/2025,D. Barry,silica,FastPrep - 2x 30sec @ 6.0m/s,Scissors,EZNA,Consolidated,0.033,,,,112.2,,,,1.72,,0.86,,,,,,,,,
SH-Q4959,brandegeei,QUBR_OP_042,TCB-06509,11-2024,4/3/2025,D. Barry,silica,FastPrep - 2x 30sec @ 6.0m/s,Scissors,EZNA,Consolidated,0.023,,,,66.9,,,,1.75,,0.60,,,,,,,,,
SH-Q4960,brandegeei,QUBR_OP_043,TCB-06510,11-2024,4/3/2025,D. Barry,silica,FastPrep - 2x 30sec @ 6.0m/s,Scissors,EZNA,Consolidated,0.037,,,,88.7,,,,1.78,,0.61,,,,,,,,,
SH-Q4961,brandegeei,QUBR_OP_044,TCB-06511,11-2024,4/3/2025,D. Barry,silica,FastPrep - 2x 30sec @ 6.0m/s,Scissors,EZNA,Consolidated,0.028,,,,75.9,,,,1.55,,0.31,,,,,,,,,
SH-Q4962,brandegeei,QUBR_OP_045,TCB-06512,11-2024,4/3/2025,D. Barry,silica,FastPrep - 2x 30sec @ 6.0m/s,Scissors,EZNA,Consolidated,0.024,,,,139.3,,,,1.81,,1.03,,,,,,,,,
SH-Q4963,brandegeei,QUBR_OP_046,TCB-06513,11-2024,4/3/2025,D. Barry,silica,FastPrep - 2x 30sec @ 6.0m/s,Scissors,EZNA,Consolidated,0.028,,,,74.0,,,,1.71,,0.47,,,,,,,,,
SH-Q4964,brandegeei,QUBR_OP_047,TCB-06514,11-2024,4/7/2025,D. Barry,silica,FastPrep - 2x 30sec @ 6.0m/s,Scissors,EZNA,Consolidated,0.031,,,,307.9,,,,1.99,,1.93,,,,,,,,,
SH-Q4965,brandegeei,QUBR_OP_048,TCB-06515,11-2024,4/7/2025,D. Barry,silica,FastPrep - 2x 30sec @ 6.0m/s,Scissors,EZNA,Consolidated,0.037,,,,117.5,,,,1.92,,2.05,,,,,,,,,
SH-Q4966,brandegeei,QUBR_OP_049,TCB-06516,11-2024,4/7/2025,D. Barry,silica,FastPrep - 2x 30sec @ 6.0m/s,Scissors,EZNA,Consolidated,0.029,,,,118.3,,,,1.88,,1.78,,,,,,,,,
SH-Q4967,brandegeei,QUBR_OP_050,TCB-06517,11-2024,4/7/2025,D. Barry,silica,FastPrep - 2x 30sec @ 6.0m/s,Scissors,EZNA,Consolidated,0.034,,,,53.5,,,,1.94,,0.29,,,,,,,,,
SH-Q4968,brandegeei,QUBR_OP_051,TCB-06518,11-2024,4/7/2025,D. Barry,silica,FastPrep - 2x 30sec @ 6.0m/s,Scissors,EZNA,Consolidated,0.034,,,,162.0,,,,1.91,,1.69,,,,,,,,,
SH-Q4969,brandegeei,QUBR_OP_052,TCB-06519,11-2024,4/7/2025,D. Barry,silica,FastPrep - 2x 30sec @ 6.0m/s,Scissors,EZNA,Consolidated,0.039,,,,213.1,,,,1.85,,0.56,,,,,,,,,
SH-Q4970,brandegeei,QUBR_OP_053,TCB-06520,11-2024,4/7/2025,D. Barry,silica,FastPrep - 2x 30sec @ 6.0m/s,Scissors,EZNA,Consolidated,0.037,,,,217.6,,,,1.83,,0.62,,,,,,,,,
SH-Q4971,brandegeei,QUBR_OP_054,TCB-06521,11-2024,4/7/2025,D. Barry,silica,FastPrep - 2x 30sec @ 6.0m/s,Scissors,EZNA,Consolidated,0.026,,,,109.9,,,,1.82,,1.45,,,,,,,,,
SH-Q4972,brandegeei,QUBR_OP_055,TCB-06522,11-2024,4/7/2025,D. Barry,silica,FastPrep - 2x 30sec @ 6.0m/s,Scissors,EZNA,Consolidated,0.030,,,,122.3,,,,1.86,,1.45,,,,,,,,,
SH-Q4973,brandegeei,QUBR_OP_056,TCB-06523,11-2024,4/7/2025,D. Barry,silica,FastPrep - 2x 30sec @ 6.0m/s,Scissors,EZNA,Consolidated,0.033,,,,124.4,,,,1.85,,1.46,,,,,,,,,
SH-Q4974,brandegeei,QUBR_OP_057,TCB-06524,11-2024,4/7/2025,D. Barry,silica,FastPrep - 2x 30sec @ 6.0m/s,Scissors,EZNA,Consolidated,0.035,,,,362.0,,,,2.01,,1.66,,,,,,,,,
SH-Q4975,brandegeei,QUBR_OP_058,TCB-06525,11-2024,4/7/2025,D. Barry,silica,FastPrep - 2x 30sec @ 6.0m/s,Scissors,EZNA,Consolidated,0.039,,,,268.2,,,,1.91,,0.76,,,,,,,,,
SH-Q4976,brandegeei,QUBR_OP_059,TCB-06526,11-2024,4/7/2025,D. Barry,silica,FastPrep - 2x 30sec @ 6.0m/s,Scissors,EZNA,Consolidated,0.032,,,,186.8,,,,1.94,,1.46,,,,,,,,,
SH-Q4977,brandegeei,QUBR_OP_060,TCB-06527,11-2024,4/7/2025,D. Barry,silica,FastPrep - 2x 30sec @ 6.0m/s,Scissors,EZNA,Consolidated,0.038,,,,218.5,,,,1.97,,1.41,,,,,,,,,
SH-Q4978,brandegeei,QUBR_OP_061,TCB-06528,11-2024,4/14/2025,D. Barry,silica,FastPrep - 2x 30sec @ 6.0m/s,Scissors,EZNA,Consolidated,0.036,,,,98.0,,,,1.85,,1.66,,,,,,,,,
SH-Q4979,brandegeei,QUBR_OP_062,TCB-06529,11-2024,4/7/2025,D. Barry,silica,FastPrep - 2x 30sec @ 6.0m/s,Scissors,EZNA,Consolidated,0.033,,,,130.7,,,,1.89,,1.22,,,,,,,,,
SH-Q4980,brandegeei,QUBR_OP_063,TCB-06530,11-2024,4/7/2025,D. Barry,silica,FastPrep - 2x 30sec @ 6.0m/s,Scissors,EZNA,Consolidated,0.034,,,,109.1,,,,1.84,,1.11,,,,,,,,,
SH-Q4981,brandegeei,QUBR_OP_064,TCB-06531,11-2024,4/7/2025,D. Barry,silica,FastPrep - 2x 30sec @ 6.0m/s,Scissors,EZNA,Consolidated,0.038,,,,131.2,,,,1.91,,1.24,,,,,,,,,
SH-Q4982,brandegeei,QUBR_OP_065,TCB-06532,11-2024,4/7/2025,D. Barry,silica,FastPrep - 2x 30sec @ 6.0m/s,Scissors,EZNA,Consolidated,0.036,,,,180.7,,,,1.95,,1.30,,,,,,,,,
SH-Q4983,brandegeei,QUBR_OP_101,TCB-06533,11-2024,4/7/2025,D. Barry,silica,FastPrep - 2x 30sec @ 6.0m/s,Scissors,EZNA,Consolidated,0.040,,,,99.9,,,,1.83,,0.97,,,,,,,,,
SH-Q4984,brandegeei,QUBR_OP_102,TCB-06534,11-2024,4/7/2025,D. Barry,silica,FastPrep - 2x 30sec @ 6.0m/s,Scissors,EZNA,Consolidated,0.031,,,,81.6,,,,1.78,,1.64,,,,,,,,,
SH-Q4985,brandegeei,QUBR_OP_103,TCB-06535,11-2024,4/7/2025,D. Barry,silica,FastPrep - 2x 30sec @ 6.0m/s,Scissors,EZNA,Consolidated,0.032,,,,146.6,,,,1.86,,0.57,,,,,,,,,
SH-Q4986,brandegeei,QUBR_OP_104,TCB-06536,11-2024,4/7/2025,D. Barry,silica,FastPrep - 2x 30sec @ 6.0m/s,Scissors,EZNA,Consolidated,0.040,,,,93.0,,,,1.80,,1.78,,,,,,,,,
SH-Q4987,brandegeei,QUBR_OP_105,TCB-06537,11-2024,4/7/2025,D. Barry,silica,FastPrep - 2x 30sec @ 6.0m/s,Scissors,EZNA,Consolidated,0.039,,,,113.4,,,,1.93,,1.59,,,,,,,,,
SH-Q4988,brandegeei,QUBR_OP_106,TCB-06538,11-2024,4/8/2025,D. Barry,silica,FastPrep - 2x 30sec @ 6.0m/s,Scissors,EZNA,Consolidated,0.031,,,,111.8,,,,1.83,,0.93,,,,,,,,,
SH-Q4989,brandegeei,QUBR_OP_107,TCB-06539,11-2024,4/8/2025,D. Barry,silica,FastPrep - 2x 30sec @ 6.0m/s,Scissors,EZNA,Consolidated,0.021,,,,206.8,,,,1.85,,0.57,,,,,,,,,
SH-Q4990,brandegeei,QUBR_2022_0025,TCB-05419,4-2024,4/8/2025,D. Barry,silica,FastPrep - 2x 30sec @ 6.0m/s,Scissors,EZNA,Consolidated,0.039,,,,121.4,,,,1.82,,1.14,,,,,,,,,
SH-Q4991,brandegeei,QUBR_OP_109,TCB-06541,11-2024,4/8/2025,D. Barry,silica,FastPrep - 2x 30sec @ 6.0m/s,Scissors,EZNA,Consolidated,0.022,,,,69.9,,,,1.87,,1.07,,,,,,,,,
SH-Q4992,brandegeei,QUBR_OP_110,TCB-06542,11-2024,4/8/2025,D. Barry,silica,FastPrep - 2x 30sec @ 6.0m/s,Scissors,EZNA,Consolidated,0.021,,,,96.4,,,,1.89,,1.39,,,,,,,,,
SH-Q4993,brandegeei,QUBR_OP_111,TCB-06543,11-2024,4/8/2025,D. Barry,silica,FastPrep - 2x 30sec @ 6.0m/s,Scissors,EZNA,Consolidated,0.036,,,,156.2,,,,1.98,,1.14,,,,,,,,,
SH-Q4994,brandegeei,QUBR_OP_112,TCB-06544,11-2024,4/8/2025,D. Barry,silica,FastPrep - 2x 30sec @ 6.0m/s,Scissors,EZNA,Consolidated,0.025,,,,85.2,,,,1.74,,0.82,,,,,,,,,Protein contamination error recorded on NanoDrop
SH-Q4995,brandegeei,QUBR_OP_113,TCB-06545,11-2024,4/8/2025,D. Barry,silica,FastPrep - 2x 30sec @ 6.0m/s,Scissors,EZNA,Consolidated,0.038,,,,231.6,,,,1.96,,1.66,,,,,,,,,
SH-Q4996,brandegeei,QUBR_OP_114,TCB-06546,11-2024,4/8/2025,D. Barry,silica,FastPrep - 2x 30sec @ 6.0m/s,Scissors,EZNA,Consolidated,0.033,,,,84.4,,,,1.91,,1.10,,,,,,,,,
SH-Q4997,brandegeei,QUBR_OP_115,TCB-06547,11-2024,4/8/2025,D. Barry,silica,FastPrep - 2x 30sec @ 6.0m/s,Scissors,EZNA,Consolidated,0.031,,,,82.4,,,,1.81,,0.72,,,,,,,,,
SH-Q4998,brandegeei,QUBR_OP_116,TCB-06548,11-2024,4/8/2025,D. Barry,silica,FastPrep - 2x 30sec @ 6.0m/s,Scissors,EZNA,Consolidated,0.034,,,,82.7,,,,1.89,,0.81,,,,,,,,,
SH-Q4999,brandegeei,QUBR_OP_117,TCB-06549,11-2024,4/8/2025,D. Barry,silica,FastPrep - 2x 30sec @ 6.0m/s,Scissors,EZNA,Consolidated,0.035,,,,87.8,,,,1.91,,1.02,,,,,,,,,
SH-Q5000,brandegeei,QUBR_OP_118,TCB-06550,11-2024,4/8/2025,D. Barry,silica,FastPrep - 2x 30sec @ 6.0m/s,Scissors,EZNA,Consolidated,0.030,,,,128.4,,,,1.90,,0.92,,,,,,,,,
SH-Q5001,brandegeei,QUBR_OP_119,TCB-06551,11-2024,4/8/2025,D. Barry,silica,FastPrep - 2x 30sec @ 6.0m/s,Scissors,EZNA,Consolidated,0.033,,,,139.9,,,,1.96,,0.81,,,,,,,,,
SH-Q5002,brandegeei,QUBR_OP_120,TCB-06552,11-2024,4/8/2025,D. Barry,silica,FastPrep - 2x 30sec @ 6.0m/s,Scissors,EZNA,Consolidated,0.035,,,,110.7,,,,1.93,,0.77,,,,,,,,,
SH-Q5003,brandegeei,QUBR_OP_121,TCB-06553,11-2024,4/8/2025,D. Barry,silica,FastPrep - 2x 30sec @ 6.0m/s,Scissors,EZNA,Consolidated,0.031,,,,80.6,,,,1.85,,0.82,,,,,,,,,
SH-Q5004,brandegeei,QUBR_OP_122,TCB-06554,11-2024,4/8/2025,D. Barry,silica,FastPrep - 2x 30sec @ 6.0m/s,Scissors,EZNA,Consolidated,0.028,,,,97.3,,,,1.84,,1.99,,,,,,,,,
SH-Q5005,brandegeei,QUBR_OP_123,TCB-06555,11-2024,4/8/2025,D. Barry,silica,FastPrep - 2x 30sec @ 6.0m/s,Scissors,EZNA,Consolidated,0.035,,,,83.3,,,,1.91,,0.81,,,,,,,,,
SH-Q5006,brandegeei,QUBR_OP_124,TCB-06556,11-2024,4/8/2025,D. Barry,silica,FastPrep - 2x 30sec @ 6.0m/s,Scissors,EZNA,Consolidated,0.028,,,,162.6,,,,1.92,,0.98,,,,,,,,,
SH-Q5007,brandegeei,QUBR_OP_125,TCB-06557,11-2024,4/8/2025,D. Barry,silica,FastPrep - 2x 30sec @ 6.0m/s,Scissors,EZNA,Consolidated,0.034,,,,158.5,,,,2.01,,0.73,,,,,,,,,
SH-Q5008,brandegeei,QUBR_OP_126,TCB-06558,11-2024,4/8/2025,D. Barry,silica,FastPrep - 2x 30sec @ 6.0m/s,Scissors,EZNA,Consolidated,0.026,,,,149.7,,,,1.96,,0.65,,,,,,,,,
SH-Q5009,brandegeei,QUBR_OP_127,TCB-06559,11-2024,4/8/2025,D. Barry,silica,FastPrep - 2x 30sec @ 6.0m/s,Scissors,EZNA,Consolidated,0.039,,,,176.6,,,,2.00,,2.12,,,,,,,,,
SH-Q5010,brandegeei,QUBR_OP_128,TCB-06560,11-2024,4/8/2025,D. Barry,silica,FastPrep - 2x 30sec @ 6.0m/s,Scissors,EZNA,Consolidated,0.033,,,,88.1,,,,1.89,,1.31.,,,,,,,,,
SH-Q5011,brandegeei,QUBR_OP_129,TCB-06561,11-2024,4/8/2025,D. Barry,silica,FastPrep - 2x 30sec @ 6.0m/s,Scissors,EZNA,Consolidated,0.030,,,,107.5,,,,1.97,,0.61,,,,,,,,,
SH-Q5012,brandegeei,QUBR_OP_130,TCB-06562,11-2024,4/10/2025,D. Barry,silica,FastPrep - 2x 30sec @ 6.0m/s,Scissors,EZNA,Consolidated,0.030,,,,182.9,,,,1.92,,0.89,,,,,,,,,
SH-Q5013,brandegeei,QUBR_OP_131,TCB-06563,11-2024,4/10/2025,D. Barry,silica,FastPrep - 2x 30sec @ 6.0m/s,Scissors,EZNA,Consolidated,0.031,,,,298.3,,,,1.86,,0.65,,,,,,,,,
SH-Q5014,brandegeei,QUBR_OP_132,TCB-06564,11-2024,4/10/2025,D. Barry,silica,FastPrep - 2x 30sec @ 6.0m/s,Scissors,EZNA,Consolidated,0.031,,,,142.5,,,,1.82,,0.77,,,,,,,,,
SH-Q5015,brandegeei,QUBR_OP_133,TCB-06565,11-2024,4/10/2025,D. Barry,silica,FastPrep - 2x 30sec @ 6.0m/s,Scissors,EZNA,Consolidated,0.035,,,,223.1,,,,1.89,,1.25,,,,,,,,,
SH-Q5016,brandegeei,QUBR_OP_134,TCB-06566,11-2024,4/10/2025,D. Barry,silica,FastPrep - 2x 30sec @ 6.0m/s,Scissors,EZNA,Consolidated,0.035,,,,104.5,,,,1.79,,0.50,,,,,,,,,
SH-Q5017,brandegeei,QUBR_OP_135,TCB-06567,11-2024,4/10/2025,D. Barry,silica,FastPrep - 2x 30sec @ 6.0m/s,Scissors,EZNA,Consolidated,0.038,,,,114.9,,,,1.87,,0.93,,,,,,,,,
SH-Q5018,brandegeei,QUBR_OP_136,TCB-06568,11-2024,4/10/2025,D. Barry,silica,FastPrep - 2x 30sec @ 6.0m/s,Scissors,EZNA,Consolidated,0.034,,,,129.7,,,,1.84,,0.90,,,,,,,,,
SH-Q5019,brandegeei,QUBR_OP_137,TCB-06569,11-2024,4/10/2025,D. Barry,silica,FastPrep - 2x 30sec @ 6.0m/s,Scissors,EZNA,Consolidated,0.027,,,,143.6,,,,1.88,,0.65,,,,,,,,,
SH-Q5020,brandegeei,QUBR_OP_138,TCB-06570,11-2024,4/10/2025,D. Barry,silica,FastPrep - 2x 30sec @ 6.0m/s,Scissors,EZNA,Consolidated,0.039,,,,87.9,,,,1.77,,0.58,,,,,,,,,
SH-Q5021,brandegeei,QUBR_OP_139,TCB-06571,11-2024,4/10/2025,D. Barry,silica,FastPrep - 2x 30sec @ 6.0m/s,Scissors,EZNA,Consolidated,0.027,,,,94.1,,,,1.75,,0.62,,,,,,,,,
SH-Q5022,brandegeei,QUBR_OP_140,TCB-06572,11-2024,4/10/2025,D. Barry,silica,FastPrep - 2x 30sec @ 6.0m/s,Scissors,EZNA,Consolidated,0.034,,,,119.7,,,,1.77,,0.67,,,,,,,,,
SH-Q5023,brandegeei,QUBR_OP_141,TCB-06573,11-2024,4/10/2025,D. Barry,silica,FastPrep - 2x 30sec @ 6.0m/s,Scissors,EZNA,Consolidated,0.030,,,,92.0,,,,1.85,,0.72,,,,,,,,,
SH-Q5024,brandegeei,QUBR_OP_201,TCB-06574,11-2024,4/10/2025,D. Barry,silica,FastPrep - 2x 30sec @ 6.0m/s,Scissors,EZNA,Consolidated,0.031,,,,67.6,,,,1.74,,0.63,,,,,,,,,
SH-Q5025,brandegeei,QUBR_OP_202,TCB-06575,11-2024,4/10/2025,D. Barry,silica,FastPrep - 2x 30sec @ 6.0m/s,Scissors,EZNA,Consolidated,0.036,,,,101.8,,,,1.72,,0.48,,,,,,,,,
SH-Q5026,brandegeei,QUBR_OP_203,TCB-06576,11-2024,4/10/2025,D. Barry,silica,FastPrep - 2x 30sec @ 6.0m/s,Scissors,EZNA,Consolidated,0.034,,,,109.7,,,,1.78,,0.67,,,,,,,,,
SH-Q5027,brandegeei,QUBR_OP_204,TCB-06577,11-2024,4/10/2025,D. Barry,silica,FastPrep - 2x 30sec @ 6.0m/s,Scissors,EZNA,Consolidated,0.030,,,,128.2,,,,1.74,,0.83,,,,,,,,,
SH-Q5028,brandegeei,QUBR_OP_205,TCB-06578,11-2024,4/10/2025,D. Barry,silica,FastPrep - 2x 30sec @ 6.0m/s,Scissors,EZNA,Consolidated,0.038,,,,209.4,,,,1.86,,0.71,,,,,,,,,
SH-Q5029,brandegeei,QUBR_OP_206,TCB-06579,11-2024,4/10/2025,D. Barry,silica,FastPrep - 2x 30sec @ 6.0m/s,Scissors,EZNA,Consolidated,0.033,,,,113.3,,,,1.51,,0.21,,,,,,,,,
SH-Q5030,brandegeei,QUBR_OP_207,TCB-06580,11-2024,4/10/2025,D. Barry,silica,FastPrep - 2x 30sec @ 6.0m/s,Scissors,EZNA,Consolidated,0.034,,,,120.4,,,,1.81,,0.87,,,,,,,,,
SH-Q5031,brandegeei,QUBR_OP_208,TCB-06581,11-2024,4/10/2025,D. Barry,silica,FastPrep - 2x 30sec @ 6.0m/s,Scissors,EZNA,Consolidated,0.035,,,,141.0,,,,1.89,,1.03,,,,,,,,,
SH-Q5032,brandegeei,QUBR_OP_209,TCB-06582,11-2024,4/10/2025,D. Barry,silica,FastPrep - 2x 30sec @ 6.0m/s,Scissors,EZNA,Consolidated,0.031,,,,119.0,,,,1.90,,0.78,,,,,,,,,
SH-Q5033,brandegeei,QUBR_OP_210,TCB-06583,11-2024,4/10/2025,D. Barry,silica,FastPrep - 2x 30sec @ 6.0m/s,Scissors,EZNA,Consolidated,0.035,,,,172.8,,,,1.73,,0.79,,,,,,,,,
SH-Q5034,brandegeei,QUBR_OP_211,TCB-06584,11-2024,4/10/2025,D. Barry,silica,FastPrep - 2x 30sec @ 6.0m/s,Scissors,EZNA,Consolidated,0.031,,,,90.9,,,,1.34,,0.15,,,,,,,,,
SH-Q5035,brandegeei,QUBR_OP_212,TCB-06585,11-2024,4/10/2025,D. Barry,silica,FastPrep - 2x 30sec @ 6.0m/s,Scissors,EZNA,Consolidated,0.032,,,,108.1,,,,1.87,,0.82,,,,,,,,,
SH-Q5036,brandegeei,QUBR_OP_213,TCB-06586,11-2024,4/14/2025,D. Barry,silica,FastPrep - 2x 30sec @ 6.0m/s,Scissors,EZNA,Consolidated,0.035,,,,202.6,,,,1.92,,2.38,,,,,,,,,
SH-Q5037,brandegeei,QUBR_OP_215,TCB-06603,11-2024,4/14/2025,D. Barry,silica,FastPrep - 2x 30sec @ 6.0m/s,Scissors,EZNA,Consolidated,0.038,,,,199.9,,,,1.88,,0.41,,,,,,,,,
SH-Q5038,brandegeei,QUBR_OP_216,TCB-06604,11-2024,4/14/2025,D. Barry,silica,FastPrep - 2x 30sec @ 6.0m/s,Scissors,EZNA,Consolidated,0.031,,,,203.1,,,,1.93,,1.98,,,,,,,,,
SH-Q5039,brandegeei,QUBR_OP_217,TCB-06605,11-2024,4/14/2025,D. Barry,silica,FastPrep - 2x 30sec @ 6.0m/s,Scissors,EZNA,Consolidated,0.037,,,,307.0,,,,2.02,,2.26,,,,,,,,,
SH-Q5040,brandegeei,QUBR_OP_218,TCB-06606,11-2024,4/14/2025,D. Barry,silica,FastPrep - 2x 30sec @ 6.0m/s,Scissors,EZNA,Consolidated,0.025,,,,81.2,,,,1.82,,1.85,,,,,,,,,
SH-Q5041,brandegeei,QUBR_OP_219,TCB-06607,11-2024,4/14/2025,D. Barry,silica,FastPrep - 2x 30sec @ 6.0m/s,Scissors,EZNA,Consolidated,0.033,,,,157.9,,,,1.98,,0.85,,,,,,,,,
SH-Q5042,brandegeei,QUBR_OP_220,TCB-06608,11-2024,4/14/2025,D. Barry,silica,FastPrep - 2x 30sec @ 6.0m/s,Scissors,EZNA,Consolidated,0.032,,,,111.9,,,,1.88,,1.42,,,,,,,,,
SH-Q5043,brandegeei,QUBR_OP_221,TCB-06609,11-2024,4/14/2025,D. Barry,silica,FastPrep - 2x 30sec @ 6.0m/s,Scissors,EZNA,Consolidated,0.025,,,,86.8,,,,1.78,,0.64,,,,,,,,,
SH-Q5044,brandegeei,QUBR_2022_0735,TCB-06018 ,04-2024,4/14/2025,D. Barry,silica,FastPrep - 2x 30sec @ 6.0m/s,Scissors,EZNA,Consolidated,0.034,,,,228.9,,,,1.99,,2.09,,,,,,,,,
SH-Q5045,brandegeei,QUBR_2022_1003,TCB-06182 ,04-2024,4/14/2025,D. Barry,silica,FastPrep - 2x 30sec @ 6.0m/s,Scissors,EZNA,Consolidated,0.031,,,,211.0,,,,1.98,,2.13,,,,,,,,,
SH-Q5046,brandegeei,QUBR_2022_1076,TCB-06125 ,04-2024,4/14/2025,D. Barry,silica,FastPrep - 2x 30sec @ 6.0m/s,Scissors,EZNA,Consolidated,0.024,,,,75.3,,,,1.84,,1.59,,,,,,,,,
SH-Q5047,brandegeei,QUBR_2023_0673,TCB-06863,11-2024,6/9/2025,D. Barry,silica,FastPrep - 2x 30sec @ 6.0m/s,Scissors,EZNA,Consolidated,0.035,,,,117.8,,,,1.98,,1.69,,,,,,,,,
SH-Q5048,brandegeei,QUBR_2023_0107,TCB-06923,11-2024,6/9/2025,D. Barry,silica,FastPrep - 2x 30sec @ 6.0m/s,Scissors,EZNA,Consolidated,0.034,,,,140.2,,,,1.89,,0.13,,,,,,,,,
SH-Q5049,brandegeei,QUBR_2023_0108,TCB-06924,11-2024,6/9/2025,D. Barry,silica,FastPrep - 2x 30sec @ 6.0m/s,Scissors,EZNA,Consolidated,0.036,,,,40.5,,,,1.79,,0.26,,,,,,,,,
SH-Q5050,brandegeei,QUBR_2023_0094,TCB-06935,11-2024,6/9/2025,D. Barry,silica,FastPrep - 2x 30sec @ 6.0m/s,Scissors,EZNA,Consolidated,0.034,,,,78.6,,,,1.83,,0.27,,,,,,,,,
SH-Q5051,brandegeei,QUBR_2023_0158,TCB-06957,11-2024,6/9/2025,D. Barry,silica,FastPrep - 2x 30sec @ 6.0m/s,Scissors,EZNA,Consolidated,0.040,,,,61.9,,,,1.88,,0.43,,,,,,,,,
SH-Q5052,brandegeei,QUBR_2023_0173,TCB-06972,11-2024,6/9/2025,D. Barry,silica,FastPrep - 2x 30sec @ 6.0m/s,Scissors,EZNA,Consolidated,0.038,,,,19.4,,,,1.72,,2.10,,,,,,,,,
SH-Q5053,brandegeei,QUBR_2023_0142,TCB-06990,11-2024,6/9/2025,D. Barry,silica,FastPrep - 2x 30sec @ 6.0m/s,Scissors,EZNA,Consolidated,0.039,,,,96.2,,,,1.93,,0.62,,,,,,,,,
SH-Q5054,brandegeei,QUBR_2023_0899,TCB-07074,11-2024,6/9/2025,D. Barry,silica,FastPrep - 2x 30sec @ 6.0m/s,Scissors,EZNA,Consolidated,0.040,,,,125.7,,,,1.97,,0.70,,,,,,,,,
SH-Q5055,brandegeei,QUBR_2023_0915,TCB-07090,11-2024,6/9/2025,D. Barry,silica,FastPrep - 2x 30sec @ 6.0m/s,Scissors,EZNA,Consolidated,0.032,,,,65.1,,,,1.85,,0.27,,,,,,,,,
SH-Q5056,brandegeei,QUBR_2023_0824,TCB-07165,11-2024,6/9/2025,D. Barry,silica,FastPrep - 2x 30sec @ 6.0m/s,Scissors,EZNA,Consolidated,0.036,,,,77.0,,,,1.93,,0.15,,,,,,,,,
SH-Q5057,brandegeei,QUBR_2023_0884,TCB-07198,11-2024,6/9/2025,D. Barry,silica,FastPrep - 2x 30sec @ 6.0m/s,Scissors,EZNA,Consolidated,0.034,,,,49.3,,,,1.77,,0.48,,,,,,,,,
SH-Q5058,brandegeei,QUBR_2023_0058,TCB-07240,11-2024,6/9/2025,D. Barry,silica,FastPrep - 2x 30sec @ 6.0m/s,Scissors,EZNA,Consolidated,0.037,,,,94.5,,,,1.56,,0.13,,,,,,,,,
SH-Q5059,brandegeei,QUBR_2023_0578,TCB-07322,11-2024,6/9/2025,D. Barry,silica,FastPrep - 2x 30sec @ 6.0m/s,Scissors,EZNA,Consolidated,0.039,,,,59.5,,,,1.93,,0.15,,,,,,,,,
SH-Q5060,brandegeei,QUBR_2023_0592,TCB-07336,11-2024,6/9/2025,D. Barry,silica,FastPrep - 2x 30sec @ 6.0m/s,Scissors,EZNA,Consolidated,0.037,,,,61.6,,,,1.90,,0.18,,,,,,,,,
SH-Q5061,brandegeei,QUBR_2023_0604,TCB-07348,11-2024,6/9/2025,D. Barry,silica,FastPrep - 2x 30sec @ 6.0m/s,Scissors,EZNA,Consolidated,0.035,,,,43.4,,,,1.76,,0.06,,,,,,,,,
SH-Q5062,brandegeei,QUBR_2023_0617,TCB-07361,11-2024,6/9/2025,D. Barry,silica,FastPrep - 2x 30sec @ 6.0m/s,Scissors,EZNA,Consolidated,0.035,,,,43.5,,,,1.87,,0.09,,,,,,,,,
SH-Q5063,brandegeei,QUBR_2023_0623,TCB-07367,11-2024,6/9/2025,D. Barry,silica,FastPrep - 2x 30sec @ 6.0m/s,Scissors,EZNA,Consolidated,0.040,,,,41.7,,,,1.43,,0.08,,,,,,,,,
SH-Q5064,brandegeei,QUBR_2023_0624,TCB-07368,11-2024,6/9/2025,D. Barry,silica,FastPrep - 2x 30sec @ 6.0m/s,Scissors,EZNA,Consolidated,0.034,,,,91.0,,,,2.07,,0.60,,,,,,,,,
SH-Q5065,brandegeei,QUBR_2023_0632,TCB-07376,11-2024,6/9/2025,D. Barry,silica,FastPrep - 2x 30sec @ 6.0m/s,Scissors,EZNA,Consolidated,0.037,,,,45.4,,,,1.84,,0.09,,,,,,,,,
SH-Q5066,brandegeei,QUBR_2023_0648,TCB-07392,11-2024,6/9/2025,D. Barry,silica,FastPrep - 2x 30sec @ 6.0m/s,Scissors,EZNA,Consolidated,0.040,,,,87.8,,,,1.93,,1.91,,,,,,,,,
SH-Q5067,brandegeei,QUBR_2023_0649,TCB-07393,11-2024,6/9/2025,D. Barry,silica,FastPrep - 2x 30sec @ 6.0m/s,Scissors,EZNA,Consolidated,0.038,,,,59.6,,,,1.94,,2.04,,,,,,,,,
SH-Q5068,brandegeei,QUBR_2023_0651,TCB-07395,11-2024,6/9/2025,D. Barry,silica,FastPrep - 2x 30sec @ 6.0m/s,Scissors,EZNA,Consolidated,0.039,,,,30.8,,,,1.91,,1.79,,,,,,,,,
SH-Q5069,brandegeei,QUBR_2023_0654,TCB-07398,11-2024,6/9/2025,D. Barry,silica,FastPrep - 2x 30sec @ 6.0m/s,Scissors,EZNA,Consolidated,0.031,,,,88.1,,,,1.98,,0.77,,,,,,,,,
SH-Q5070,brandegeei,QUBR_OP_214,TCB-06847,11-2024,6/9/2025,D. Barry,silica,FastPrep - 2x 30sec @ 6.0m/s,Scissors,EZNA,Consolidated,0.035,,,,46.9,,,,1.77,,0.14,,,,,,,,,
SH-Q5071,brandegeei,QUBR_2023_0660,TCB-06850,11-2024,6/10/2025,D. Barry,silica,FastPrep - 2x 30sec @ 6.0m/s,Scissors,EZNA,Consolidated,0.037,,,,80.0,,,,1.78,,0.07,,,,,,,,,
SH-Q5072,brandegeei,QUBR_2023_0661,TCB-06851,11-2024,6/10/2025,D. Barry,silica,FastPrep - 2x 30sec @ 6.0m/s,Scissors,EZNA,Consolidated,0.035,,,,135.9,,,,1.94,,0.47,,,,,,,,,
SH-Q5073,brandegeei,QUBR_2023_0663,TCB-06853,11-2024,6/10/2025,D. Barry,silica,FastPrep - 2x 30sec @ 6.0m/s,Scissors,EZNA,Consolidated,0.040,,,,131.2,,,,1.98,,0.38,,,,,,,,,
SH-Q5074,brandegeei,QUBR_2023_0664,TCB-06854,11-2024,6/10/2025,D. Barry,silica,FastPrep - 2x 30sec @ 6.0m/s,Scissors,EZNA,Consolidated,0.034,,,,76.9,,,,1.91,,0.14,,,,,,,,,
SH-Q5075,brandegeei,QUBR_2023_0665,TCB-06855,11-2024,6/10/2025,D. Barry,silica,FastPrep - 2x 30sec @ 6.0m/s,Scissors,EZNA,Consolidated,0.037,,,,65.0,,,,1.89,,0.33,,,,,,,,,
SH-Q5076,brandegeei,QUBR_2023_0667,TCB-06857,11-2024,6/10/2025,D. Barry,silica,FastPrep - 2x 30sec @ 6.0m/s,Scissors,EZNA,Consolidated,0.028,,,,43.7,,,,2.31,,1.03,,,,,,,,,
SH-Q5077,brandegeei,QUBR_2023_0668,TCB-06858,11-2024,6/10/2025,D. Barry,silica,FastPrep - 2x 30sec @ 6.0m/s,Scissors,EZNA,Consolidated,0.037,,,,46.2,,,,1.69,,0.21,,,,,,,,,
SH-Q5078,brandegeei,QUBR_2023_0669,TCB-06859,11-2024,6/10/2025,D. Barry,silica,FastPrep - 2x 30sec @ 6.0m/s,Scissors,EZNA,Consolidated,0.035,,,,61.9,,,,1.55,,0.19,,,,,,,,,
SH-Q5079,brandegeei,QUBR_2023_0670,TCB-06860,11-2024,6/10/2025,D. Barry,silica,FastPrep - 2x 30sec @ 6.0m/s,Scissors,EZNA,Consolidated,0.035,,,,68.7,,,,1.78,,0.19,,,,,,,,,
SH-Q5080,brandegeei,QUBR_2023_0672,TCB-06862,11-2024,6/10/2025,D. Barry,silica,FastPrep - 2x 30sec @ 6.0m/s,Scissors,EZNA,Consolidated,0.027,,,,67.7,,,,1.91,,0.59,,,,,,,,,
SH-Q5081,brandegeei,QUBR_2023_0687,TCB-06865,11-2024,6/10/2025,D. Barry,silica,FastPrep - 2x 30sec @ 6.0m/s,Scissors,EZNA,Consolidated,0.040,,,,70.5,,,,1.94,,1.31,,,,,,,,,
SH-Q5082,brandegeei,QUBR_2023_0688,TCB-06866,11-2024,6/10/2025,D. Barry,silica,FastPrep - 2x 30sec @ 6.0m/s,Scissors,EZNA,Consolidated,0.039,,,,52.3,,,,1.52,,0.17,,,,,,,,,
SH-Q5083,brandegeei,QUBR_2023_0689,TCB-06867,11-2024,6/10/2025,D. Barry,silica,FastPrep - 2x 30sec @ 6.0m/s,Scissors,EZNA,Consolidated,0.038,,,,71.8,,,,1.94,,0.86,,,,,,,,,
SH-Q5084,brandegeei,QUBR_2023_0692,TCB-06870,11-2024,6/10/2025,D. Barry,silica,FastPrep - 2x 30sec @ 6.0m/s,Scissors,EZNA,Consolidated,0.033,,,,147.4,,,,2.00,,1.76,,,,,,,,,
SH-Q5085,brandegeei,QUBR_2023_0693,TCB-06871,11-2024,6/10/2025,D. Barry,silica,FastPrep - 2x 30sec @ 6.0m/s,Scissors,EZNA,Consolidated,0.040,,,,74.7,,,,1.88,,0.44,,,,,,,,,
SH-Q5086,brandegeei,QUBR_2023_0695,TCB-06873,11-2024,6/10/2025,D. Barry,silica,FastPrep - 2x 30sec @ 6.0m/s,Scissors,EZNA,Consolidated,0.035,,,,142.9,,,,2.01,,0.99,,,,,,,,,
SH-Q5087,brandegeei,QUBR_2023_0699,TCB-06877,11-2024,6/10/2025,D. Barry,silica,FastPrep - 2x 30sec @ 6.0m/s,Scissors,EZNA,Consolidated,0.039,,,,89.9,,,,1.95,,0.50,,,,,,,,,
SH-Q5088,brandegeei,QUBR_2023_0700,TCB-06878,11-2024,6/10/2025,D. Barry,silica,FastPrep - 2x 30sec @ 6.0m/s,Scissors,EZNA,Consolidated,0.035,,,,77.6,,,,1.89,,0.12,,,,,,,,,
SH-Q5089,brandegeei,QUBR_2023_0702,TCB-06880,11-2024,6/10/2025,D. Barry,silica,FastPrep - 2x 30sec @ 6.0m/s,Scissors,EZNA,Consolidated,0.035,,,,106.1,,,,1.96,,0.73,,,,,,,,,
SH-Q5090,brandegeei,QUBR_2023_0706,TCB-06884,11-2024,6/10/2025,D. Barry,silica,FastPrep - 2x 30sec @ 6.0m/s,Scissors,EZNA,Consolidated,0.038,,,,94.4,,,,1.93,,0.22,,,,,,,,,
SH-Q5091,brandegeei,QUBR_2023_0707,TCB-06885,11-2024,6/10/2025,D. Barry,silica,FastPrep - 2x 30sec @ 6.0m/s,Scissors,EZNA,Consolidated,0.034,,,,83.8,,,,1.88,,0.30,,,,,,,,,
SH-Q5092,brandegeei,QUBR_2023_0708,TCB-06886,11-2024,6/10/2025,D. Barry,silica,FastPrep - 2x 30sec @ 6.0m/s,Scissors,EZNA,Consolidated,0.037,,,,144.4,,,,2.03,,0.60,,,,,,,,,
SH-Q5093,brandegeei,QUBR_2023_0675,TCB-06887,11-2024,6/10/2025,D. Barry,silica,FastPrep - 2x 30sec @ 6.0m/s,Scissors,EZNA,Consolidated,0.037,,,,86.2,,,,1.93,,0.83,,,,,,,,,
SH-Q5094,brandegeei,QUBR_2023_0681,TCB-06893,11-2024,6/10/2025,D. Barry,silica,FastPrep - 2x 30sec @ 6.0m/s,Scissors,EZNA,Consolidated,0.033,,,,127.9,,,,2.08,,0.99,,,,,,,,,
SH-Q5095,brandegeei,QUBR_2023_0109,TCB-06899,11-2024,6/12/2025,D. Barry,silica,FastPrep - 2x 30sec @ 6.0m/s,Scissors,EZNA,Consolidated,0.037,,,,81.1,,,,1.92,,0.11,,,,,,,,,
SH-Q5096,brandegeei,QUBR_2023_0110,TCB-06900,11-2024,6/12/2025,D. Barry,silica,FastPrep - 2x 30sec @ 6.0m/s,Scissors,EZNA,Consolidated,0.032,,,,59.7,,,,1.80,,0.13,,,,,,,,,
SH-Q5097,brandegeei,QUBR_2023_0111,TCB-06901,11-2024,6/12/2025,D. Barry,silica,FastPrep - 2x 30sec @ 6.0m/s,Scissors,EZNA,Consolidated,0.036,,,,73.9,,,,1.89,,0.10,,,,,,,,,
SH-Q5098,brandegeei,QUBR_2023_0112,TCB-06902,11-2024,6/12/2025,D. Barry,silica,FastPrep - 2x 30sec @ 6.0m/s,Scissors,EZNA,Consolidated,0.034,,,,64.8,,,,1.86,,0.48,,,,,,,,,
SH-Q5099,brandegeei,QUBR_2023_0113,TCB-06903,11-2024,6/12/2025,D. Barry,silica,FastPrep - 2x 30sec @ 6.0m/s,Scissors,EZNA,Consolidated,0.035,,,,62.9,,,,1.84,,0.56,,,,,,,,,
SH-Q5100,brandegeei,QUBR_2023_0114,TCB-06904,11-2024,6/12/2025,D. Barry,silica,FastPrep - 2x 30sec @ 6.0m/s,Scissors,EZNA,Consolidated,0.033,,,,97.6,,,,1.88,,0.27,,,,,,,,,
SH-Q5101,brandegeei,QUBR_2023_0115,TCB-06905,11-2024,6/12/2025,D. Barry,silica,FastPrep - 2x 30sec @ 6.0m/s,Scissors,EZNA,Consolidated,0.033,,,,152.4,,,,2.06,,1.24,,,,,,,,,
SH-Q5102,brandegeei,QUBR_2023_0118,TCB-06908,11-2024,6/12/2025,D. Barry,silica,FastPrep - 2x 30sec @ 6.0m/s,Scissors,EZNA,Consolidated,0.035,,,,58.8,,,,1.90,,0.42,,,,,,,,,
SH-Q5103,brandegeei,QUBR_2023_0119,TCB-06909,11-2024,6/12/2025,D. Barry,silica,FastPrep - 2x 30sec @ 6.0m/s,Scissors,EZNA,Consolidated,0.038,,,,46.8,,,,1.78,,0.06,,,,,,,,,
SH-Q5104,brandegeei,QUBR_2023_0121,TCB-06911,11-2024,6/12/2025,D. Barry,silica,FastPrep - 2x 30sec @ 6.0m/s,Scissors,EZNA,Consolidated,0.036,,,,81.5,,,,1.95,,0.18,,,,,,,,,
SH-Q5105,brandegeei,QUBR_2023_0122,TCB-06912,11-2024,6/12/2025,D. Barry,silica,FastPrep - 2x 30sec @ 6.0m/s,Scissors,EZNA,Consolidated,0.036,,,,70.1,,,,1.92,,0.99,,,,,,,,,
SH-Q5106,brandegeei,QUBR_2023_0123,TCB-06913,11-2024,6/12/2025,D. Barry,silica,FastPrep - 2x 30sec @ 6.0m/s,Scissors,EZNA,Consolidated,0.038,,,,111.3,,,,1.84,,0.24,,,,,,,,,
SH-Q5107,brandegeei,QUBR_2023_0124,TCB-06914,11-2024,6/12/2025,D. Barry,silica,FastPrep - 2x 30sec @ 6.0m/s,Scissors,EZNA,Consolidated,0.037,,,,93.7,,,,1.96,,0.47,,,,,,,,,
SH-Q5108,brandegeei,QUBR_2023_0125,TCB-06915,11-2024,6/12/2025,D. Barry,silica,FastPrep - 2x 30sec @ 6.0m/s,Scissors,EZNA,Consolidated,0.038,,,,68.1,,,,1.59,,0.10,,,,,,,,,
SH-Q5109,brandegeei,QUBR_2023_0126,TCB-06916,11-2024,6/12/2025,D. Barry,silica,FastPrep - 2x 30sec @ 6.0m/s,Scissors,EZNA,Consolidated,0.034,,,,80.3,,,,1.94,,0.11,,,,,,,,,
SH-Q5110,brandegeei,QUBR_2023_0127,TCB-06917,11-2024,6/12/2025,D. Barry,silica,FastPrep - 2x 30sec @ 6.0m/s,Scissors,EZNA,Consolidated,0.038,,,,70.6,,,,1.93,,0.97,,,,,,,,,
SH-Q5111,brandegeei,QUBR_2023_0128,TCB-06918,11-2024,6/12/2025,D. Barry,silica,FastPrep - 2x 30sec @ 6.0m/s,Scissors,EZNA,Consolidated,0.039,,,,50.5,,,,1.72,,0.05,,,,,,,,,
SH-Q5112,brandegeei,QUBR_2023_0129,TCB-06919,11-2024,6/12/2025,D. Barry,silica,FastPrep - 2x 30sec @ 6.0m/s,Scissors,EZNA,Consolidated,0.036,,,,34.7,,,,1.88,,0.04,,,,,,,,,
SH-Q5113,brandegeei,QUBR_2023_0130,TCB-06920,11-2024,6/12/2025,D. Barry,silica,FastPrep - 2x 30sec @ 6.0m/s,Scissors,EZNA,Consolidated,0.037,,,,54.2,,,,1.66,,0.08,,,,,,,,,
SH-Q5114,brandegeei,QUBR_2023_0131,TCB-06921,11-2024,6/12/2025,D. Barry,silica,FastPrep - 2x 30sec @ 6.0m/s,Scissors,EZNA,Consolidated,0.038,,,,58.4,,,,1.82,,0.10,,,,,,,,,
SH-Q5115,brandegeei,QUBR_2023_0106,TCB-06922,11-2024,6/12/2025,D. Barry,silica,FastPrep - 2x 30sec @ 6.0m/s,Scissors,EZNA,Consolidated,0.038,,,,87.2,,,,2.00,,0.48,,,,,,,,,
SH-Q5116,brandegeei,QUBR_2023_0084,TCB-06925,11-2024,6/12/2025,D. Barry,silica,FastPrep - 2x 30sec @ 6.0m/s,Scissors,EZNA,Consolidated,0.038,,,,102.5,,,,2.00,,0.97,,,,,,,,,
SH-Q5117,brandegeei,QUBR_2023_0086,TCB-06927,11-2024,6/12/2025,D. Barry,silica,FastPrep - 2x 30sec @ 6.0m/s,Scissors,EZNA,Consolidated,0.036,,,,101.0,,,,2.03,,1.53,,,,,,,,,
SH-Q5118,brandegeei,QUBR_2023_0088,TCB-06929,11-2024,6/12/2025,D. Barry,silica,FastPrep - 2x 30sec @ 6.0m/s,Scissors,EZNA,Consolidated,0.037,,,,105.9,,,,1.94,,0.89,,,,,,,,,
SH-Q5119,brandegeei,QUBR_2023_0089,TCB-06930,11-2024,6/17/2025,D. Barry,silica,FastPrep - 2x 30sec @ 6.0m/s,Scissors,EZNA,Consolidated,0.038,,,,112.3,,,,1.86,,1.23,,,,,,,,,
SH-Q5120,brandegeei,QUBR_2023_0091,TCB-06932,11-2024,6/17/2025,D. Barry,silica,FastPrep - 2x 30sec @ 6.0m/s,Scissors,EZNA,Consolidated,0.036,,,,97.3,,,,1.84,,1.65,,,,,,,,,
SH-Q5121,brandegeei,QUBR_2023_0093,TCB-06934,11-2024,6/17/2025,D. Barry,silica,FastPrep - 2x 30sec @ 6.0m/s,Scissors,EZNA,Consolidated,0.033,,,,118.5,,,,1.85,,1.66,,,,,,,,,
SH-Q5122,brandegeei,QUBR_2023_0095,TCB-06936,11-2024,6/17/2025,D. Barry,silica,FastPrep - 2x 30sec @ 6.0m/s,Scissors,EZNA,Consolidated,0.034,,,,67.6,,,,1.89,,0.85,,,,,,,,,
SH-Q5123,brandegeei,QUBR_2023_0096,TCB-06937,11-2024,6/17/2025,D. Barry,silica,FastPrep - 2x 30sec @ 6.0m/s,Scissors,EZNA,Consolidated,0.038,,,,106.4,,,,1.86,,0.92,,,,,,,,,
SH-Q5124,brandegeei,QUBR_2023_0097,TCB-06938,11-2024,6/17/2025,D. Barry,silica,FastPrep - 2x 30sec @ 6.0m/s,Scissors,EZNA,Consolidated,0.037,,,,78.2,,,,1.73,,0.57,,,,,,,,,
SH-Q5125,brandegeei,QUBR_2023_0098,TCB-06939,11-2024,6/17/2025,D. Barry,silica,FastPrep - 2x 30sec @ 6.0m/s,Scissors,EZNA,Consolidated,0.038,,,,46.3,,,,1.73,,0.48,,,,,,,,,
SH-Q5126,brandegeei,QUBR_2023_0099,TCB-06940,11-2024,6/17/2025,D. Barry,silica,FastPrep - 2x 30sec @ 6.0m/s,Scissors,EZNA,Consolidated,0.038,,,,53.3,,,,1.65,,0.33,,,,,,,,,
SH-Q5127,brandegeei,QUBR_2023_0100,TCB-06941,11-2024,6/17/2025,D. Barry,silica,FastPrep - 2x 30sec @ 6.0m/s,Scissors,EZNA,Consolidated,0.031,,,,70.4,,,,1.79,,1.41,,,,,,,,,
SH-Q5128,brandegeei,QUBR_2023_0101,TCB-06942,11-2024,6/17/2025,D. Barry,silica,FastPrep - 2x 30sec @ 6.0m/s,Scissors,EZNA,Consolidated,0.037,,,,62.4,,,,1.78,,1.59,,,,,,,,,
SH-Q5129,brandegeei,QUBR_2023_0102,TCB-06943,11-2024,6/17/2025,D. Barry,silica,FastPrep - 2x 30sec @ 6.0m/s,Scissors,EZNA,Consolidated,0.032,,,,57.0,,,,1.77,,1.50,,,,,,,,,
SH-Q5130,brandegeei,QUBR_2023_0103,TCB-06944,11-2024,6/17/2025,D. Barry,silica,FastPrep - 2x 30sec @ 6.0m/s,Scissors,EZNA,Consolidated,0.037,,,,60.3,,,,1.81,,1.50,,,,,,,,,
SH-Q5131,brandegeei,QUBR_2023_0104,TCB-06945,11-2024,6/17/2025,D. Barry,silica,FastPrep - 2x 30sec @ 6.0m/s,Scissors,EZNA,Consolidated,0.038,,,,90.2,,,,1.79,,1.33,,,,,,,,,
SH-Q5132,brandegeei,QUBR_2023_0105,TCB-06946,11-2024,6/17/2025,D. Barry,silica,FastPrep - 2x 30sec @ 6.0m/s,Scissors,EZNA,Consolidated,0.031,,,,54.4,,,,1.73,,0.77,,,,,,,,,
SH-Q5133,brandegeei,QUBR_2023_0148,TCB-06947,11-2024,6/17/2025,D. Barry,silica,FastPrep - 2x 30sec @ 6.0m/s,Scissors,EZNA,Consolidated,0.035,,,,56.7,,,,1.72,,0.34,,,,,,,,,
SH-Q5134,brandegeei,QUBR_2023_0149,TCB-06948,11-2024,6/17/2025,D. Barry,silica,FastPrep - 2x 30sec @ 6.0m/s,Scissors,EZNA,Consolidated,0.036,,,,98.5,,,,1.89,,0.56,,,,,,,,,
SH-Q5135,brandegeei,QUBR_2023_0151,TCB-06950,11-2024,6/17/2025,D. Barry,silica,FastPrep - 2x 30sec @ 6.0m/s,Scissors,EZNA,Consolidated,0.039,,,,83.4,,,,1.84,,0.83,,,,,,,,,
SH-Q5136,brandegeei,QUBR_2023_0152,TCB-06951,11-2024,6/17/2025,D. Barry,silica,FastPrep - 2x 30sec @ 6.0m/s,Scissors,EZNA,Consolidated,0.032,,,,53.6,,,,1.74,,1.23,,,,,,,,,
SH-Q5137,brandegeei,QUBR_2023_0153,TCB-06952,11-2024,6/17/2025,D. Barry,silica,FastPrep - 2x 30sec @ 6.0m/s,Scissors,EZNA,Consolidated,0.036,,,,68.0,,,,1.82,,1.56,,,,,,,,,
SH-Q5138,brandegeei,QUBR_2023_0154,TCB-06953,11-2024,6/17/2025,D. Barry,silica,FastPrep - 2x 30sec @ 6.0m/s,Scissors,EZNA,Consolidated,0.037,,,,68.5,,,,1.79,,0.52,,,,,,,,,
SH-Q5139,brandegeei,QUBR_2023_0155,TCB-06954,11-2024,6/17/2025,D. Barry,silica,FastPrep - 2x 30sec @ 6.0m/s,Scissors,EZNA,Consolidated,0.036,,,,69.4,,,,1.86,,1.77,,,,,,,,,
SH-Q5140,brandegeei,QUBR_2023_0156,TCB-06955,11-2024,6/17/2025,D. Barry,silica,FastPrep - 2x 30sec @ 6.0m/s,Scissors,EZNA,Consolidated,0.036,,,,62.8,,,,1.66,,0.26,,,,,,,,,
SH-Q5141,brandegeei,QUBR_2023_0157,TCB-06956,11-2024,6/17/2025,D. Barry,silica,FastPrep - 2x 30sec @ 6.0m/s,Scissors,EZNA,Consolidated,0.034,,,,70.3,,,,1.74,,0.40,,,,,,,,,
SH-Q5142,brandegeei,QUBR_2023_0159,TCB-06958,11-2024,6/17/2025,D. Barry,silica,FastPrep - 2x 30sec @ 6.0m/s,Scissors,EZNA,Consolidated,0.032,,,,53.7,,,,1.81,,1.37,,,,,,,,,
SH-Q5143,brandegeei,QUBR_2023_0163,TCB-06962,11-2024,6/24/2025,D. Barry,silica,FastPrep - 2x 30sec @ 6.0m/s,Scissors,EZNA,Consolidated,0.038,,,,45.4,,,,1.61,,0.08,,,,,,,,,
SH-Q5144,brandegeei,QUBR_2023_0164,TCB-06963,11-2024,6/24/2025,D. Barry,silica,FastPrep - 2x 30sec @ 6.0m/s,Scissors,EZNA,Consolidated,0.036,,,,135.6,,,,1.84,,0.60,,,,,,,,,
SH-Q5145,brandegeei,QUBR_2023_0165,TCB-06964,11-2024,6/24/2025,D. Barry,silica,FastPrep - 2x 30sec @ 6.0m/s,Scissors,EZNA,Consolidated,0.038,,,,131.7,,,,1.87,,1.38,,,,,,,,,
SH-Q5146,brandegeei,QUBR_2023_0168,TCB-06967,11-2024,6/24/2025,D. Barry,silica,FastPrep - 2x 30sec @ 6.0m/s,Scissors,EZNA,Consolidated,0.039,,,,96.4,,,,1.85,,0.85,,,,,,,,,
SH-Q5147,brandegeei,QUBR_2023_0169,TCB-06968,11-2024,6/24/2025,D. Barry,silica,FastPrep - 2x 30sec @ 6.0m/s,Scissors,EZNA,Consolidated,0.040,,,,117.0,,,,1.83,,0.73,,,,,,,,,
SH-Q5148,brandegeei,QUBR_2023_0170,TCB-06969,11-2024,6/24/2025,D. Barry,silica,FastPrep - 2x 30sec @ 6.0m/s,Scissors,EZNA,Consolidated,0.035,,,,80.0,,,,1.88,,1.15,,,,,,,,,
SH-Q5149,brandegeei,QUBR_2023_0171,TCB-06970,11-2024,6/24/2025,D. Barry,silica,FastPrep - 2x 30sec @ 6.0m/s,Scissors,EZNA,Consolidated,0.035,,,,116.2,,,,1.88,,1.72,,,,,,,,,
SH-Q5150,brandegeei,QUBR_2023_0172,TCB-06971,11-2024,6/24/2025,D. Barry,silica,FastPrep - 2x 30sec @ 6.0m/s,Scissors,EZNA,Consolidated,0.037,,,,131.8,,,,1.93,,1.55,,,,,,,,,
SH-Q5151,brandegeei,QUBR_2023_0175,TCB-06974,11-2024,6/24/2025,D. Barry,silica,FastPrep - 2x 30sec @ 6.0m/s,Scissors,EZNA,Consolidated,0.040,,,,151.3,,,,1.88,,1.26,,,,,,,,,
SH-Q5152,brandegeei,QUBR_2023_0176,TCB-06975,11-2024,6/24/2025,D. Barry,silica,FastPrep - 2x 30sec @ 6.0m/s,Scissors,EZNA,Consolidated,0.036,,,,72.3,,,,1.88,,1.07,,,,,,,,,
SH-Q5153,brandegeei,QUBR_2023_0132,TCB-06980,11-2024,6/24/2025,D. Barry,silica,FastPrep - 2x 30sec @ 6.0m/s,Scissors,EZNA,Consolidated,0.037,,,,105.7,,,,1.78,,0.84,,,,,,,,,
SH-Q5154,brandegeei,QUBR_2023_0133,TCB-06981,11-2024,6/24/2025,D. Barry,silica,FastPrep - 2x 30sec @ 6.0m/s,Scissors,EZNA,Consolidated,0.032,,,,105.7,,,,1.80,,0.60,,,,,,,,,
SH-Q5155,brandegeei,QUBR_2023_0134,TCB-06982,11-2024,6/24/2025,D. Barry,silica,FastPrep - 2x 30sec @ 6.0m/s,Scissors,EZNA,Consolidated,0.038,,,,118.4,,,,2.00,,1.24,,,,,,,,,
SH-Q5156,brandegeei,QUBR_2023_0135,TCB-06983,11-2024,6/24/2025,D. Barry,silica,FastPrep - 2x 30sec @ 6.0m/s,Scissors,EZNA,Consolidated,0.036,,,,93.6,,,,1.91,,1.59,,,,,,,,,
SH-Q5157,brandegeei,QUBR_2023_0136,TCB-06984,11-2024,6/24/2025,D. Barry,silica,FastPrep - 2x 30sec @ 6.0m/s,Scissors,EZNA,Consolidated,0.033,,,,104.9,,,,1.85,,0.87,,,,,,,,,
SH-Q5158,brandegeei,QUBR_2023_0137,TCB-06985,11-2024,6/24/2025,D. Barry,silica,FastPrep - 2x 30sec @ 6.0m/s,Scissors,EZNA,Consolidated,0.035,,,,126.8,,,,1.91,,1.35,,,,,,,,,
SH-Q5159,brandegeei,QUBR_2023_0138,TCB-06986,11-2024,6/24/2025,D. Barry,silica,FastPrep - 2x 30sec @ 6.0m/s,Scissors,EZNA,Consolidated,0.032,,,,68.0,,,,1.86,,1.18,,,,,,,,,
SH-Q5160,brandegeei,QUBR_2023_0140,TCB-06988,11-2024,6/24/2025,D. Barry,silica,FastPrep - 2x 30sec @ 6.0m/s,Scissors,EZNA,Consolidated,0.028,,,,71.0,,,,1.80,,1.25,,,,,,,,,
SH-Q5161,brandegeei,QUBR_2023_0143,TCB-06991,11-2024,6/24/2025,D. Barry,silica,FastPrep - 2x 30sec @ 6.0m/s,Scissors,EZNA,Consolidated,0.030,,,,75.9,,,,1.91,,1.89,,,,,,,,,
SH-Q5162,brandegeei,QUBR_2023_0144,TCB-06992,11-2024,6/24/2025,D. Barry,silica,FastPrep - 2x 30sec @ 6.0m/s,Scissors,EZNA,Consolidated,0.028,,,,67.2,,,,1.79,,1.72,,,,,,,,,
SH-Q5163,brandegeei,QUBR_2023_0145,TCB-06993,11-2024,6/24/2025,D. Barry,silica,FastPrep - 2x 30sec @ 6.0m/s,Scissors,EZNA,Consolidated,0.033,,,,108.9,,,,1.91,,1.57,,,,,,,,,
SH-Q5164,brandegeei,QUBR_2023_0147,TCB-06995,11-2024,6/24/2025,D. Barry,silica,FastPrep - 2x 30sec @ 6.0m/s,Scissors,EZNA,Consolidated,0.031,,,,40.1,,,,1.62,,0.34,,,,,,,,,
SH-Q5165,brandegeei,QUBR_2023_0536,TCB-06996,11-2024,6/24/2025,D. Barry,silica,FastPrep - 2x 30sec @ 6.0m/s,Scissors,EZNA,Consolidated,0.033,,,,110.6,,,,1.92,,1.93,,,,,,,,,
SH-Q5166,brandegeei,QUBR_2023_0537,TCB-06997,11-2024,6/24/2025,D. Barry,silica,FastPrep - 2x 30sec @ 6.0m/s,Scissors,EZNA,Consolidated,0.028,,,,78.2,,,,1.83,,1.65,,,,,,,,,
SH-Q5167,brandegeei,QUBR_2023_0538,TCB-06998,11-2024,7/8/2025,D. Barry,silica,FastPrep - 2x 30sec @ 6.0m/s,Scissors,EZNA,Consolidated,0.036,,,,58.9,,,,1.77,,0.54,,,,,,,,,
SH-Q5168,brandegeei,QUBR_2023_0539,TCB-06999,11-2024,7/8/2025,D. Barry,silica,FastPrep - 2x 30sec @ 6.0m/s,Scissors,EZNA,Consolidated,0.033,,,,47.6,,,,1.60,,0.68,,,,,,,,,
SH-Q5169,brandegeei,QUBR_2023_0540,TCB-07000,11-2024,7/8/2025,D. Barry,silica,FastPrep - 2x 30sec @ 6.0m/s,Scissors,EZNA,Consolidated,0.024,,,,134.7,,,,1.73,,0.76,,,,,,,,,
SH-Q5170,brandegeei,QUBR_2023_0541,TCB-07001,11-2024,7/8/2025,D. Barry,silica,FastPrep - 2x 30sec @ 6.0m/s,Scissors,EZNA,Consolidated,0.035,,,,23.9,,,,1.70,,0.31,,,,,,,,,
SH-Q5171,brandegeei,QUBR_2023_0542,TCB-07002,11-2024,7/8/2025,D. Barry,silica,FastPrep - 2x 30sec @ 6.0m/s,Scissors,EZNA,Consolidated,0.034,,,,72.3,,,,1.74,,0.98,,,,,,,,,
SH-Q5172,brandegeei,QUBR_2023_0543,TCB-07003,11-2024,7/8/2025,D. Barry,silica,FastPrep - 2x 30sec @ 6.0m/s,Scissors,EZNA,Consolidated,0.027,,,,111.3,,,,1.76,,1.92,,,,,,,,,
SH-Q5173,brandegeei,QUBR_2023_0544,TCB-07004,11-2024,7/8/2025,D. Barry,silica,FastPrep - 2x 30sec @ 6.0m/s,Scissors,EZNA,Consolidated,0.033,,,,64.0,,,,1.74,,0.67,,,,,,,,,
SH-Q5174,brandegeei,QUBR_2023_0545,TCB-07005,11-2024,7/8/2025,D. Barry,silica,FastPrep - 2x 30sec @ 6.0m/s,Scissors,EZNA,Consolidated,0.025,,,,67.1,,,,1.73,,1.83,,,,,,,,,
SH-Q5175,brandegeei,QUBR_2023_0546,TCB-07006,11-2024,7/8/2025,D. Barry,silica,FastPrep - 2x 30sec @ 6.0m/s,Scissors,EZNA,Consolidated,0.035,,,,62.3,,,,1.74,,0.53,,,,,,,,,
SH-Q5176,brandegeei,QUBR_2023_0547,TCB-07007,11-2024,7/8/2025,D. Barry,silica,FastPrep - 2x 30sec @ 6.0m/s,Scissors,EZNA,Consolidated,0.032,,,,85.1,,,,1.72,,1.08,,,,,,,,,
SH-Q5177,brandegeei,QUBR_2023_0548,TCB-07008,11-2024,7/8/2025,D. Barry,silica,FastPrep - 2x 30sec @ 6.0m/s,Scissors,EZNA,Consolidated,0.035,,,,18.1,,,,1.58,,0.18,,,,,,,,,
SH-Q5178,brandegeei,QUBR_2023_0549,TCB-07009,11-2024,7/8/2025,D. Barry,silica,FastPrep - 2x 30sec @ 6.0m/s,Scissors,EZNA,Consolidated,0.033,,,,54.4,,,,1.63,,0.66,,,,,,,,,
SH-Q5179,brandegeei,QUBR_2023_0550,TCB-07010,11-2024,7/8/2025,D. Barry,silica,FastPrep - 2x 30sec @ 6.0m/s,Scissors,EZNA,Consolidated,0.036,,,,82.0,,,,1.80,,1.17,,,,,,,,,
SH-Q5180,brandegeei,QUBR_2023_0551,TCB-07011,11-2024,7/8/2025,D. Barry,silica,FastPrep - 2x 30sec @ 6.0m/s,Scissors,EZNA,Consolidated,0.032,,,,92.5,,,,1.78,,0.94,,,,,,,,,
SH-Q5181,brandegeei,QUBR_2023_0552,TCB-07012,11-2024,7/8/2025,D. Barry,silica,FastPrep - 2x 30sec @ 6.0m/s,Scissors,EZNA,Consolidated,0.035,,,,84.9,,,,1.76,,1.46,,,,,,,,,
SH-Q5182,brandegeei,QUBR_2023_0553,TCB-07013,11-2024,7/8/2025,D. Barry,silica,FastPrep - 2x 30sec @ 6.0m/s,Scissors,EZNA,Consolidated,0.036,,,,74.4,,,,1.76,,1.47,,,,,,,,,
SH-Q5183,brandegeei,QUBR_2023_0554,TCB-07014,11-2024,7/8/2025,D. Barry,silica,FastPrep - 2x 30sec @ 6.0m/s,Scissors,EZNA,Consolidated,0.036,,,,76.9,,,,1.74,,0.75,,,,,,,,,
SH-Q5184,brandegeei,QUBR_2023_0555,TCB-07015,11-2024,7/8/2025,D. Barry,silica,FastPrep - 2x 30sec @ 6.0m/s,Scissors,EZNA,Consolidated,0.033,,,,86.1,,,,1.74,,1.45,,,,,,,,,
SH-Q5185,brandegeei,QUBR_2023_0556,TCB-07016,11-2024,7/8/2025,D. Barry,silica,FastPrep - 2x 30sec @ 6.0m/s,Scissors,EZNA,Consolidated,0.031,,,,96.9,,,,1.78,,0.97,,,,,,,,,
SH-Q5186,brandegeei,QUBR_2023_0557,TCB-07017,11-2024,7/8/2025,D. Barry,silica,FastPrep - 2x 30sec @ 6.0m/s,Scissors,EZNA,Consolidated,0.028,,,,86.7,,,,1.76,,1.28,,,,,,,,,
SH-Q5187,brandegeei,QUBR_2023_0558,TCB-07018,11-2024,7/8/2025,D. Barry,silica,FastPrep - 2x 30sec @ 6.0m/s,Scissors,EZNA,Consolidated,0.032,,,,74.0,,,,1.75,,1.62,,,,,,,,,
SH-Q5188,brandegeei,QUBR_2023_0559,TCB-07019,11-2024,7/8/2025,D. Barry,silica,FastPrep - 2x 30sec @ 6.0m/s,Scissors,EZNA,Consolidated,0.033,,,,99.8,,,,1.77,,1.63,,,,,,,,,
SH-Q5189,brandegeei,QUBR_2023_0560,TCB-07020,11-2024,7/8/2025,D. Barry,silica,FastPrep - 2x 30sec @ 6.0m/s,Scissors,EZNA,Consolidated,0.038,,,,100.9,,,,1.77,,0.84,,,,,,,,,
SH-Q5190,brandegeei,QUBR_2023_0561,TCB-07021,11-2024,7/8/2025,D. Barry,silica,FastPrep - 2x 30sec @ 6.0m/s,Scissors,EZNA,Consolidated,0.031,,,,98.4,,,,1.80,,1.64,,,,,,,,,
SH-Q5191,brandegeei,QUBR_2023_0562,TCB-07022,11-2024,9/22/2025,D. Barry,silica,FastPrep - 2x 30sec @ 6.0m/s,Scissors,EZNA,Consolidated,0.028,,,,100.8,,,,1.77,,1.35,,,,,,,,,
SH-Q5192,brandegeei,QUBR_2023_0563,TCB-07023,11-2024,9/23/2025,D. Barry,silica,FastPrep - 2x 30sec @ 6.0m/s,Scissors,EZNA,Consolidated,0.031,,,,166.2,,,,1.85,,1.33,,,,,,,,,
SH-Q5193,brandegeei,QUBR_2023_0564,TCB-07024,11-2024,9/24/2025,D. Barry,silica,FastPrep - 2x 30sec @ 6.0m/s,Scissors,EZNA,Consolidated,0.034,,,,128.2,,,,1.82,,1.20,,,,,,,,,
SH-Q5194,brandegeei,QUBR_2023_0565,TCB-07025,11-2024,9/25/2025,D. Barry,silica,FastPrep - 2x 30sec @ 6.0m/s,Scissors,EZNA,Consolidated,0.034,,,,56.5,,,,1.78,,0.77,,,,,,,,,
SH-Q5195,brandegeei,QUBR_2023_0566,TCB-07026,11-2024,9/26/2025,D. Barry,silica,FastPrep - 2x 30sec @ 6.0m/s,Scissors,EZNA,Consolidated,0.033,,,,80.3,,,,1.77,,0.86,,,,,,,,,
SH-Q5196,brandegeei,QUBR_2023_0567,TCB-07027,11-2024,9/27/2025,D. Barry,silica,FastPrep - 2x 30sec @ 6.0m/s,Scissors,EZNA,Consolidated,0.026,,,,86.6,,,,1.76,,0.90,,,,,,,,,
SH-Q5197,brandegeei,QUBR_2023_0568,TCB-07028,11-2024,9/28/2025,D. Barry,silica,FastPrep - 2x 30sec @ 6.0m/s,Scissors,EZNA,Consolidated,0.028,,,,127.8,,,,1.84,,1.55,,,,,,,,,
SH-Q5198,brandegeei,QUBR_2023_0569,TCB-07029,11-2024,9/29/2025,D. Barry,silica,FastPrep - 2x 30sec @ 6.0m/s,Scissors,EZNA,Consolidated,0.026,,,,104.2,,,,1.84,,1.29,,,,,,,,,
SH-Q5199,brandegeei,QUBR_2023_0570,TCB-07030,11-2024,9/30/2025,D. Barry,silica,FastPrep - 2x 30sec @ 6.0m/s,Scissors,EZNA,Consolidated,0.029,,,,96.5,,,,1.79,,0.99,,,,,,,,,
SH-Q5200,brandegeei,QUBR_2023_0571,TCB-07031,11-2024,10/1/2025,D. Barry,silica,FastPrep - 2x 30sec @ 6.0m/s,Scissors,EZNA,Consolidated,0.031,,,,162.7,,,,1.84,,1.39,,,,,,,,,
SH-Q5201,brandegeei,QUBR_2023_0572,TCB-07032,11-2024,10/2/2025,D. Barry,silica,FastPrep - 2x 30sec @ 6.0m/s,Scissors,EZNA,Consolidated,0.038,,,,135.5,,,,1.84,,1.10,,,,,,,,,
SH-Q5202,brandegeei,QUBR_2023_0501,TCB-07033,11-2024,10/3/2025,D. Barry,silica,FastPrep - 2x 30sec @ 6.0m/s,Scissors,EZNA,Consolidated,0.036,,,,75.6,,,,1.75,,0.88,,,,,,,,,
SH-Q5203,brandegeei,QUBR_2023_0502,TCB-07034,11-2024,10/4/2025,D. Barry,silica,FastPrep - 2x 30sec @ 6.0m/s,Scissors,EZNA,Consolidated,0.027,,,,99.9,,,,1.84,,1.14,,,,,,,,,
SH-Q5204,brandegeei,QUBR_2023_0503,TCB-07035,11-2024,10/5/2025,D. Barry,silica,FastPrep - 2x 30sec @ 6.0m/s,Scissors,EZNA,Consolidated,0.028,,,,138.3,,,,1.88,,1.50,,,,,,,,,
SH-Q5205,brandegeei,QUBR_2023_0504,TCB-07036,11-2024,10/6/2025,D. Barry,silica,FastPrep - 2x 30sec @ 6.0m/s,Scissors,EZNA,Consolidated,0.030,,,,157.5,,,,1.91,,1.27,,,,,,,,,
SH-Q5206,brandegeei,QUBR_2023_0505,TCB-07037,11-2024,10/7/2025,D. Barry,silica,FastPrep - 2x 30sec @ 6.0m/s,Scissors,EZNA,Consolidated,0.030,,,,168.5,,,,1.92,,1.46,,,,,,,,,
SH-Q5207,brandegeei,QUBR_2023_0506,TCB-07038,11-2024,10/8/2025,D. Barry,silica,FastPrep - 2x 30sec @ 6.0m/s,Scissors,EZNA,Consolidated,0.030,,,,91.8,,,,1.87,,1.04,,,,,,,,,
SH-Q5208,brandegeei,QUBR_2023_0507,TCB-07039,11-2024,10/9/2025,D. Barry,silica,FastPrep - 2x 30sec @ 6.0m/s,Scissors,EZNA,Consolidated,0.036,,,,89.4,,,,1.85,,0.93,,,,,,,,,
SH-Q5209,brandegeei,QUBR_2023_0508,TCB-07040,11-2024,10/10/2025,D. Barry,silica,FastPrep - 2x 30sec @ 6.0m/s,Scissors,EZNA,Consolidated,0.036,,,,89.3,,,,1.83,,0.58,,,,,,,,,
SH-Q5210,brandegeei,QUBR_2023_0509,TCB-07041,11-2024,10/11/2025,D. Barry,silica,FastPrep - 2x 30sec @ 6.0m/s,Scissors,EZNA,Consolidated,0.035,,,,131.9,,,,1.85,,1.59,,,,,,,,,
SH-Q5211,brandegeei,QUBR_2023_0510,TCB-07042,11-2024,10/12/2025,D. Barry,silica,FastPrep - 2x 30sec @ 6.0m/s,Scissors,EZNA,Consolidated,0.026,,,,94.2,,,,1.76,,0.32,,,,,,,,,
SH-Q5212,brandegeei,QUBR_2023_0511,TCB-07043,11-2024,10/13/2025,D. Barry,silica,FastPrep - 2x 30sec @ 6.0m/s,Scissors,EZNA,Consolidated,0.037,,,,47.0,,,,1.81,,0.41,,,,,,,,,
SH-Q5213,brandegeei,QUBR_2023_0512,TCB-07044,11-2024,10/14/2025,D. Barry,silica,FastPrep - 2x 30sec @ 6.0m/s,Scissors,EZNA,Consolidated,0.025,,,,101.2,,,,1.81,,0.68,,,,,,,,,
SH-Q5214,brandegeei,QUBR_2023_0513,TCB-07045,11-2024,10/15/2025,D. Barry,silica,FastPrep - 2x 30sec @ 6.0m/s,Scissors,EZNA,Consolidated,0.026,,,,147.7,,,,1.89,,0.95,,,,,,,,,
SH-Q5215,brandegeei,QUBR_LC_183,TCB-04935,11-2023,10/04/2025,Dana & Casey,silica,FastPrep - 2x 30sec @ 6.0m/s,Scissors,EZNA,Consolidated,0.024,,,,63.0,,,,1.64,,0.73,,,,,,,,,
SH-Q5216,brandegeei,QUBR_LC_202,TCB-04945,11-2023,10/04/2025,Dana & Casey,silica,FastPrep - 2x 30sec @ 6.0m/s,Scissors,EZNA,Consolidated,0.028,,,,91.5,,,,1.66,,0.46,,,,,,,,,
SH-Q5217,brandegeei,QUBR_LC_203,TCB-04949,11-2023,10/04/2025,Dana & Casey,silica,FastPrep - 2x 30sec @ 6.0m/s,Scissors,EZNA,Consolidated,0.025,,,,51.3,,,,1.71,,0.62,,,,,,,,,
SH-Q5218,brandegeei,QUBR_LC_168,TCB-04969,11-2023,10/04/2025,Dana & Casey,silica,FastPrep - 2x 30sec @ 6.0m/s,Scissors,EZNA,Consolidated,0.028,,,,43.2,,,,1.39,,0.24,,,,,,,,,
SH-Q5219,brandegeei,QUBR_LC_176,TCB-04973,11-2023,10/04/2025,Dana & Casey,silica,FastPrep - 2x 30sec @ 6.0m/s,Scissors,EZNA,Consolidated,0.032,,,,71.6,,,,1.67,,0.62,,,,,,,,,
SH-Q5220,brandegeei,QUBR_LC_172,TCB-04977,11-2023,10/04/2025,Dana & Casey,silica,FastPrep - 2x 30sec @ 6.0m/s,Scissors,EZNA,Consolidated,0.026,,,,120.3,,,,1.54,,0.78,,,,,,,,,
SH-Q5221,brandegeei,QUBR_LC_170,TCB-04990,11-2023,10/04/2025,Dana & Casey,silica,FastPrep - 2x 30sec @ 6.0m/s,Scissors,EZNA,Consolidated,0.035,,,,140.7,,,,1.70,,1.09,,,,,,,,,
SH-Q5222,brandegeei,QUBR_LC_171,TCB-04991,11-2023,10/04/2025,Dana & Casey,silica,FastPrep - 2x 30sec @ 6.0m/s,Scissors,EZNA,Consolidated,0.028,,,,148.0,,,,1.55,,0.69,,,,,,,,,
SH-Q5223,brandegeei,QUBR_LM_037,TCB-04667,11-2023,10/04/2025,Dana & Casey,silica,FastPrep - 2x 30sec @ 6.0m/s,Scissors,EZNA,Consolidated,0.029,,,,64.2,,,,1.55,,0.65,,,,,,,,,
SH-Q5224,brandegeei,QUBR_LM_040,TCB-04668,11-2023,10/04/2025,Dana & Casey,silica,FastPrep - 2x 30sec @ 6.0m/s,Scissors,EZNA,Consolidated,0.026,,,,49.2,,,,1.51,,0.67,,,,,,,,,
SH-Q5225,brandegeei,QUBR_LC_084,TCB-04907,11-2023,10/04/2025,Dana & Casey,silica,FastPrep - 2x 30sec @ 6.0m/s,Scissors,EZNA,Consolidated,0.030,,,,146.6,,,,1.53,,0.73,,,,,,,,,
SH-Q5226,brandegeei,QUBR_LM_119,TCB-04707,11-2023,10/04/2025,Dana & Casey,silica,FastPrep - 2x 30sec @ 6.0m/s,Scissors,EZNA,Consolidated,0.032,,,,59.4,,,,1.56,,0.98,,,,,,,,,
SH-Q5227,brandegeei,QUBR_LM_189,TCB-04771,11-2024,10/11/2025,Ash & Casey,silica,FastPrep - 2x 30sec @ 6.0m/s,Scissors,EZNA,Consolidated,0.033,,,,75.5,,,,1.58,,1.03,,,,,,,,,
SH-Q5228,brandegeei,QUBR_2023_0806,TCB-07147,11-2024,10/11/2025,Ash & Casey,silica,FastPrep - 2x 30sec @ 6.0m/s,Scissors,EZNA,Consolidated,0.030,,,,119.4,,,,1.71,,1.41,,,,,,,,,
SH-Q5229,brandegeei,QUBR_2023_0045,TCB-07310,11-2024,10/11/2025,Ash & Casey,silica,FastPrep - 2x 30sec @ 6.0m/s,Scissors,EZNA,Consolidated,0.037,,,,121.3,,,,1.76,,1.52,,,,,,,,,
SH-Q5230,brandegeei,QUBR_2023_0605,TCB-07349,11-2024,10/11/2025,Ash & Casey,silica,FastPrep - 2x 30sec @ 6.0m/s,Scissors,EZNA,Consolidated,0.030,,,,149.7,,,,1.76,,1.40,,,,,,,,,
SH-Q5231,brandegeei,QUBR_2023_0896,TCB-07071,11-2024,10/11/2025,Ash & Casey,silica,FastPrep - 2x 30sec @ 6.0m/s,Scissors,EZNA,Consolidated,0.022,,,,108.3,,,,1.71,,1.40,,,,,,,,,
SH-Q5232,brandegeei,QUBR_2023_0224,TCB-07140,11-2024,10/11/2025,Ash & Casey,silica,FastPrep - 2x 30sec @ 6.0m/s,Scissors,EZNA,Consolidated,0.036,,,,99.4,,,,1.76,,1.71,,,,,,,,,
SH-Q5233,brandegeei,QUBR_2023_0184,TCB-07100,11-2024,10/11/2025,Ash & Casey,silica,FastPrep - 2x 30sec @ 6.0m/s,Scissors,EZNA,Consolidated,0.022,,,,135.7,,,,1.72,,1.50,,,,,,,,,
SH-Q5234,brandegeei,QUBR_2023_0903,TCB-07078,11-2024,10/11/2025,Ash & Casey,silica,FastPrep - 2x 30sec @ 6.0m/s,Scissors,EZNA,Consolidated,0.033,,,,85.6,,,,1.69,,0.31,,,,,,,,,
SH-Q5235,brandegeei,QUBR_2023_0220,TCB-07136,11-2024,10/11/2025,Ash & Casey,silica,FastPrep - 2x 30sec @ 6.0m/s,Scissors,EZNA,Consolidated,0.030,,,,77.7,,,,1.76,,1.51,,,,,,,,,
SH-Q5236,brandegeei,QUBR_2023_0629,TCB-07373,11-2024,10/11/2025,Ash & Casey,silica,FastPrep - 2x 30sec @ 6.0m/s,Scissors,EZNA,Consolidated,0.028,,,,111.6,,,,1.71,,1.26,,,,,,,,,
SH-Q5237,brandegeei,QUBR_2023_0188,TCB-07104,11-2024,10/11/2025,Ash & Casey,silica,FastPrep - 2x 30sec @ 6.0m/s,Scissors,EZNA,Consolidated,0.029,,,,134.2,,,,1.77,,1.55,,,,,,,,,
SH-Q5238,brandegeei,QUBR_2023_0201,TCB-07117,11-2024,10/11/2025,Ash & Casey,silica,FastPrep - 2x 30sec @ 6.0m/s,Scissors,EZNA,Consolidated,0.027,,,,92.5,,,,1.70,,1.19,,,,,,,,,
SH-Q5239,brandegeei,QUBR_2023_0918,TCB-07093,11-2024,10/14/2025,Dana & Casey,silica,FastPrep - 2x 30sec @ 6.0m/s,Scissors,EZNA,Consolidated,0.033,,,,112.6,,,,1.62,,1.07,,,,,,,,,
SH-Q5240,brandegeei,QUBR_2023_0905,TCB-07080,11-2024,10/14/2025,Dana & Casey,silica,FastPrep - 2x 30sec @ 6.0m/s,Scissors,EZNA,Consolidated,0.033,,,,212.1,,,,1.81,,1.51,,,,,,,,,
SH-Q5241,brandegeei,QUBR_2023_0073,TCB-07255,11-2024,10/14/2025,Dana & Casey,silica,FastPrep - 2x 30sec @ 6.0m/s,Scissors,EZNA,Consolidated,0.030,,,,150.3,,,,1.88,,1.84,,,,,,,,,
SH-Q5242,brandegeei,QUBR_2023_0644,TCB-07388,11-2024,10/14/2025,Dana & Casey,silica,FastPrep - 2x 30sec @ 6.0m/s,Scissors,EZNA,Consolidated,0.030,,,,183.7,,,,1.82,,1.21,,,,,,,,,
SH-Q5243,brandegeei,QUBR_2023_0031,TCB-07296,11-2024,10/14/2025,Dana & Casey,silica,FastPrep - 2x 30sec @ 6.0m/s,Scissors,EZNA,Consolidated,0.032,,,,253.4,,,,1.87,,2.02,,,,,,,,,
SH-Q5244,brandegeei,QUBR_2023_0079,TCB-07261,11-2024,10/14/2025,Dana & Casey,silica,FastPrep - 2x 30sec @ 6.0m/s,Scissors,EZNA,Consolidated,0.038,,,,60.4,,,,1.87,,0.63,,,,,,,,,
SH-Q5245,brandegeei,QUBR_2023_0063,TCB-07245,11-2024,10/14/2025,Dana & Casey,silica,FastPrep - 2x 30sec @ 6.0m/s,Scissors,EZNA,Consolidated,0.027,,,,67.8,,,,1.66,,1.01,,,,,,,,,
SH-Q5246,brandegeei,QUBR_2023_0066,TCB-07248,11-2024,10/14/2025,Dana & Casey,silica,FastPrep - 2x 30sec @ 6.0m/s,Scissors,EZNA,Consolidated,0.030,,,,141.9,,,,1.74,,1.00,,,,,,,,,
SH-Q5247,brandegeei,QUBR_2023_0834,TCB-07214,11-2024,10/14/2025,Dana & Casey,silica,FastPrep - 2x 30sec @ 6.0m/s,Scissors,EZNA,Consolidated,0.031,,,,50.5,,,,1.98,,2.30,,,,,,,,,
SH-Q5248,brandegeei,QUBR_2023_0067,TCB-07249,11-2024,10/14/2025,Dana & Casey,silica,FastPrep - 2x 30sec @ 6.0m/s,Scissors,EZNA,Consolidated,0.036,,,,114.1,,,,1.76,,1.43,,,,,,,,,
SH-Q5249,brandegeei,QUBR_2023_0203,TCB-07119,11-2024,10/14/2025,Dana & Casey,silica,FastPrep - 2x 30sec @ 6.0m/s,Scissors,EZNA,Consolidated,0.030,,,,90.0,,,,1.94,,2.30,,,,,,,,,
SH-Q5250,brandegeei,QUBR_2023_0209,TCB-07125,11-2024,10/14/2025,Dana & Casey,silica,FastPrep - 2x 30sec @ 6.0m/s,Scissors,EZNA,Consolidated,0.033,,,,49.0,,,,1.89,,1.38,,,,,,,,,
SH-Q5251,brandegeei,QUBR_2023_0850,TCB-07230,11-2024,10/20/2025,Casey S.C.R,silica,FastPrep - 2x 30sec @ 6.0m/s,Scissors,EZNA,Consolidated,0.034,,,,65.9,,,,1.74,,0.88,,,,,,,,,
SH-Q5252,brandegeei,QUBR_2023_0597,TCB-07341,11-2024,10/20/2025,Casey S.C.R,silica,FastPrep - 2x 30sec @ 6.0m/s,Scissors,EZNA,Consolidated,0.030,,,,58.0,,,,1.77,,1.11,,,,,,,,,
SH-Q5253,brandegeei,QUBR_2023_0577,TCB-07321,11-2024,10/20/2025,Casey S.C.R,silica,FastPrep - 2x 30sec @ 6.0m/s,Scissors,EZNA,Consolidated,0.030,,,,156.7,,,,1.76,,1.78,,,,,,,,,
SH-Q5254,brandegeei,QUBR_2023_0879,TCB-07193,11-2024,10/20/2025,Casey S.C.R,silica,FastPrep - 2x 30sec @ 6.0m/s,Scissors,EZNA,Consolidated,0.034,,,,145.7,,,,1.91,,0.87,,,,,,,,,
SH-Q5255,brandegeei,QUBR_2023_0844,TCB-07224,11-2024,10/20/2025,Casey S.C.R,silica,FastPrep - 2x 30sec @ 6.0m/s,Scissors,EZNA,Consolidated,0.030,,,,122.1,,,,1.87,,1.52,,,,,,,,,
SH-Q5256,brandegeei,QUBR_2023_0584,TCB-07328,11-2024,10/20/2025,Casey S.C.R,silica,FastPrep - 2x 30sec @ 6.0m/s,Scissors,EZNA,Consolidated,0.032,,,,126.5,,,,1.79,,1.24,,,,,,,,,
SH-Q5257,brandegeei,QUBR_2023_0816,TCB-07157,11-2024,10/20/2025,Casey S.C.R,silica,FastPrep - 2x 30sec @ 6.0m/s,Scissors,EZNA,Consolidated,0.031,,,,66.1,,,,1.69,,0.99,,,,,,,,,
SH-Q5258,brandegeei,QUBR_2023_0214,TCB-07130,11-2024,10/20/2025,Casey S.C.R,silica,FastPrep - 2x 30sec @ 6.0m/s,Scissors,EZNA,Consolidated,0.030,,,,92.2,,,,1.72,,1.20,,,,,,,,,
SH-Q5259,brandegeei,QUBR_2023_0652,TCB-07396,11-2024,10/20/2025,Casey S.C.R,silica,FastPrep - 2x 30sec @ 6.0m/s,Scissors,EZNA,Consolidated,0.039,,,,44.4,,,,1.59,,0.71,,,,,,,,,
SH-Q5260,brandegeei,QUBR_2023_0194,TCB-07110,11-2024,10/20/2025,Casey S.C.R,silica,FastPrep - 2x 30sec @ 6.0m/s,Scissors,EZNA,Consolidated,0.030,,,,99.0,,,,1.84,,1.44,,,,,,,,,
SH-Q5261,brandegeei,QUBR_2023_0912,TCB-07087,11-2024,10/20/2025,Casey S.C.R,silica,FastPrep - 2x 30sec @ 6.0m/s,Scissors,EZNA,Consolidated,0.034,,,,222.7,,,,1.87,,1.48,,,,,,,,,
SH-Q5262,brandegeei,QUBR_2023_0015,TCB-07280,11-2024,10/20/2025,Casey S.C.R,silica,FastPrep - 2x 30sec @ 6.0m/s,Scissors,EZNA,Consolidated,0.034,,,,129.7,,,,1.87,,1.62,,,,,,,,,
SH-Q5263,brandegeei,QUBR_2023_0189,TCB-07105,11-2024,10/20/2025,Casey S.C.R,silica,FastPrep - 2x 30sec @ 6.0m/s,Scissors,EZNA,Consolidated,0.032,,,,99.4,,,,1.79,,1.01,,,,,,,,,
SH-Q5264,brandegeei,QUBR_2023_0907,TCB-07082,11-2024,10/20/2025,Casey S.C.R,silica,FastPrep - 2x 30sec @ 6.0m/s,Scissors,EZNA,Consolidated,0.029,,,,126.5,,,,1.77,,1.01,,,,,,,,,
SH-Q5265,brandegeei,QUBR_2023_0196,TCB-07112,11-2024,10/20/2025,Casey S.C.R,silica,FastPrep - 2x 30sec @ 6.0m/s,Scissors,EZNA,Consolidated,0.030,,,,84.5,,,,1.79,,1.05,,,,,,,,,
SH-Q5266,brandegeei,QUBR_2023_0895,TCB-07070,11-2024,10/20/2025,Casey S.C.R,silica,FastPrep - 2x 30sec @ 6.0m/s,Scissors,EZNA,Consolidated,0.028,,,,147.2,,,,1.89,,0.57,,,,,,,,,
SH-Q5267,brandegeei,QUBR_2023_0827,TCB-07207,11-2024,10/20/2025,Casey S.C.R,silica,FastPrep - 2x 30sec @ 6.0m/s,Scissors,EZNA,Consolidated,0.035,,,,128.1,,,,1.83,,1.53,,,,,,,,,
SH-Q5268,brandegeei,QUBR_2023_0904,TCB-07079,11-2024,10/20/2025,Casey S.C.R,silica,FastPrep - 2x 30sec @ 6.0m/s,Scissors,EZNA,Consolidated,0.042,,,,44.0,,,,1.83,,0.94,,,,,,,,,
SH-Q5269,brandegeei,QUBR_2023_0638,TCB-07382,11-2024,10/27/2025,Casey S.C.R,silica,FastPrep - 2x 30sec @ 6.0m/s,Scissors,EZNA,Consolidated,0.031,,,,154.3,,,,1.85,,1.30,,,,,,,,,
SH-Q5270,brandegeei,QUBR_2023_0822,TCB-07163,11-2024,10/27/2025,Casey S.C.R,silica,FastPrep - 2x 30sec @ 6.0m/s,Scissors,EZNA,Consolidated,0.030,,,,37.7,,,,1.72,,0.65,,,,,,,,,
SH-Q5271,brandegeei,QUBR_2023_0046,TCB-07311,11-2024,10/27/2025,Casey S.C.R,silica,FastPrep - 2x 30sec @ 6.0m/s,Scissors,EZNA,Consolidated,0.031,,,,83.2,,,,1.67,,1.35,,,,,,,,,
SH-Q5272,brandegeei,QUBR_2023_0069,TCB-07251,11-2024,10/27/2025,Casey S.C.R,silica,FastPrep - 2x 30sec @ 6.0m/s,Scissors,EZNA,Consolidated,0.031,,,,90.0,,,,1.65,,0.78,,,,,,,,,
SH-Q5273,brandegeei,QUBR_2023_0062,TCB-07244,11-2024,10/27/2025,Casey S.C.R,silica,FastPrep - 2x 30sec @ 6.0m/s,Scissors,EZNA,Consolidated,0.030,,,,65.1,,,,1.75,,1.20,,,,,,,,,
SH-Q5274,brandegeei,QUBR_2023_0894,TCB-07069,11-2024,10/27/2025,Casey S.C.R,silica,FastPrep - 2x 30sec @ 6.0m/s,Scissors,EZNA,Consolidated,0.030,,,,219.6,,,,1.87,,1.60,,,,,,,,,
SH-Q5275,brandegeei,QUBR_2023_0848,TCB-07228,11-2024,10/27/2025,Casey S.C.R,silica,FastPrep - 2x 30sec @ 6.0m/s,Scissors,EZNA,Consolidated,0.032,,,,72.2,,,,1.79,,1.17,,,,,,,,,
SH-Q5276,brandegeei,QUBR_2023_0050,TCB-07315,11-2024,10/27/2025,Casey S.C.R,silica,FastPrep - 2x 30sec @ 6.0m/s,Scissors,EZNA,Consolidated,0.030,,,,95.8,,,,1.71,,1.24,,,,,,,,,
SH-Q5277,brandegeei,QUBR_2023_0633,TCB-07377,11-2024,10/27/2025,Casey S.C.R,silica,FastPrep - 2x 30sec @ 6.0m/s,Scissors,EZNA,Consolidated,0.031,,,,110.5,,,,1.74,,0.64,,,,,,,,,
SH-Q5278,brandegeei,QUBR_2023_0055,TCB-07237,11-2024,10/27/2025,Casey S.C.R,silica,FastPrep - 2x 30sec @ 6.0m/s,Scissors,EZNA,Consolidated,0.034,,,,102.6,,,,1.70,,0.87,,,,,,,,,
SH-Q5279,brandegeei,QUBR_2023_0601,TCB-07345,11-2024,10/27/2025,Casey S.C.R,silica,FastPrep - 2x 30sec @ 6.0m/s,Scissors,EZNA,Consolidated,0.034,,,,112.9,,,,1.53,,0.20,,,,,,,,,
SH-Q5280,brandegeei,QUBR_2023_0909,TCB-07084,11-2024,10/27/2025,Casey S.C.R,silica,FastPrep - 2x 30sec @ 6.0m/s,Scissors,EZNA,Consolidated,0.040,,,,63.3,,,,1.62,,0.80,,,,,,,,,
SH-Q5281,brandegeei,QUBR_2023_0801,TCB-07142,11-2024,10/27/2025,Casey S.C.R,silica,FastPrep - 2x 30sec @ 6.0m/s,Scissors,EZNA,Consolidated,0.033,,,,101.0,,,,1.72,,1.05,,,,,,,,,
SH-Q5282,brandegeei,QUBR_2023_0853,TCB-07233,11-2024,10/27/2025,Casey S.C.R,silica,FastPrep - 2x 30sec @ 6.0m/s,Scissors,EZNA,Consolidated,0.034,,,,81.3,,,,1.63,,0.90,,,,,,,,,
SH-Q5283,brandegeei,QUBR_2023_0051,TCB-07316,11-2024,10/27/2025,Casey S.C.R,silica,FastPrep - 2x 30sec @ 6.0m/s,Scissors,EZNA,Consolidated,0.030,,,,158.8,,,,1.86,,1.53,,,,,,,,,
SH-Q5284,brandegeei,QUBR_2023_0650,TCB-07394,11-2024,10/27/2025,Casey S.C.R,silica,FastPrep - 2x 30sec @ 6.0m/s,Scissors,EZNA,Consolidated,0.033,,,,166.3,,,,1.84,,1.05,,,,,,,,,
SH-Q5285,brandegeei,QUBR_2023_0619,TCB-07363,11-2024,10/27/2025,Casey S.C.R,silica,FastPrep - 2x 30sec @ 6.0m/s,Scissors,EZNA,Consolidated,0.030,,,,115.8,,,,1.78,,1.20,,,,,,,,,
SH-Q5286,brandegeei,QUBR_2023_0186,TCB-07102,11-2024,10/27/2025,Casey S.C.R,silica,FastPrep - 2x 30sec @ 6.0m/s,Scissors,EZNA,Consolidated,0.032,,,,85.3,,,,1.80,,1.08,,,,,,,,,
SH-Q5287,brandegeei,QUBR_2023_0034,TCB-07299,11-2024,10/27/2025,Casey S.C.R,silica,FastPrep - 2x 30sec @ 6.0m/s,Scissors,EZNA,Consolidated,0.030,,,,123.2,,,,1.80,,1.22,,,,,,,,,
SH-Q5288,brandegeei,QUBR_2023_0636,TCB-07380,11-2024,10/27/2025,Casey S.C.R,silica,FastPrep - 2x 30sec @ 6.0m/s,Scissors,EZNA,Consolidated,0.033,,,,91.1,,,,1.69,,0.87,,,,,,,,,
SH-Q5289,brandegeei,QUBR_2023_0835,TCB-07215,11-2024,10/27/2025,Casey S.C.R,silica,FastPrep - 2x 30sec @ 6.0m/s,Scissors,EZNA,Consolidated,0.030,,,,65.7,,,,1.70,,0.94,,,,,,,,,
SH-Q5290,brandegeei,QUBR_2023_0646,TCB-07390,11-2024,10/27/2025,Casey S.C.R,silica,FastPrep - 2x 30sec @ 6.0m/s,Scissors,EZNA,Consolidated,0.030,,,,97.0,,,,1.80,,1.05,,,,,,,,,
SH-Q5291,brandegeei,QUBR_2023_0576,TCB-07320,11-2024,10/27/2025,Casey S.C.R,silica,FastPrep - 2x 30sec @ 6.0m/s,Scissors,EZNA,Consolidated,0.033,,,,161.2,,,,1.86,,2.19,,,,,,,,,
SH-Q5292,brandegeei,QUBR_2023_0872,TCB-07186,11-2024,10/27/2025,Casey S.C.R,silica,FastPrep - 2x 30sec @ 6.0m/s,Scissors,EZNA,Consolidated,0.030,,,,104.6,,,,1.86,,1.64,,,,,,,,,
SH-Q5293,brandegeei,QUBR_2023_0657,TCB-07401,11-2024,11/8/2025,Casey S.C.R,silica,FastPrep - 2x 30sec @ 6.0m/s,Scissors,EZNA,Consolidated,0.030,,,,62.6,,,,1.84,,0.80,,,,,,,,,
SH-Q5294,brandegeei,QUBR_2023_0878,TCB-07192,11-2024,11/8/2025,Casey S.C.R,silica,FastPrep - 2x 30sec @ 6.0m/s,Scissors,EZNA,Consolidated,0.032,,,,51.4,,,,1.89,,1.13,,,,,,,,,
SH-Q5295,brandegeei,QUBR_2023_0833,TCB-07213,11-2024,11/8/2025,Casey S.C.R,silica,FastPrep - 2x 30sec @ 6.0m/s,Scissors,EZNA,Consolidated,0.034,,,,68.6,,,,1.72,,0.85,,,,,,,,,
SH-Q5296,brandegeei,QUBR_2023_0025,TCB-07290,11-2024,11/8/2025,Casey S.C.R,silica,FastPrep - 2x 30sec @ 6.0m/s,Scissors,EZNA,Consolidated,0.029,,,,131.1,,,,1.87,,1.25,,,,,,,,,
SH-Q5297,brandegeei,QUBR_2023_0077,TCB-07259,11-2024,11/8/2025,Casey S.C.R,silica,FastPrep - 2x 30sec @ 6.0m/s,Scissors,EZNA,Consolidated,0.030,,,,89.4,,,,1.82,,1.22,,,,,,,,,
SH-Q5298,brandegeei,QUBR_2023_0600,TCB-07344,11-2024,11/8/2025,Casey S.C.R,silica,FastPrep - 2x 30sec @ 6.0m/s,Scissors,EZNA,Consolidated,0.038,,,,108.5,,,,1.90,,2.00,,,,,,,,,
SH-Q5299,brandegeei,QUBR_2023_0639,TCB-07383,11-2024,11/8/2025,Casey S.C.R,silica,FastPrep - 2x 30sec @ 6.0m/s,Scissors,EZNA,Consolidated,0.030,,,,231.5,,,,1.94,,1.98,,,,,,,,,
SH-Q5300,brandegeei,QUBR_2023_0021,TCB-07286,11-2024,11/8/2025,Casey S.C.R,silica,FastPrep - 2x 30sec @ 6.0m/s,Scissors,EZNA,Consolidated,0.034,,,,107.7,,,,1.82,,1.29,,,,,,,,,
SH-Q5301,brandegeei,QUBR_2023_0637,TCB-07381,11-2024,11/8/2025,Casey S.C.R,silica,FastPrep - 2x 30sec @ 6.0m/s,Scissors,EZNA,Consolidated,0.038,,,,78.3,,,,1.57,,0.28,,,,,,,,,
SH-Q5302,brandegeei,QUBR_2023_0618,TCB-07362,11-2024,11/8/2025,Casey S.C.R,silica,FastPrep - 2x 30sec @ 6.0m/s,Scissors,EZNA,Consolidated,0.036,,,,84.7,,,,1.82,,0.53,,,,,,,,,
SH-Q5303,brandegeei,QUBR_2023_0871,TCB-07185,11-2024,11/8/2025,Casey S.C.R,silica,FastPrep - 2x 30sec @ 6.0m/s,Scissors,EZNA,Consolidated,0.031,,,,88.7,,,,1.61,,0.38,,,,,,,,,
SH-Q5304,brandegeei,QUBR_2023_0048,TCB-07313,11-2024,11/8/2025,Casey S.C.R,silica,FastPrep - 2x 30sec @ 6.0m/s,Scissors,EZNA,Consolidated,0.031,,,,125.5,,,,1.89,,1.77,,,,,,,,,
SH-Q5305,brandegeei,QUBR_2023_0606,TCB-07350,11-2024,11/8/2025,Casey S.C.R,silica,FastPrep - 2x 30sec @ 6.0m/s,Scissors,EZNA,Consolidated,0.034,,,,73.6,,,,1.71,,0.89,,,,,,,,,
SH-Q5306,brandegeei,QUBR_2023_0527,TCB-07059,11-2024,11/8/2025,Casey S.C.R,silica,FastPrep - 2x 30sec @ 6.0m/s,Scissors,EZNA,Consolidated,0.038,,,,101.6,,,,1.84,,1.53,,,,,,,,,
SH-Q5307,brandegeei,QUBR_2023_0603,TCB-07347,11-2024,11/8/2025,Casey S.C.R,silica,FastPrep - 2x 30sec @ 6.0m/s,Scissors,EZNA,Consolidated,0.030,,,,104.5,,,,1.72,,0.79,,,,,,,,,
SH-Q5308,brandegeei,QUBR_2023_0876,TCB-07190,11-2024,11/8/2025,Casey S.C.R,silica,FastPrep - 2x 30sec @ 6.0m/s,Scissors,EZNA,Consolidated,0.033,,,,106.9,,,,1.93,,1.62,,,,,,,,,
SH-Q5309,brandegeei,QUBR_2023_0016,TCB-07281,11-2024,11/8/2025,Casey S.C.R,silica,FastPrep - 2x 30sec @ 6.0m/s,Scissors,EZNA,Consolidated,0.036,,,,107.3,,,,1.83,,1.37,,,,,,,,,
SH-Q5310,brandegeei,QUBR_2023_0531,TCB-07063,11-2024,11/8/2025,Casey S.C.R,silica,FastPrep - 2x 30sec @ 6.0m/s,Scissors,EZNA,Consolidated,0.033,,,,87.5,,,,1.68,,0.98,,,,,,,,,
SH-Q5311,brandegeei,QUBR_0424_nalgene_LB_0001,TCB-07402,04-2024,7/1/2025,Ash & Dana,silica,FastPrep - 2x 30sec @ 6.0m/s,Scissors,EZNA,Consolidated,0.032,11.1,,,,,,,,,,,,,,,,,,
SH-Q5312,brandegeei,QUBR_0424_nalgene_LB_0002,TCB-07403,04-2024,7/1/2025,Ash & Dana,silica,FastPrep - 2x 30sec @ 6.0m/s,Scissors,EZNA,Consolidated,0.036,13.2,,,,,,,,,,,,,,,,,,
SH-Q5313,brandegeei,QUBR_0424_nalgene_LB_0003,TCB-07404,04-2024,7/1/2025,Ash & Dana,silica,FastPrep - 2x 30sec @ 6.0m/s,Scissors,EZNA,Consolidated,0.037,>60,,,,,,,,,,,,,,,,,,
SH-Q5314,brandegeei,QUBR_0424_nalgene_VP_0001,TCB-07405,04-2024,7/1/2025,Ash & Dana,silica,FastPrep - 2x 30sec @ 6.0m/s,Scissors,EZNA,Consolidated,0.032,59,,,,,,,,,,,,,,,,,,
SH-Q5315,brandegeei,QUBR_0424_nalgene_VP_0002,TCB-07406,04-2024,7/1/2025,Ash & Dana,silica,FastPrep - 2x 30sec @ 6.0m/s,Scissors,EZNA,Consolidated,0.026,20.5,,,,,,,,,,,,,,,,,,
SH-Q5316,brandegeei,QUBR_0424_nalgene_VP_0003,TCB-07407,04-2024,7/1/2025,Ash & Dana,silica,FastPrep - 2x 30sec @ 6.0m/s,Scissors,EZNA,Consolidated,0.028,49.9,,,,,,,,,,,,,,,,,,
SH-Q5317,brandegeei,QUBR_0424_nalgene_LM_0002,TCB-07409,04-2024,7/1/2025,Ash & Dana,silica,FastPrep - 2x 30sec @ 6.0m/s,Scissors,EZNA,Consolidated,0.032,48.7,,,,,,,,,,,,,,,,,,
SH-Q5318,brandegeei,QUBR_0424_nalgene_LM_0003,TCB-07410,04-2024,7/1/2025,Ash & Dana,silica,FastPrep - 2x 30sec @ 6.0m/s,Scissors,EZNA,Consolidated,0.027,21.9,,,,,,,,,,,,,,,,,,
SH-Q5319,brandegeei,QUBR_0424_nalgene_ECi_0001,TCB-07411,04-2024,7/1/2025,Ash & Dana,silica,FastPrep - 2x 30sec @ 6.0m/s,Scissors,EZNA,Consolidated,0.030,15.8,,,,,,,,,,,,,,,,,,
SH-Q5320,brandegeei,QUBR_0424_nalgene_ECi_0002,TCB-07412,04-2024,7/1/2025,Ash & Dana,silica,FastPrep - 2x 30sec @ 6.0m/s,Scissors,EZNA,Consolidated,0.029,>60,,,,,,,,,,,,,,,,,,
SH-Q5321,brandegeei,QUBR_0424_nalgene_ECi_0003,TCB-07413,04-2024,7/1/2025,Ash & Dana,silica,FastPrep - 2x 30sec @ 6.0m/s,Scissors,EZNA,Consolidated,0.033,14.8,,,,,,,,,,,,,,,,,,
SH-Q5322,brandegeei,QUBR_0424_nalgene_SA_0001,TCB-07414,04-2024,7/1/2025,Ash & Dana,silica,FastPrep - 2x 30sec @ 6.0m/s,Scissors,EZNA,Consolidated,0.030,8.87,,,,,,,,,,,,,,,,,,
SH-Q5323,brandegeei,QUBR_0424_nalgene_SA_0002,TCB-07415,04-2024,7/1/2025,Ash & Dana,silica,FastPrep - 2x 30sec @ 6.0m/s,Scissors,EZNA,Consolidated,0.023,13.4,,,,,,,,,,,,,,,,,,
SH-Q5324,brandegeei,QUBR_0424_nalgene_SA_0003,TCB-07416,04-2024,7/1/2025,Ash & Dana,silica,FastPrep - 2x 30sec @ 6.0m/s,Scissors,EZNA,Consolidated,0.024,18,,,,,,,,,,,,,,,,,,
SH-Q5325,brandegeei,QUBR_0424_nalgene_SD_0001,TCB-07417,04-2024,7/1/2025,Ash & Dana,silica,FastPrep - 2x 30sec @ 6.0m/s,Scissors,EZNA,Consolidated,0.032,18,,,,,,,,,,,,,,,,,,
SH-Q5326,brandegeei,QUBR_0424_nalgene_SD_0002,TCB-07418,04-2024,7/1/2025,Ash & Dana,silica,FastPrep - 2x 30sec @ 6.0m/s,Scissors,EZNA,Consolidated,0.034,21.3,,,,,,,,,,,,,,,,,,
SH-Q5327,brandegeei,QUBR_0424_nalgene_SD_0003,TCB-07419,04-2024,7/1/2025,Ash & Dana,silica,FastPrep - 2x 30sec @ 6.0m/s,Scissors,EZNA,Consolidated,0.035,13.9,,,,,,,,,,,,,,,,,,
SH-Q5328,brandegeei,QUBR_0424_nalgene_ECh_0001,TCB-07420,04-2024,7/1/2025,Ash & Dana,silica,FastPrep - 2x 30sec @ 6.0m/s,Scissors,EZNA,Consolidated,0.028,49.1,,,,,,,,,,,,,,,,,,
SH-Q5329,brandegeei,QUBR_0424_nalgene_ECh_0002,TCB-07421,04-2024,7/1/2025,Ash & Dana,silica,FastPrep - 2x 30sec @ 6.0m/s,Scissors,EZNA,Consolidated,0.030,26.4,,,,,,,,,,,,,,,,,,
SH-Q5330,brandegeei,QUBR_0424_nalgene_ECh_0003,TCB-07422,04-2024,7/1/2025,Ash & Dana,silica,FastPrep - 2x 30sec @ 6.0m/s,Scissors,EZNA,Consolidated,0.028,11,,,,,,,,,,,,,,,,,,
SH-Q5331,brandegeei,QUBR_SD_074,TCB-05225,9-2023,8/27/2025,D. Barry,silica,FastPrep - 2x 30sec @ 6.0m/s,Scissors,EZNA,Consolidated,0.040,113,,,,,,,1.75,,1.28,,,,,,,,,
SH-Q5332,brandegeei,QUBR_SD_020,TCB-05248,9-2023,8/27/2025,D. Barry,silica,FastPrep - 2x 30sec @ 6.0m/s,Scissors,EZNA,Consolidated,0.039,148.4,,,,,,,1.89,,1.33,,,,,,,,,
SH-Q5333,brandegeei,QUBR_SD_016,TCB-05161,9-2023,8/27/2025,D. Barry,silica,FastPrep - 2x 30sec @ 6.0m/s,Scissors,EZNA,Consolidated,0.040,89.1,,,,,,,1.79,,1.49,,,,,,,,,
SH-Q5334,brandegeei,QUBR_SD_190,TCB-05097,9-2023,8/27/2025,D. Barry,silica,FastPrep - 2x 30sec @ 6.0m/s,Scissors,EZNA,Consolidated,0.027,89.2,,,,,,,1.69,,0.84,,,,,,,,,
SH-Q5335,brandegeei,QUBR_LC_033,TCB-04906,9-2023,8/27/2025,D. Barry,silica,FastPrep - 2x 30sec @ 6.0m/s,Scissors,EZNA,Consolidated,0.036,72.9,,,,,,,1.72,,1.28,,,,,,,,,
SH-Q5336,brandegeei,QUBR_LC_187,TCB-04955,9-2023,8/27/2025,D. Barry,silica,FastPrep - 2x 30sec @ 6.0m/s,Scissors,EZNA,Consolidated,0.039,95.3,,,,,,,1.77,,0.67,,,,,,,,,
SH-Q5337,brandegeei,QUBR_LC_084,TCB-04907,9-2023,8/27/2025,D. Barry,silica,FastPrep - 2x 30sec @ 6.0m/s,Scissors,EZNA,Consolidated,0.032,80.5,,,,,,,1.69,,1.27,,,,,,,,,
SH-Q5338,brandegeei,QUBR_LM_024,TCB-04772,9-2023,8/27/2025,D. Barry,silica,FastPrep - 2x 30sec @ 6.0m/s,Scissors,EZNA,Consolidated,0.031,98.4,,,,,,,1.81,,1.17,,,,,,,,,
SH-Q5339,brandegeei,QUBR_LM_206,TCB-04725,9-2023,8/27/2025,D. Barry,silica,FastPrep - 2x 30sec @ 6.0m/s,Scissors,EZNA,Consolidated,0.040,189,,,,,,,1.93,,1.79,,,,,,,,,
SH-Q5340,brandegeei,QUBR_LM_155,TCB-04678,9-2023,8/27/2025,D. Barry,silica,FastPrep - 2x 30sec @ 6.0m/s,Scissors,EZNA,Consolidated,0.038,214.7,,,,,,,1.94,,1.92,,,,,,,,,
SH-Q5341,brandegeei,QUBR_2023_0856,TCB-07170,11-2024,8/27/2025,D. Barry,silica,FastPrep - 2x 30sec @ 6.0m/s,Scissors,EZNA,Consolidated,0.039,111.6,,,,,,,1.88,,1.18,,,,,,,,,
SH-Q5342,brandegeei,QUBR_2023_0857,TCB-07171,11-2024,8/27/2025,D. Barry,silica,FastPrep - 2x 30sec @ 6.0m/s,Scissors,EZNA,Consolidated,0.034,53.8,,,,,,,1.74,,0.55,,,,,,,,,
SH-Q5343,brandegeei,QUBR_2023_0858,TCB-07172,11-2024,8/27/2025,D. Barry,silica,FastPrep - 2x 30sec @ 6.0m/s,Scissors,EZNA,Consolidated,0.037,93.4,,,,,,,1.90,,1.58,,,,,,,,,
SH-Q5344,brandegeei,QUBR_2023_0859,TCB-07173,11-2024,8/27/2025,D. Barry,silica,FastPrep - 2x 30sec @ 6.0m/s,Scissors,EZNA,Consolidated,0.033,148.8,,,,,,,1.93,,1.28,,,,,,,,,
SH-Q5345,brandegeei,QUBR_2023_0860,TCB-07174,11-2024,8/27/2025,D. Barry,silica,FastPrep - 2x 30sec @ 6.0m/s,Scissors,EZNA,Consolidated,0.032,94.8,,,,,,,1.93,,1.17,,,,,,,,,
SH-Q5346,brandegeei,QUBR_2023_0861,TCB-07175,11-2024,8/27/2025,D. Barry,silica,FastPrep - 2x 30sec @ 6.0m/s,Scissors,EZNA,Consolidated,0.031,48.2,,,,,,,1.61,,0.22,,,,,,,,,
SH-Q5347,brandegeei,QUBR_2023_0862,TCB-07176,11-2024,8/27/2025,D. Barry,silica,FastPrep - 2x 30sec @ 6.0m/s,Scissors,EZNA,Consolidated,0.023,114.9,,,,,,,1.91,,1.08,,,,,,,,,
SH-Q5348,brandegeei,QUBR_2023_0863,TCB-07177,11-2024,8/27/2025,D. Barry,silica,FastPrep - 2x 30sec @ 6.0m/s,Scissors,EZNA,Consolidated,0.032,264.2,,,,,,,1.91,,1.08,,,,,,,,,
SH-Q5349,brandegeei,QUBR_2023_0864,TCB-07178,11-2024,8/27/2025,D. Barry,silica,FastPrep - 2x 30sec @ 6.0m/s,Scissors,EZNA,Consolidated,0.021,125.7,,,,,,,1.85,,1.05,,,,,,,,,
SH-Q5350,brandegeei,QUBR_2023_0865,TCB-07179,11-2024,8/27/2025,D. Barry,silica,FastPrep - 2x 30sec @ 6.0m/s,Scissors,EZNA,Consolidated,0.022,211,,,,,,,1.95,,0.99,,,,,,,,,
SH-Q5351,brandegeei,QUBR_2023_0866,TCB-07180,11-2024,8/27/2025,D. Barry,silica,FastPrep - 2x 30sec @ 6.0m/s,Scissors,EZNA,Consolidated,0.037,160.9,,,,,,,1.98,,0.70,,,,,,,,,
SH-Q5352,brandegeei,QUBR_2023_0867,TCB-07181,11-2024,8/27/2025,D. Barry,silica,FastPrep - 2x 30sec @ 6.0m/s,Scissors,EZNA,Consolidated,0.031,92.8,,,,,,,1.90,,0.82,,,,,,,,,
SH-Q5353,brandegeei,QUBR_2023_0868,TCB-07182,11-2024,8/27/2025,D. Barry,silica,FastPrep - 2x 30sec @ 6.0m/s,Scissors,EZNA,Consolidated,0.031,282.7,,,,,,,2.01,,1.94,,,,,,,,,
SH-Q5354,brandegeei,QUBR_2023_0869,TCB-07183,11-2024,8/27/2025,D. Barry,silica,FastPrep - 2x 30sec @ 6.0m/s,Scissors,EZNA,Consolidated,0.023,215.8,,,,,,,1.98,,1.50,,,,,,,,,
SH-Q5355,brandegeei,QUBR_2023_0216,TCB-07132,11-2024,11/8/2025,Casey S.C.R,silica,FastPrep - 2x 30sec @ 6.0m/s,Scissors,EZNA,Consolidated,0.033,,,,194.2,,,,1.97,,1.90,,,,,,,,,
SH-Q5356,brandegeei,QUBR_2023_0591,TCB-07335,11-2024,11/8/2025,Casey S.C.R,silica,FastPrep - 2x 30sec @ 6.0m/s,Scissors,EZNA,Consolidated,0.030,,,,76.5,,,,1.91,,0.82,,,,,,,,,
SH-Q5357,brandegeei,QUBR_2023_0645,TCB-07389,11-2024,11/8/2025,Casey S.C.R,silica,FastPrep - 2x 30sec @ 6.0m/s,Scissors,EZNA,Consolidated,0.032,,,,75.7,,,,1.89,,1.29,,,,,,,,,
SH-Q5358,brandegeei,QUBR_2023_0840,TCB-07220,11-2024,11/8/2025,Casey S.C.R,silica,FastPrep - 2x 30sec @ 6.0m/s,Scissors,EZNA,Consolidated,0.030,,,,54.6,,,,1.87,,0.76,,,,,,,,,
SH-Q5359,brandegeei,QUBR_2023_0081,TCB-07263,11-2024,11/8/2025,Casey S.C.R,silica,FastPrep - 2x 30sec @ 6.0m/s,Scissors,EZNA,Consolidated,0.032,,,,91.3,,,,1.88,,1.02,,,,,,,,,
SH-Q5360,brandegeei,QUBR_2023_0191,TCB-07107,11-2024,11/8/2025,Casey S.C.R,silica,FastPrep - 2x 30sec @ 6.0m/s,Scissors,EZNA,Consolidated,0.030,,,,73.7,,,,1.84,,0.47,,,,,,,,,
SH-Q5361,brandegeei,QUBR_2023_0042,TCB-07307,11-2024,11/17/2025,Casey S.C.R,silica,FastPrep - 2x 30sec @ 6.0m/s,Scissors,EZNA,Consolidated,0.035,,,,34.6,,,,1.61,,0.20,,,,,,,,,
SH-Q5362,brandegeei,QUBR_2023_0029,TCB-07294,11-2024,11/17/2025,Casey S.C.R,silica,FastPrep - 2x 30sec @ 6.0m/s,Scissors,EZNA,Consolidated,0.033,,,,48.9,,,,1.81,,0.73,,,,,,,,,
SH-Q5363,brandegeei,QUBR_2023_0525,TCB-07057,11-2024,11/17/2025,Casey S.C.R,silica,FastPrep - 2x 30sec @ 6.0m/s,Scissors,EZNA,Consolidated,0.031,,,,79.4,,,,1.82,,1.01,,,,,,,,,
SH-Q5364,brandegeei,QUBR_2023_0908,TCB-07083,11-2024,11/17/2025,Casey S.C.R,silica,FastPrep - 2x 30sec @ 6.0m/s,Scissors,EZNA,Consolidated,0.034,,,,92.7,,,,1.84,,1.26,,,,,,,,,
SH-Q5365,brandegeei,QUBR_2023_0874,TCB-07188,11-2024,11/17/2025,Casey S.C.R,silica,FastPrep - 2x 30sec @ 6.0m/s,Scissors,EZNA,Consolidated,0.044,,,,117.7,,,,1.84,,1.13,,,,,,,,,
SH-Q5366,brandegeei,QUBR_2023_0061,TCB-07243,11-2024,11/17/2025,Casey S.C.R,silica,FastPrep - 2x 30sec @ 6.0m/s,Scissors,EZNA,Consolidated,0.031,,,,100.1,,,,1.82,,1.52,,,,,,,,,
SH-Q5367,brandegeei,QUBR_2023_0890,TCB-07204,11-2024,11/17/2025,Casey S.C.R,silica,FastPrep - 2x 30sec @ 6.0m/s,Scissors,EZNA,Consolidated,0.031,,,,73.2,,,,1.83,,0.63,,,,,,,,,
SH-Q5368,brandegeei,QUBR_2023_0593,TCB-07337,11-2024,11/17/2025,Casey S.C.R,silica,FastPrep - 2x 30sec @ 6.0m/s,Scissors,EZNA,Consolidated,0.033,,,,126.3,,,,1.80,,1.06,,,,,,,,,
SH-Q5369,brandegeei,QUBR_2023_0059,TCB-07241,11-2024,11/17/2025,Casey S.C.R,silica,FastPrep - 2x 30sec @ 6.0m/s,Scissors,EZNA,Consolidated,0.030,,,,112.7,,,,1.80,,1.64,,,,,,,,,
SH-Q5370,brandegeei,QUBR_2023_0906,TCB-07081,11-2024,11/17/2025,Casey S.C.R,silica,FastPrep - 2x 30sec @ 6.0m/s,Scissors,EZNA,Consolidated,0.035,,,,96.7,,,,1.87,,1..61,,,,,,,,,
SH-Q5371,brandegeei,QUBR_2023_0882,TCB-07196,11-2024,11/17/2025,Casey S.C.R,silica,FastPrep - 2x 30sec @ 6.0m/s,Scissors,EZNA,Consolidated,0.033,,,,74.0,,,,1.88,,1.18,,,,,,,,,
SH-Q5372,brandegeei,QUBR_2023_0040,TCB-07305,11-2024,11/17/2025,Casey S.C.R,silica,FastPrep - 2x 30sec @ 6.0m/s,Scissors,EZNA,Consolidated,0.031,,,,135.4,,,,1.87,,0.87,,,,,,,,,
SH-Q5373,brandegeei,QUBR_2023_0911,TCB-07086,11-2024,11/17/2025,Casey S.C.R,silica,FastPrep - 2x 30sec @ 6.0m/s,Scissors,EZNA,Consolidated,0.030,,,,93.7,,,,1.91,,0.79,,,,,,,,,
SH-Q5374,brandegeei,QUBR_2023_0628,TCB-07372,11-2024,11/17/2025,Casey S.C.R,silica,FastPrep - 2x 30sec @ 6.0m/s,Scissors,EZNA,Consolidated,0.035,,,,77.9,,,,1.72,,0.40,,,,,,,,,
SH-Q5375,brandegeei,QUBR_2023_0514,TCB-07046,11-2024,11/17/2025,Casey S.C.R,silica,FastPrep - 2x 30sec @ 6.0m/s,Scissors,EZNA,Consolidated,0.031,,,,132.6,,,,1.83,,0.93,,,,,,,,,
SH-Q5376,brandegeei,QUBR_2023_0880,TCB-07194,11-2024,11/17/2025,Casey S.C.R,silica,FastPrep - 2x 30sec @ 6.0m/s,Scissors,EZNA,Consolidated,0.031,,,,77.2,,,,1.84,,1.23,,,,,,,,,
SH-Q5377,brandegeei,QUBR_2023_0190,TCB-07106,11-2024,11/17/2025,Casey S.C.R,silica,FastPrep - 2x 30sec @ 6.0m/s,Scissors,EZNA,Consolidated,0.030,,,,73.2,,,,1.83,,0.63,,,,,,,,,
SH-Q5378,brandegeei,QUBR_2023_0914,TCB-07089,11-2024,11/17/2025,Casey S.C.R,silica,FastPrep - 2x 30sec @ 6.0m/s,Scissors,EZNA,Consolidated,0.030,,,,106.7,,,,1.91,,1.44,,,,,,,,,
SH-Q5379,brandegeei,QUBR_2023_0845,TCB-07225,11-2024,11/17/2025,Casey S.C.R,silica,FastPrep - 2x 30sec @ 6.0m/s,Scissors,EZNA,Consolidated,0.029,,,,102.0,,,,1.82,,1.15,,,,,,,,,
SH-Q5380,brandegeei,QUBR_2023_0595,TCB-07339,11-2024,11/17/2025,Casey S.C.R,silica,FastPrep - 2x 30sec @ 6.0m/s,Scissors,EZNA,Consolidated,0.030,,,,142.5,,,,1.87,,1.67,,,,,,,,,
SH-Q5381,brandegeei,QUBR_2023_0855,TCB-07169,11-2024,11/17/2025,Casey S.C.R,silica,FastPrep - 2x 30sec @ 6.0m/s,Scissors,EZNA,Consolidated,0.031,,,,81.1,,,,1.87,,0.94,,,,,,,,,
SH-Q5382,brandegeei,QUBR_2023_0837,TCB-07217,11-2024,11/17/2025,Casey S.C.R,silica,FastPrep - 2x 30sec @ 6.0m/s,Scissors,EZNA,Consolidated,0.034,,,,97.9,,,,1.82,,1.17,,,,,,,,,
SH-Q5383,brandegeei,QUBR_2023_0653,TCB-07397,11-2024,11/17/2025,Casey S.C.R,silica,FastPrep - 2x 30sec @ 6.0m/s,Scissors,EZNA,Consolidated,0.036,,,,56.6,,,,1.87,,1.25,,,,,,,,,
SH-Q5384,brandegeei,QUBR_2023_0217,TCB-07133,11-2024,11/17/2025,Casey S.C.R,silica,FastPrep - 2x 30sec @ 6.0m/s,Scissors,EZNA,Consolidated,0.030,,,,85.8,,,,1.86,,1.32,,,,,,,,,
SH-Q5385,brandegeei,QUBR_2023_0053,TCB-07235,11-2024,11/24/2025,Casey S.C.R,silica,FastPrep - 2x 30sec @ 6.0m/s,Scissors,EZNA,Consolidated,0.032,,,,78.7,,,,1.65,,0.77,,,,,,,,,
SH-Q5386,brandegeei,QUBR_2023_0007,TCB-07272,11-2024,11/24/2025,Casey S.C.R,silica,FastPrep - 2x 30sec @ 6.0m/s,Scissors,EZNA,Consolidated,0.029,,,,166.9,,,,1.84,,1.55,,,,,,,,,
SH-Q5387,brandegeei,QUBR_2023_0030,TCB-07295,11-2024,11/24/2025,Casey S.C.R,silica,FastPrep - 2x 30sec @ 6.0m/s,Scissors,EZNA,Consolidated,0.036,,,,119.2,,,,1.81,,1.39,,,,,,,,,
SH-Q5388,brandegeei,QUBR_2023_0047,TCB-07312,11-2024,11/24/2025,Casey S.C.R,silica,FastPrep - 2x 30sec @ 6.0m/s,Scissors,EZNA,Consolidated,0.030,,,,64.6,,,,1.88,,0.83,,,,,,,,,
SH-Q5389,brandegeei,QUBR_2023_0185,TCB-07101,11-2024,11/24/2025,Casey S.C.R,silica,FastPrep - 2x 30sec @ 6.0m/s,Scissors,EZNA,Consolidated,0.039,,,,61.5,,,,1.68,,0.53,,,,,,,,,
SH-Q5390,brandegeei,QUBR_2023_0028,TCB-07293,11-2024,11/24/2025,Casey S.C.R,silica,FastPrep - 2x 30sec @ 6.0m/s,Scissors,EZNA,Consolidated,0.035,,,,53.8,,,,1.81,,0.58,,,,,,,,,
SH-Q5391,brandegeei,QUBR_2023_0215,TCB-07131,11-2024,11/24/2025,Casey S.C.R,silica,FastPrep - 2x 30sec @ 6.0m/s,Scissors,EZNA,Consolidated,0.030,,,,153.9,,,,1.84,,1.19,,,,,,,,,
SH-Q5392,brandegeei,QUBR_2023_0075,TCB-07257,11-2024,11/24/2025,Casey S.C.R,silica,FastPrep - 2x 30sec @ 6.0m/s,Scissors,EZNA,Consolidated,0.039,,,,96.9,,,,1.82,,1.28,,,,,,,,,
SH-Q5393,brandegeei,QUBR_2023_0893,TCB-07068,11-2024,11/24/2025,Casey S.C.R,silica,FastPrep - 2x 30sec @ 6.0m/s,Scissors,EZNA,Consolidated,0.030,,,,111.1,,,,1.87,,1.44,,,,,,,,,
SH-Q5394,brandegeei,QUBR_2023_0841,TCB-07221,11-2024,11/24/2025,Casey S.C.R,silica,FastPrep - 2x 30sec @ 6.0m/s,Scissors,EZNA,Consolidated,0.033,,,,127.2,,,,1.77,,0.92,,,,,,,,,
SH-Q5395,brandegeei,QUBR_2023_0056,TCB-07238,11-2024,11/24/2025,Casey S.C.R,silica,FastPrep - 2x 30sec @ 6.0m/s,Scissors,EZNA,Consolidated,0.031,,,,100.3,,,,1.78,,1.39,,,,,,,,,
SH-Q5396,brandegeei,QUBR_2023_0004,TCB-07269,11-2024,11/24/2025,Casey S.C.R,silica,FastPrep - 2x 30sec @ 6.0m/s,Scissors,EZNA,Consolidated,0.028,,,,104.7,,,,1.85,,1.75,,,,,,,,,
SH-Q5397,brandegeei,QUBR_2023_0009,TCB-07274,11-2024,11/24/2025,Casey S.C.R,silica,FastPrep - 2x 30sec @ 6.0m/s,Scissors,EZNA,Consolidated,0.030,,,,146.0,,,,1.88,,1.60,,,,,,,,,
SH-Q5398,brandegeei,QUBR_2023_0897,TCB-07072,11-2024,11/24/2025,Casey S.C.R,silica,FastPrep - 2x 30sec @ 6.0m/s,Scissors,EZNA,Consolidated,0.030,,,,97.9,,,,1.91,,1.39,,,,,,,,,
SH-Q5399,brandegeei,QUBR_2023_0887,TCB-07201,11-2024,11/24/2025,Casey S.C.R,silica,FastPrep - 2x 30sec @ 6.0m/s,Scissors,EZNA,Consolidated,0.030,,,,137.4,,,,1.95,,1.32,,,,,,,,,
SH-Q5400,brandegeei,QUBR_2023_0039,TCB-07304,11-2024,11/24/2025,Casey S.C.R,silica,FastPrep - 2x 30sec @ 6.0m/s,Scissors,EZNA,Consolidated,0.030,,,,144.5,,,,1.82,,1.49,,,,,,,,,
SH-Q5401,brandegeei,QUBR_2023_0635,TCB-07379,11-2024,11/24/2025,Casey S.C.R,silica,FastPrep - 2x 30sec @ 6.0m/s,Scissors,EZNA,Consolidated,0.037,,,,124.1,,,,1.84,,1.57,,,,,,,,,
SH-Q5402,brandegeei,QUBR_2023_0804,TCB-07145,11-2024,11/24/2025,Casey S.C.R,silica,FastPrep - 2x 30sec @ 6.0m/s,Scissors,EZNA,Consolidated,0.029,,,,123.3,,,,1.79,,1.33,,,,,,,,,
SH-Q5403,brandegeei,QUBR_2023_0197,TCB-07113,11-2024,1/8/2026,Casey S.C.R,silica,FastPrep - 2x 30sec @ 6.0m/s,Scissors,EZNA,Consolidated,0.031,,,,114.5,,,,1.88,,1.47,,,,,,,,,
SH-Q5404,brandegeei,QUBR_2023_0006,TCB-07271,11-2024,1/8/2026,Casey S.C.R,silica,FastPrep - 2x 30sec @ 6.0m/s,Scissors,EZNA,Consolidated,0.032,,,,41.6,,,,1.63,,0.32,,,,,,,,,
SH-Q5405,brandegeei,QUBR_2023_0641,TCB-07385,11-2024,1/8/2026,Casey S.C.R,silica,FastPrep - 2x 30sec @ 6.0m/s,Scissors,EZNA,Consolidated,0.031,,,,244.8,,,,1.88,,1.54,,,,,,,,,
SH-Q5406,brandegeei,QUBR_2023_0517,TCB-07049,11-2024,1/8/2026,Casey S.C.R,silica,FastPrep - 2x 30sec @ 6.0m/s,Scissors,EZNA,Consolidated,0.030,,,,236.4,,,,1.81,,1.58,,,,,,,,,
SH-Q5407,brandegeei,QUBR_2023_0198,TCB-07114,11-2024,1/8/2026,Casey S.C.R,silica,FastPrep - 2x 30sec @ 6.0m/s,Scissors,EZNA,Consolidated,0.034,,,,164.7,,,,1.85,,1.16,,,,,,,,,
SH-Q5408,brandegeei,QUBR_2023_0060,TCB-07242,11-2024,1/8/2026,Casey S.C.R,silica,FastPrep - 2x 30sec @ 6.0m/s,Scissors,EZNA,Consolidated,0.030,,,,80.3,,,,1.83,,1.28,,,,,,,,,
SH-Q5409,brandegeei,QUBR_2023_0080,TCB-07262,11-2024,1/8/2026,Casey S.C.R,silica,FastPrep - 2x 30sec @ 6.0m/s,Scissors,EZNA,Consolidated,0.035,,,,105.5,,,,1.84,,1.31,,,,,,,,,
SH-Q5410,brandegeei,QUBR_2023_0072,TCB-07254,11-2024,1/8/2026,Casey S.C.R,silica,FastPrep - 2x 30sec @ 6.0m/s,Scissors,EZNA,Consolidated,0.033,,,,166.6,,,,1.83,,1.47,,,,,,,,,
SH-Q5411,brandegeei,QUBR_2023_0033,TCB-07298,11-2024,1/8/2026,Casey S.C.R,silica,FastPrep - 2x 30sec @ 6.0m/s,Scissors,EZNA,Consolidated,0.030,,,,42.7,,,,1.78,,0.25,,,,,,,,,
SH-Q5412,brandegeei,QUBR_2023_0615,TCB-07359,11-2024,1/8/2026,Casey S.C.R,silica,FastPrep - 2x 30sec @ 6.0m/s,Scissors,EZNA,Consolidated,0.030,,,,95.3,,,,1.78,,0.83,,,,,,,,,
SH-Q5413,brandegeei,QUBR_2023_0916,TCB-07091,11-2024,1/8/2026,Casey S.C.R,silica,FastPrep - 2x 30sec @ 6.0m/s,Scissors,EZNA,Consolidated,0.032,,,,137.8,,,,1.90,,1.32,,,,,,,,,
SH-Q5414,brandegeei,QUBR_2023_0181,TCB-07097,11-2024,1/8/2026,Casey S.C.R,silica,FastPrep - 2x 30sec @ 6.0m/s,Scissors,EZNA,Consolidated,0.030,,,,104.0,,,,1.84,,1.43,,,,,,,,,
SH-Q5415,brandegeei,QUBR_2023_0843,TCB-07223,11-2024,1/8/2026,Casey S.C.R,silica,FastPrep - 2x 30sec @ 6.0m/s,Scissors,EZNA,Consolidated,0.035,,,,61.6,,,,1.78,,0.72,,,,,,,,,
SH-Q5416,brandegeei,QUBR_2023_0836,TCB-07216,11-2024,1/8/2026,Casey S.C.R,silica,FastPrep - 2x 30sec @ 6.0m/s,Scissors,EZNA,Consolidated,0.040,,,,101.6,,,,1.84,,1.27,,,,,,,,,
SH-Q5417,brandegeei,QUBR_2023_0076,TCB-07258,11-2024,1/8/2026,Casey S.C.R,silica,FastPrep - 2x 30sec @ 6.0m/s,Scissors,EZNA,Consolidated,0.023,,,,112.9,,,,1.84,,1.77,,,,,,,,,
SH-Q5418,brandegeei,QUBR_2023_0805,TCB-07146,11-2024,1/8/2026,Casey S.C.R,silica,FastPrep - 2x 30sec @ 6.0m/s,Scissors,EZNA,Consolidated,0.030,,,,71.2,,,,1.84,,1.06,,,,,,,,,
SH-Q5419,brandegeei,QUBR_2023_0054,TCB-07236,11-2024,1/8/2026,Casey S.C.R,silica,FastPrep - 2x 30sec @ 6.0m/s,Scissors,EZNA,Consolidated,0.031,,,,123.8,,,,1.81,,1.21,,,,,,,,,
SH-Q5420,brandegeei,QUBR_2023_0043,TCB-07308,11-2024,1/8/2026,Casey S.C.R,silica,FastPrep - 2x 30sec @ 6.0m/s,Scissors,EZNA,Consolidated,0.031,,,,41.3,,,,1.87,,1.39,,,,,,,,,
SH-Q5421,brandegeei,QUBR_2023_0580,TCB-07324,11-2024,1/17/2026,Casey S.C.R,silica,FastPrep - 2x 30sec @ 6.0m/s,Scissors,EZNA,Consolidated,0.033,,,,181.1,,,,1.86,,1.55,,,,,,,,,
SH-Q5422,brandegeei,QUBR_2023_0036,TCB-07301,11-2024,1/17/2026,Casey S.C.R,silica,FastPrep - 2x 30sec @ 6.0m/s,Scissors,EZNA,Consolidated,0.028,,,,56.9,,,,1.69,,0.74,,,,,,,,,
SH-Q5423,brandegeei,QUBR_2023_0847,TCB-07227,11-2024,1/17/2026,Casey S.C.R,silica,FastPrep - 2x 30sec @ 6.0m/s,Scissors,EZNA,Consolidated,0.030,,,,64.8,,,,1.79,,1.10,,,,,,,,,
SH-Q5424,brandegeei,QUBR_2023_0041,TCB-07306,11-2024,1/17/2026,Casey S.C.R,silica,FastPrep - 2x 30sec @ 6.0m/s,Scissors,EZNA,Consolidated,0.030,,,,71.6,,,,1.55,,0.80,,,,,,,,,
SH-Q5425,brandegeei,QUBR_2023_0891,TCB-07205,11-2024,1/17/2026,Casey S.C.R,silica,FastPrep - 2x 30sec @ 6.0m/s,Scissors,EZNA,Consolidated,0.030,,,,93.0,,,,1.86,,1.51,,,,,,,,,
SH-Q5426,brandegeei,QUBR_2023_0620,TCB-07364,11-2024,1/17/2026,Casey S.C.R,silica,FastPrep - 2x 30sec @ 6.0m/s,Scissors,EZNA,Consolidated,0.029,,,,154.1,,,,1.87,,1.33,,,,,,,,,
SH-Q5427,brandegeei,QUBR_2023_0877,TCB-07191,11-2024,1/17/2026,Casey S.C.R,silica,FastPrep - 2x 30sec @ 6.0m/s,Scissors,EZNA,Consolidated,0.033,,,,124.2,,,,1.92,,1.16,,,,,,,,,
SH-Q5428,brandegeei,QUBR_2023_0064,TCB-07246,11-2024,1/17/2026,Casey S.C.R,silica,FastPrep - 2x 30sec @ 6.0m/s,Scissors,EZNA,Consolidated,0.031,,,,98.8,,,,1.79,,0.95,,,,,,,,,
SH-Q5429,brandegeei,QUBR_2023_0515,TCB-07047,11-2024,1/17/2026,Casey S.C.R,silica,FastPrep - 2x 30sec @ 6.0m/s,Scissors,EZNA,Consolidated,0.023,,,,101.3,,,,1.49,,0.71,,,,,,,,,
SH-Q5430,brandegeei,QUBR_2023_0523,TCB-07055,11-2024,1/17/2026,Casey S.C.R,silica,FastPrep - 2x 30sec @ 6.0m/s,Scissors,EZNA,Consolidated,0.031,,,,55.2,,,,1.72,,0.62,,,,,,,,,
SH-Q5431,brandegeei,QUBR_2023_0204,TCB-07120,11-2024,1/17/2026,Casey S.C.R,silica,FastPrep - 2x 30sec @ 6.0m/s,Scissors,EZNA,Consolidated,0.028,,,,127.1,,,,1.66,,1.29,,,,,,,,,
SH-Q5432,brandegeei,QUBR_2023_0607,TCB-07351,11-2024,1/17/2026,Casey S.C.R,silica,FastPrep - 2x 30sec @ 6.0m/s,Scissors,EZNA,Consolidated,0.029,,,,107.9,,,,1.62,,0.88,,,,,,,,,
SH-Q5433,brandegeei,QUBR_2023_0534,TCB-07066,11-2024,1/17/2026,Casey S.C.R,silica,FastPrep - 2x 30sec @ 6.0m/s,Scissors,EZNA,Consolidated,0.030,,,,67.7,,,,1.73,,0.96,,,,,,,,,
SH-Q5434,brandegeei,QUBR_2023_0849,TCB-07229,11-2024,1/17/2026,Casey S.C.R,silica,FastPrep - 2x 30sec @ 6.0m/s,Scissors,EZNA,Consolidated,0.032,,,,90.2,,,,1.82,,1.44,,,,,,,,,
SH-Q5435,brandegeei,QUBR_2023_0829,TCB-07209,11-2024,1/17/2026,Casey S.C.R,silica,FastPrep - 2x 30sec @ 6.0m/s,Scissors,EZNA,Consolidated,0.030,,,,82.6,,,,1.65,,0.72,,,,,,,,,
SH-Q5436,brandegeei,QUBR_2023_0078,TCB-07260,11-2024,1/17/2026,Casey S.C.R,silica,FastPrep - 2x 30sec @ 6.0m/s,Scissors,EZNA,Consolidated,0.024,,,,105.5,,,,1.69,,1.09,,,,,,,,,
SH-Q5437,brandegeei,QUBR_2023_0187,TCB-07103,11-2024,1/17/2026,Casey S.C.R,silica,FastPrep - 2x 30sec @ 6.0m/s,Scissors,EZNA,Consolidated,0.035,,,,92.3,,,,1.86,,1.54,,,,,,,,,
SH-Q5438,brandegeei,QUBR_2023_0830,TCB-07210,11-2024,1/17/2026,Casey S.C.R,silica,FastPrep - 2x 30sec @ 6.0m/s,Scissors,EZNA,Consolidated,0.029,,,,99.4,,,,1.60,,0.76,,,,,,,,,
SH-Q5439,brandegeei,QUBR_2023_0068,TCB-07250,11-2024,2/4/2026,D. Barry,silica,FastPrep - 2x 30sec @ 6.0m/s,Scissors,EZNA,Consolidated,0.025,,,,71.9,,,,1.64,,1.58,,,,,,,,,
SH-Q5440,brandegeei,QUBR_2023_0535,TCB-07067,11-2024,2/4/2026,D. Barry,silica,FastPrep - 2x 30sec @ 6.0m/s,Scissors,EZNA,Consolidated,0.030,,,,80.1,,,,1.69,,1.14,,,,,,,,,
SH-Q5441,brandegeei,QUBR_2023_0814,TCB-07155,11-2024,2/4/2026,D. Barry,silica,FastPrep - 2x 30sec @ 6.0m/s,Scissors,EZNA,Consolidated,0.025,,,,62.5,,,,1.83,,0.73,,,,,,,,,
SH-Q5442,brandegeei,QUBR_2023_0071,TCB-07253,11-2024,2/4/2026,D. Barry,silica,FastPrep - 2x 30sec @ 6.0m/s,Scissors,EZNA,Consolidated,0.026,,,,147.1,,,,1.69,,1.19,,,,,,,,,
SH-Q5443,brandegeei,QUBR_2023_0065,TCB-07247,11-2024,2/4/2026,D. Barry,silica,FastPrep - 2x 30sec @ 6.0m/s,Scissors,EZNA,Consolidated,0.031,,,,157.4,,,,1.94,,1.79,,,,,,,,,
SH-Q5444,brandegeei,QUBR_2023_0057,TCB-07239,11-2024,2/4/2026,D. Barry,silica,FastPrep - 2x 30sec @ 6.0m/s,Scissors,EZNA,Consolidated,0.028,,,,109.6,,,,1.85,,1.94,,,,,,,,,
SH-Q5445,brandegeei,QUBR_2023_0818,TCB-07159,11-2024,2/4/2026,D. Barry,silica,FastPrep - 2x 30sec @ 6.0m/s,Scissors,EZNA,Consolidated,0.029,,,,120.7,,,,1.88,,1.63,,,,,,,,,
SH-Q5446,brandegeei,QUBR_2023_0575,TCB-07319,11-2024,2/4/2026,D. Barry,silica,FastPrep - 2x 30sec @ 6.0m/s,Scissors,EZNA,Consolidated,0.027,,,,174.6,,,,1.89,,1.73,,,,,,,,,
SH-Q5447,brandegeei,QUBR_2023_0655,TCB-07399,11-2024,2/4/2026,D. Barry,silica,FastPrep - 2x 30sec @ 6.0m/s,Scissors,EZNA,Consolidated,0.034,,,,122.8,,,,1.90,,2.09,,,,,,,,,
SH-Q5448,brandegeei,QUBR_2023_0810,TCB-07151,11-2024,2/4/2026,D. Barry,silica,FastPrep - 2x 30sec @ 6.0m/s,Scissors,EZNA,Consolidated,0.032,,,,107.2,,,,1.81,,1.34,,,,,,,,,
SH-Q5449,brandegeei,QUBR_2023_0913,TCB-07088,11-2024,2/4/2026,D. Barry,silica,FastPrep - 2x 30sec @ 6.0m/s,Scissors,EZNA,Consolidated,0.030,,,,122.7,,,,1.89,,1.82,,,,,,,,,
SH-Q5450,brandegeei,QUBR_2023_0826,TCB-07167,11-2024,2/4/2026,D. Barry,silica,FastPrep - 2x 30sec @ 6.0m/s,Scissors,EZNA,Consolidated,0.029,,,,150.6,,,,1.83,,1.58,,,,,,,,,
SH-Q5451,brandegeei,QUBR_2023_0038,TCB-07303,11-2024,2/4/2026,D. Barry,silica,FastPrep - 2x 30sec @ 6.0m/s,Scissors,EZNA,Consolidated,0.027,,,,63.3,,,,1.52,,0.81,,,,,,,,,
SH-Q5452,brandegeei,QUBR_2023_0519,TCB-07051,11-2024,2/4/2026,D. Barry,silica,FastPrep - 2x 30sec @ 6.0m/s,Scissors,EZNA,Consolidated,0.033,,,,169.6,,,,1.83,,1.33,,,,,,,,,
SH-Q5453,brandegeei,QUBR_2023_0010,TCB-07275,11-2024,2/4/2026,D. Barry,silica,FastPrep - 2x 30sec @ 6.0m/s,Scissors,EZNA,Consolidated,0.031,,,,189.2,,,,1.72,,0.63,,,,,,,,,
SH-Q5454,brandegeei,QUBR_2023_0631,TCB-07375,11-2024,2/4/2026,D. Barry,silica,FastPrep - 2x 30sec @ 6.0m/s,Scissors,EZNA,Consolidated,0.031,,,,154.3,,,,1.79,,1.51,,,,,,,,,
SH-Q5455,brandegeei,QUBR_2023_0823,TCB-07164,11-2024,2/4/2026,D. Barry,silica,FastPrep - 2x 30sec @ 6.0m/s,Scissors,EZNA,Consolidated,0.033,,,,65.3,,,,1.65,,0.71,,,,,,,,,
SH-Q5456,brandegeei,QUBR_2023_0018,TCB-07283,11-2024,2/4/2026,D. Barry,silica,FastPrep - 2x 30sec @ 6.0m/s,Scissors,EZNA,Consolidated,0.026,,,,122.0,,,,1.81,,0.89,,,,,,,,,
SH-Q5457,brandegeei,QUBR_2023_0583,TCB-07327,11-2024,2/4/2026,D. Barry,silica,FastPrep - 2x 30sec @ 6.0m/s,Scissors,EZNA,Consolidated,0.028,,,,109.1,,,,1.81,,1.32,,,,,,,,,
SH-Q5458,brandegeei,QUBR_2023_0052,TCB-07234,11-2024,2/4/2026,D. Barry,silica,FastPrep - 2x 30sec @ 6.0m/s,Scissors,EZNA,Consolidated,0.029,,,,127.6,,,,1.82,,1.30,,,,,,,,,
SH-Q5459,brandegeei,QUBR_2023_0831,TCB-07211,11-2024,2/4/2026,D. Barry,silica,FastPrep - 2x 30sec @ 6.0m/s,Scissors,EZNA,Consolidated,0.030,,,,94.5,,,,1.80,,1.35,,,,,,,,,
SH-Q5460,brandegeei,QUBR_2023_0573,TCB-07317,11-2024,2/4/2026,D. Barry,silica,FastPrep - 2x 30sec @ 6.0m/s,Scissors,EZNA,Consolidated,0.026,,,,104.0,,,,1.66,,0.92,,,,,,,,,
SH-Q5461,brandegeei,QUBR_2023_0516,TCB-07048,11-2024,2/4/2026,D. Barry,silica,FastPrep - 2x 30sec @ 6.0m/s,Scissors,EZNA,Consolidated,0.027,,,,86.5,,,,1.64,,0.67,,,,,,,,,
SH-Q5462,brandegeei,QUBR_2023_0813,TCB-07154,11-2024,2/4/2026,D. Barry,silica,FastPrep - 2x 30sec @ 6.0m/s,Scissors,EZNA,Consolidated,0.024,,,,188.1,,,,1.84,,1.76,,,,,,,,,
SH-Q5463,brandegeei,QUBR_2023_0888,TCB-07202,11-2024,2/4/2026,D. Barry,silica,FastPrep - 2x 30sec @ 6.0m/s,Scissors,EZNA,Consolidated,0.028,,,,1.59.6,,,,1.88,,1.05,,,,,,,,,
SH-Q5464,brandegeei,QUBR_2023_0574,TCB-07318,11-2024,2/4/2026,D. Barry,silica,FastPrep - 2x 30sec @ 6.0m/s,Scissors,EZNA,Consolidated,0.028,,,,140.8,,,,1.89,,1.78,,,,,,,,,
SH-Q5465,brandegeei,QUBR_2023_0579,TCB-07323,11-2024,2/4/2026,D. Barry,silica,FastPrep - 2x 30sec @ 6.0m/s,Scissors,EZNA,Consolidated,0.027,,,,283.5,,,,1.91,,1.96,,,,,,,,,
SH-Q5466,brandegeei,QUBR_2023_0024,TCB-07289,11-2024,2/4/2026,D. Barry,silica,FastPrep - 2x 30sec @ 6.0m/s,Scissors,EZNA,Consolidated,0.033,,,,145.5,,,,1.90,,1.97,,,,,,,,,
SH-Q5467,brandegeei,QUBR_2023_0828,TCB-07208,11-2024,2/4/2026,D. Barry,silica,FastPrep - 2x 30sec @ 6.0m/s,Scissors,EZNA,Consolidated,0.032,,,,131.1,,,,1.72,,0.90,,,,,,,,,
SH-Q5468,brandegeei,QUBR_2023_0017,TCB-07282,11-2024,2/4/2026,D. Barry,silica,FastPrep - 2x 30sec @ 6.0m/s,Scissors,EZNA,Consolidated,0.027,,,,245.5,,,,1.92,,1.78,,,,,,,,,
SH-Q5469,brandegeei,QUBR_2023_0614,TCB-07358,11-2024,2/4/2026,D. Barry,silica,FastPrep - 2x 30sec @ 6.0m/s,Scissors,EZNA,Consolidated,0.036,,,,89.8,,,,1.73,,0.68,,,,,,,,,
SH-Q5470,brandegeei,QUBR_2023_0026,TCB-07291,11-2024,2/4/2026,D. Barry,silica,FastPrep - 2x 30sec @ 6.0m/s,Scissors,EZNA,Consolidated,0.024,,,,263.1,,,,1.90,,1.70,,,,,,,,,
SH-Q5471,brandegeei,QUBR_2023_0011,TCB-07276,11-2024,2/4/2026,D. Barry,silica,FastPrep - 2x 30sec @ 6.0m/s,Scissors,EZNA,Consolidated,0.032,,,,143.9,,,,1.56,,0.82,,,,,,,,,
SH-Q5472,brandegeei,QUBR_2023_0596,TCB-07340,11-2024,2/4/2026,D. Barry,silica,FastPrep - 2x 30sec @ 6.0m/s,Scissors,EZNA,Consolidated,0.033,,,,111.7,,,,1.82,,0.69,,,,,,,,,
SH-Q5473,brandegeei,QUBR_2023_0530,TCB-07062,11-2024,2/4/2026,D. Barry,silica,FastPrep - 2x 30sec @ 6.0m/s,Scissors,EZNA,Consolidated,0.028,,,,130.1,,,,1.89,,1.20,,,,,,,,,
SH-Q5474,brandegeei,QUBR_2023_0610,TCB-07354,11-2024,2/4/2026,D. Barry,silica,FastPrep - 2x 30sec @ 6.0m/s,Scissors,EZNA,Consolidated,0.030,,,,156.9,,,,1.91,,1.22,,,,,,,,,
SH-Q5475,brandegeei,QUBR_2023_0832,TCB-07212,11-2024,2/4/2026,D. Barry,silica,FastPrep - 2x 30sec @ 6.0m/s,Scissors,EZNA,Consolidated,0.029,,,,148.1,,,,1.79,,0.89,,,,,,,,,
SH-Q5476,brandegeei,QUBR_2023_0838,TCB-07218,11-2024,2/4/2026,D. Barry,silica,FastPrep - 2x 30sec @ 6.0m/s,Scissors,EZNA,Consolidated,0.024,,,,239.8,,,,1.95,,1.64,,,,,,,,,
SH-Q5477,brandegeei,QUBR_2023_0528,TCB-07060,11-2024,2/4/2026,D. Barry,silica,FastPrep - 2x 30sec @ 6.0m/s,Scissors,EZNA,Consolidated,0.027,,,,137.4,,,,1.84,,1.28,,,,,,,,,
SH-Q5478,brandegeei,QUBR_2023_0842,TCB-07222,11-2024,2/4/2026,D. Barry,silica,FastPrep - 2x 30sec @ 6.0m/s,Scissors,EZNA,Consolidated,0.025,,,,109.0,,,,1.82,,1.26,,,,,,,,,
SH-Q5479,brandegeei,QUBR_2023_0022,TCB-07287,11-2024,2/4/2026,D. Barry,silica,FastPrep - 2x 30sec @ 6.0m/s,Scissors,EZNA,Consolidated,0.031,,,,130.7,,,,1.89,,1.61,,,,,,,,,
SH-Q5480,brandegeei,QUBR_2023_0532,TCB-07064,11-2024,2/4/2026,D. Barry,silica,FastPrep - 2x 30sec @ 6.0m/s,Scissors,EZNA,Consolidated,0.029,,,,160.3,,,,1.85,,1.59,,,,,,,,,
SH-Q5481,brandegeei,QUBR_2023_0533,TCB-07065,11-2024,2/4/2026,D. Barry,silica,FastPrep - 2x 30sec @ 6.0m/s,Scissors,EZNA,Consolidated,0.023,,,,194.3,,,,1.83,,1.55,,,,,,,,,
SH-Q5482,brandegeei,QUBR_2023_0892,TCB-07206,11-2024,2/4/2026,D. Barry,silica,FastPrep - 2x 30sec @ 6.0m/s,Scissors,EZNA,Consolidated,0.035,,,,230.8,,,,1.77,,1.24,,,,,,,,,
SH-Q5483,brandegeei,QUBR_2023_0032,TCB-07297,11-2024,2/4/2026,D. Barry,silica,FastPrep - 2x 30sec @ 6.0m/s,Scissors,EZNA,Consolidated,0.025,,,,232.8,,,,1.95,,1.78,,,,,,,,,
SH-Q5484,brandegeei,QUBR_2023_0581,TCB-07325,11-2024,2/4/2026,D. Barry,silica,FastPrep - 2x 30sec @ 6.0m/s,Scissors,EZNA,Consolidated,0.028,,,,185.8,,,,1.84,,1.07,,,,,,,,,
SH-Q5485,brandegeei,QUBR_2023_0587,TCB-07331,11-2024,2/4/2026,D. Barry,silica,FastPrep - 2x 30sec @ 6.0m/s,Scissors,EZNA,Consolidated,0.027,,,,139.6,,,,1.83,,1.35,,,,,,,,,
SH-Q5486,brandegeei,QUBR_2023_0643,TCB-07387,11-2024,2/4/2026,D. Barry,silica,FastPrep - 2x 30sec @ 6.0m/s,Scissors,EZNA,Consolidated,0.034,,,,183.1,,,,1.83,,1.47,,,,,,,,,
SH-Q5487,brandegeei,QUBR_2023_0524,TCB-07056,11-2024,2/9/2026,D. Barry,silica,FastPrep - 2x 30sec @ 6.0m/s,Scissors,EZNA,Consolidated,0.028,,,,222.7,,,,1.90,,1.61,,,,,,,,,
SH-Q5488,brandegeei,QUBR_2023_0889,TCB-07203,11-2024,2/9/2026,D. Barry,silica,FastPrep - 2x 30sec @ 6.0m/s,Scissors,EZNA,Consolidated,0.031,,,,160.2,,,,1.89,,2.06,,,,,,,,,
SH-Q5489,brandegeei,QUBR_2023_0027,TCB-07292,11-2024,2/9/2026,D. Barry,silica,FastPrep - 2x 30sec @ 6.0m/s,Scissors,EZNA,Consolidated,0.028,,,,143.9,,,,1.83,,0.69,,,,,,,,,
SH-Q5490,brandegeei,QUBR_2023_0803,TCB-07144,11-2024,2/9/2026,D. Barry,silica,FastPrep - 2x 30sec @ 6.0m/s,Scissors,EZNA,Consolidated,0.029,,,,139.1,,,,1.81,,1.00,,,,,,,,,
SH-Q5491,brandegeei,QUBR_2023_0002,TCB-07267,11-2024,2/9/2026,D. Barry,silica,FastPrep - 2x 30sec @ 6.0m/s,Scissors,EZNA,Consolidated,0.031,,,,95.4,,,,1.82,,1.36,,,,,,,,,
SH-Q5492,brandegeei,QUBR_2023_0630,TCB-07374,11-2024,2/9/2026,D. Barry,silica,FastPrep - 2x 30sec @ 6.0m/s,Scissors,EZNA,Consolidated,0.030,,,,120.6,,,,1.85,,1.22,,,,,,,,,
SH-Q5493,brandegeei,QUBR_2023_0008,TCB-07273,11-2024,2/9/2026,D. Barry,silica,FastPrep - 2x 30sec @ 6.0m/s,Scissors,EZNA,Consolidated,0.026,,,,119.3,,,,1.88,,1.65,,,,,,,,,
SH-Q5494,brandegeei,QUBR_2023_0013,TCB-07278,11-2024,2/9/2026,D. Barry,silica,FastPrep - 2x 30sec @ 6.0m/s,Scissors,EZNA,Consolidated,0.030,,,,193.9,,,,1.82,,1.64,,,,,,,,,
SH-Q5495,brandegeei,QUBR_2023_0001,TCB-07266,11-2024,2/9/2026,D. Barry,silica,FastPrep - 2x 30sec @ 6.0m/s,Scissors,EZNA,Consolidated,0.029,,,,136.5,,,,1.85,,1.94,,,,,,,,,
SH-Q5496,brandegeei,QUBR_2023_0019,TCB-07284,11-2024,2/9/2026,D. Barry,silica,FastPrep - 2x 30sec @ 6.0m/s,Scissors,EZNA,Consolidated,0.025,,,,116.6,,,,1.79,,0.92,,,,,,,,,
SH-Q5497,brandegeei,QUBR_2023_0012,TCB-07277,11-2024,2/9/2026,D. Barry,silica,FastPrep - 2x 30sec @ 6.0m/s,Scissors,EZNA,Consolidated,0.023,,,,177.7,,,,1.85,,1.71,,,,,,,,,
SH-Q5498,brandegeei,QUBR_2023_0023,TCB-07288,11-2024,2/9/2026,D. Barry,silica,FastPrep - 2x 30sec @ 6.0m/s,Scissors,EZNA,Consolidated,0.030,,,,232.6,,,,1.90,,1.98,,,,,,,,,
SH-Q5499,brandegeei,QUBR_2023_0846,TCB-07226,11-2024,2/9/2026,D. Barry,silica,FastPrep - 2x 30sec @ 6.0m/s,Scissors,EZNA,Consolidated,0.028,,,,98.8,,,,1.81,,1.34,,,,,,,,,
SH-Q5500,brandegeei,QUBR_2023_0802,TCB-07143,11-2024,2/9/2026,D. Barry,silica,FastPrep - 2x 30sec @ 6.0m/s,Scissors,EZNA,Consolidated,0.026,,,,223.6,,,,1.83,,1.18,,,,,,,,,
SH-Q5501,brandegeei,QUBR_2023_0616,TCB-07360,11-2024,2/9/2026,D. Barry,silica,FastPrep - 2x 30sec @ 6.0m/s,Scissors,EZNA,Consolidated,0.027,,,,129.8,,,,1.84,,1.56,,,,,,,,,
SH-Q5502,brandegeei,QUBR_2023_0883,TCB-07197,11-2024,2/9/2026,D. Barry,silica,FastPrep - 2x 30sec @ 6.0m/s,Scissors,EZNA,Consolidated,0.026,,,,122.3,,,,1.83,,1.13,,,,,,,,,
SH-Q5503,brandegeei,QUBR_2023_0812,TCB-07153,11-2024,2/9/2026,D. Barry,silica,FastPrep - 2x 30sec @ 6.0m/s,Scissors,EZNA,Consolidated,0.025,,,,233.0,,,,1.93,,1.61,,,,,,,,,
SH-Q5504,brandegeei,QUBR_2023_0611,TCB-07355,11-2024,2/9/2026,D. Barry,silica,FastPrep - 2x 30sec @ 6.0m/s,Scissors,EZNA,Consolidated,0.027,,,,87.2,,,,1.81,,1.63,,,,,,,,,
SH-Q5505,brandegeei,QUBR_2023_0014,TCB-07279,11-2024,2/9/2026,D. Barry,silica,FastPrep - 2x 30sec @ 6.0m/s,Scissors,EZNA,Consolidated,0.031,,,,116.1,,,,1.77,,1.14,,,,,,,,,
SH-Q5506,brandegeei,QUBR_2023_0588,TCB-07332,11-2024,2/9/2026,D. Barry,silica,FastPrep - 2x 30sec @ 6.0m/s,Scissors,EZNA,Consolidated,0.030,,,,141.3,,,,1.74,,0.59,,,,,,,,,
SH-Q5507,brandegeei,QUBR_2023_0807,TCB-07148,11-2024,2/9/2026,D. Barry,silica,FastPrep - 2x 30sec @ 6.0m/s,Scissors,EZNA,Consolidated,0.024,,,,110.7,,,,1.77,,1.08,,,,,,,,,
SH-Q5508,brandegeei,QUBR_2023_0529,TCB-07061,11-2024,2/9/2026,D. Barry,silica,FastPrep - 2x 30sec @ 6.0m/s,Scissors,EZNA,Consolidated,0.030,,,,104.2,,,,1.83,,1.37,,,,,,,,,
SH-Q5509,brandegeei,QUBR_2023_0817,TCB-07158,11-2024,2/9/2026,D. Barry,silica,FastPrep - 2x 30sec @ 6.0m/s,Scissors,EZNA,Consolidated,0.024,,,,92.7,,,,1.78,,1.31,,,,,,,,,
SH-Q5510,brandegeei,QUBR_2023_0020,TCB-07285,11-2024,2/9/2026,D. Barry,silica,FastPrep - 2x 30sec @ 6.0m/s,Scissors,EZNA,Consolidated,0.029,,,,98.0,,,,1.78,,1.38,,,,,,,,,
SH-Q5511,brandegeei,QUBR_2023_0521,TCB-07053,11-2024,2/11/2026,D. Barry,silica,FastPrep - 2x 30sec @ 6.0m/s,Scissors,EZNA,Consolidated,0.027,,,,93.8,,,,1.62,,0.67,,,,,,,,,
SH-Q5512,brandegeei,QUBR_2023_0609,TCB-07353,11-2024,2/11/2026,D. Barry,silica,FastPrep - 2x 30sec @ 6.0m/s,Scissors,EZNA,Consolidated,0.027,,,,118.3,,,,1.83,,1.46,,,,,,,,,
SH-Q5513,brandegeei,QUBR_2023_0870,TCB-07184,11-2024,2/11/2026,D. Barry,silica,FastPrep - 2x 30sec @ 6.0m/s,Scissors,EZNA,Consolidated,0.026,,,,207.0,,,,1.89,,0.66,,,,,,,,,
SH-Q5514,brandegeei,QUBR_2023_0518,TCB-07050,11-2024,2/11/2026,D. Barry,silica,FastPrep - 2x 30sec @ 6.0m/s,Scissors,EZNA,Consolidated,0.024,,,,116.7,,,,1.79,,1.66,,,,,,,,,
SH-Q5515,brandegeei,QUBR_2023_0520,TCB-07052,11-2024,2/11/2026,D. Barry,silica,FastPrep - 2x 30sec @ 6.0m/s,Scissors,EZNA,Consolidated,0.028,,,,96.4,,,,1.66,,1.07,,,,,,,,,
SH-Q5516,brandegeei,QUBR_2023_0839,TCB-07219,11-2024,2/11/2026,D. Barry,silica,FastPrep - 2x 30sec @ 6.0m/s,Scissors,EZNA,Consolidated,0.023,,,,199.2,,,,1.89,,1.70,,,,,,,,,
SH-Q5517,brandegeei,QUBR_2023_0851,TCB-07231,11-2024,2/11/2026,D. Barry,silica,FastPrep - 2x 30sec @ 6.0m/s,Scissors,EZNA,Consolidated,0.026,,,,121.3,,,,1.82,,1.74,,,,,,,,,
SH-Q5518,brandegeei,QUBR_2023_0642,TCB-07386,11-2024,2/11/2026,D. Barry,silica,FastPrep - 2x 30sec @ 6.0m/s,Scissors,EZNA,Consolidated,0.026,,,,140.2,,,,1.83,,0.99,,,,,,,,,
SH-Q5519,brandegeei,QUBR_2023_0821,TCB-07162,11-2024,2/11/2026,D. Barry,silica,FastPrep - 2x 30sec @ 6.0m/s,Scissors,EZNA,Consolidated,0.023,,,,37.6,,,,1.38,,0.28,,,,,,,,,
SH-Q5520,brandegeei,QUBR_2023_0585,TCB-07329,11-2024,2/11/2026,D. Barry,silica,FastPrep - 2x 30sec @ 6.0m/s,Scissors,EZNA,Consolidated,0.026,,,,163.3,,,,1.93,,1.25,,,,,,,,,
SH-Q5521,brandegeei,QUBR_2023_0656,TCB-07400,11-2024,2/11/2026,D. Barry,silica,FastPrep - 2x 30sec @ 6.0m/s,Scissors,EZNA,Consolidated,0.025,,,,147.4,,,,1.74,,0.34,,,,,,,,,
SH-Q5522,brandegeei,QUBR_2023_0005,TCB-07270,11-2024,2/11/2026,D. Barry,silica,FastPrep - 2x 30sec @ 6.0m/s,Scissors,EZNA,Consolidated,0.027,,,,128.3,,,,1.76,,1.24,,,,,,,,,
SH-Q5523,brandegeei,QUBR_SD_338,TCB-04047,11-2025,2/11/2026,D. Barry,silica,FastPrep - 2x 30sec @ 6.0m/s,Scissors,EZNA,Consolidated,0.031,,,,98.3,,,,1.81,,1.72,,,,,,,,,
SH-Q5524,brandegeei,QUBR_SD_326,TCB-04048,11-2025,2/11/2026,D. Barry,silica,FastPrep - 2x 30sec @ 6.0m/s,Scissors,EZNA,Consolidated,0.032,,,,160.5,,,,1.89,,1.37,,,,,,,,,
SH-Q5525,brandegeei,QUBR_SD_331,TCB-04050,11-2025,2/11/2026,D. Barry,silica,FastPrep - 2x 30sec @ 6.0m/s,Scissors,EZNA,Consolidated,0.033,,,,81.5,,,,1.77,,0.82,,,,,,,,,
SH-Q5526,brandegeei,QUBR_SD_306,TCB-04052,11-2025,2/11/2026,D. Barry,silica,FastPrep - 2x 30sec @ 6.0m/s,Scissors,EZNA,Consolidated,0.028,,,,51.4,,,,1.65,,0.35,,,,,,,,,
SH-Q5527,brandegeei,QUBR_SD_301,TCB-04053,11-2025,2/11/2026,D. Barry,silica,FastPrep - 2x 30sec @ 6.0m/s,Scissors,EZNA,Consolidated,0.038,,,,63.7,,,,1.80,,1.05,,,,,,,,,
SH-Q5528,brandegeei,QUBR_SD_322,TCB-04054,11-2025,2/11/2026,D. Barry,silica,FastPrep - 2x 30sec @ 6.0m/s,Scissors,EZNA,Consolidated,0.036,,,,106.9,,,,1.78,,0.83,,,,,,,,,
SH-Q5529,brandegeei,QUBR_LM_189B,TCB-07793,11/2025,,A. Hamilton,,,,,,0.039,,,,151.9,,,,1.58,,0.73,,,,,,,,,
SH-Q5530,brandegeei,QUBR_LC_117B,TCB-07794,11/2025,,A. Hamilton,,,,,,0.034,,,,159.2,,,,1.57,,0.64,,,,,,,,,
SH-Q5531,brandegeei,QUBR_LC_203B,TCB-07795,11/2025,,A. Hamilton,,,,,,0.039,,,,209.1,,,,1.62,,0.65,,,,,,,,,
SH-Q5532,brandegeei,QUBR_LM_037B,TCB-07796,11/2025,,A. Hamilton,,,,,,0.036,,,,182.1,,,,1.59,,0.71,,,,,,,,,
SH-Q5533,brandegeei,QUBR_LM_119B,TCB-07797,11/2025,,A. Hamilton,,,,,,0.038,,,,142.7,,,,1.60,,0.71,,,,,,,,,
SH-Q5534,brandegeei,QUBR_LM_157B,TCB-07798,11/2025,,A. Hamilton,,,,,,0.039,,,,196.8,,,,1.60,,0.71,,,,,,,,,
SH-Q5535,brandegeei,QUBR_SD_075B,TCB-07799,11/2025,,A. Hamilton,,,,,,0.038,,,,236.5,,,,1.64,,0.85,,,,,,,,,
SH-Q5536,brandegeei,QUBR_LM_146B,TCB-07800,11/2025,,A. Hamilton,,,,,,0.038,,,,255.9,,,,1.55,,0.61,,,,,,,,,
SH-Q5537,brandegeei,QUBR_SD_330,TCB-04055,11-2024,2/11/2026,D. Barry,silica,FastPrep - 2x 30sec @ 6.0m/s,Scissors,EZNA,Consolidated,0.035,,,,98.8,,,,1.75,,1.79,,,,,,,,,
SH-Q5538,brandegeei,QUBR_SD_329,TCB-04056,11-2024,2/11/2026,D. Barry,silica,FastPrep - 2x 30sec @ 6.0m/s,Scissors,EZNA,Consolidated,0.031,,,,43.9,,,,1.60,,1.28,,,,,,,,,
SH-Q5539,brandegeei,QUBR_SD_309,TCB-04057,11-2024,2/11/2026,D. Barry,silica,FastPrep - 2x 30sec @ 6.0m/s,Scissors,EZNA,Consolidated,0.033,,,,84.1,,,,1.78,,0.62,,,,,,,,,
SH-Q5540,brandegeei,QUBR_SD_339,TCB-04058,11-2024,2/11/2026,D. Barry,silica,FastPrep - 2x 30sec @ 6.0m/s,Scissors,EZNA,Consolidated,0.033,,,,48.8,,,,1.61,,0.40,,,,,,,,,
SH-Q5541,brandegeei,QUBR_SD_314,TCB-04060,11-2024,2/11/2026,D. Barry,silica,FastPrep - 2x 30sec @ 6.0m/s,Scissors,EZNA,Consolidated,0.036,,,,47.5,,,,1.69,,1.13,,,,,,,,,
SH-Q5542,brandegeei,QUBR_SD_313,TCB-04061,11-2024,2/11/2026,D. Barry,silica,FastPrep - 2x 30sec @ 6.0m/s,Scissors,EZNA,Consolidated,0.035,,,,63.5,,,,1.64,,0.27,,,,,,,,,
SH-Q5543,brandegeei,QUBR_SD_311,TCB-04062,11-2025,2/13/2026,D. Barry,silica,FastPrep - 2x 30sec @ 6.0m/s,Scissors,EZNA,Consolidated,0.034,,,,50.5,,,,1.49,,0.17,,,,,,,,,
SH-Q5544,brandegeei,QUBR_SD_310,TCB-04063,11-2025,2/13/2026,D. Barry,silica,FastPrep - 2x 30sec @ 6.0m/s,Scissors,EZNA,Consolidated,0.038,,,,62.5,,,,1.64,,0.34,,,,,,,,,
SH-Q5545,brandegeei,QUBR_SD_328,TCB-04064,11-2025,2/13/2026,D. Barry,silica,FastPrep - 2x 30sec @ 6.0m/s,Scissors,EZNA,Consolidated,0.035,,,,62.2,,,,1.68,,0.48,,,,,,,,,
SH-Q5546,brandegeei,QUBR_SD_332,TCB-04065,11-2025,2/13/2026,D. Barry,silica,FastPrep - 2x 30sec @ 6.0m/s,Scissors,EZNA,Consolidated,0.035,,,,78.9,,,,1.70,,0.69,,,,,,,,,
SH-Q5547,brandegeei,QUBR_SD_323,TCB-04066,11-2025,2/13/2026,D. Barry,silica,FastPrep - 2x 30sec @ 6.0m/s,Scissors,EZNA,Consolidated,0.038,,,,109.4,,,,1.71,,1.80,,,,,,,,,
SH-Q5548,brandegeei,QUBR_SD_325,TCB-04067,11-2025,2/13/2026,D. Barry,silica,FastPrep - 2x 30sec @ 6.0m/s,Scissors,EZNA,Consolidated,0.037,,,,44.4,,,,1.64,,0.38,,,,,,,,,
SH-Q5549,brandegeei,QUBR_SD_327,TCB-04068,11-2025,2/13/2026,D. Barry,silica,FastPrep - 2x 30sec @ 6.0m/s,Scissors,EZNA,Consolidated,0.038,,,,44.1,,,,1.38,,0.17,,,,,,,,,
SH-Q5550,brandegeei,QUBR_SD_335,TCB-04069,11-2025,2/13/2026,D. Barry,silica,FastPrep - 2x 30sec @ 6.0m/s,Scissors,EZNA,Consolidated,0.037,,,,47.1,,,,1.38,,0.55,,,,,,,,,
SH-Q5551,brandegeei,QUBR_SD_304,TCB-04070,11-2025,2/13/2026,D. Barry,silica,FastPrep - 2x 30sec @ 6.0m/s,Scissors,EZNA,Consolidated,0.028,,,,105.2,,,,1.43,,0.36,,,,,,,,,
SH-Q5552,brandegeei,QUBR_SD_334,TCB-04071,11-2025,2/13/2026,D. Barry,silica,FastPrep - 2x 30sec @ 6.0m/s,Scissors,EZNA,Consolidated,0.037,,,,46.7,,,,1.55,,0.28,,,,,,,,,
SH-Q5553,brandegeei,QUBR_SD_336,TCB-04072,11-2025,2/13/2026,D. Barry,silica,FastPrep - 2x 30sec @ 6.0m/s,Scissors,EZNA,Consolidated,0.037,,,,84.4,,,,1.68,,1.74,,,,,,,,,
SH-Q5554,brandegeei,QUBR_SD_320,TCB-04073,11-2025,2/13/2026,D. Barry,silica,FastPrep - 2x 30sec @ 6.0m/s,Scissors,EZNA,Consolidated,0.028,,,,54.0,,,,1.42,,0.32,,,,,,,,,
SH-Q5555,brandegeei,QUBR_SD_321,TCB-04074,11-2025,2/13/2026,D. Barry,silica,FastPrep - 2x 30sec @ 6.0m/s,Scissors,EZNA,Consolidated,0.031,,,,37.0,,,,1.51,,0.18,,,,,,,,,
SH-Q5556,brandegeei,QUBR_SD_319,TCB-04075,11-2025,2/13/2026,D. Barry,silica,FastPrep - 2x 30sec @ 6.0m/s,Scissors,EZNA,Consolidated,0.028,,,,65.0,,,,1.65,,1.39,,,,,,,,,
SH-Q5557,brandegeei,QUBR_SD_337,TCB-04076,11-2025,2/13/2026,D. Barry,silica,FastPrep - 2x 30sec @ 6.0m/s,Scissors,EZNA,Consolidated,0.031,,,,41.9,,,,1.65,,0.93,,,,,,,,,
SH-Q5558,brandegeei,QUBR_SD_307,TCB-04077,11-2025,2/13/2026,D. Barry,silica,FastPrep - 2x 30sec @ 6.0m/s,Scissors,EZNA,Consolidated,0.032,,,,30.0,,,,1.49,,0.92,,,,,,,,,
SH-Q5559,brandegeei,QUBR_SD_312,TCB-04078,11-2025,2/13/2026,D. Barry,silica,FastPrep - 2x 30sec @ 6.0m/s,Scissors,EZNA,Consolidated,0.031,,,,32.1,,,,1.60,,0.22,,,,,,,,,
SH-Q5560,brandegeei,QUBR_SD_341,TCB-04079,11-2025,2/13/2026,D. Barry,silica,FastPrep - 2x 30sec @ 6.0m/s,Scissors,EZNA,Consolidated,0.030,,,,42.2,,,,1.73,,0.75,,,,,,,,,
SH-Q5561,brandegeei,QUBR_SD_333,TCB-04080,11-2025,2/13/2026,D. Barry,silica,FastPrep - 2x 30sec @ 6.0m/s,Scissors,EZNA,Consolidated,0.037,,,,54.4,,,,1.67,,0.75,,,,,,,,,
SH-Q5562,brandegeei,QUBR_SD_317,TCB-04081,11-2025,2/13/2026,D. Barry,silica,FastPrep - 2x 30sec @ 6.0m/s,Scissors,EZNA,Consolidated,0.035,,,,25.5,,,,1.45,,0.56,,,,,,,,,
SH-Q5563,brandegeei,QUBR_SD_324,TCB-04082,11-2025,2/13/2026,D. Barry,silica,FastPrep - 2x 30sec @ 6.0m/s,Scissors,EZNA,Consolidated,0.028,,,,126.3,,,,1.56,,1.19,,,,,,,,,
SH-Q5564,brandegeei,QUBR_SD_308,TCB-04083,11-2025,2/13/2026,D. Barry,silica,FastPrep - 2x 30sec @ 6.0m/s,Scissors,EZNA,Consolidated,0.030,,,,46.9,,,,1.65,,1.05,,,,,,,,,
SH-Q5565,brandegeei,QUBR_SD_305,TCB-04084,11-2025,2/13/2026,D. Barry,silica,FastPrep - 2x 30sec @ 6.0m/s,Scissors,EZNA,Consolidated,0.036,,,,33.5,,,,1.54,,0.58,,,,,,,,,
SH-Q5566,brandegeei,QUBR_SD_318,TCB-04085,11-2025,2/13/2026,D. Barry,silica,FastPrep - 2x 30sec @ 6.0m/s,Scissors,EZNA,Consolidated,0.027,,,,64.2,,,,1.60,,0.84,,,,,,,,,
SH-Q5567,brandegeei,QUBR_SD_185,TCB-04086,11-2025,2/16/2026,D. Barry,silica,FastPrep - 2x 30sec @ 6.0m/s,Scissors,EZNA,Consolidated,0.036,,,,95.9,,,,1.71,,0.42,,,,,,,,,
SH-Q5568,brandegeei,QUBR_LM_320,TCB-04087,11-2025,2/16/2026,D. Barry,silica,FastPrep - 2x 30sec @ 6.0m/s,Scissors,EZNA,Consolidated,0.036,,,,89.3,,,,1.81,,1.61,,,,,,,,,
SH-Q5569,brandegeei,QUBR_LM_305,TCB-04088,11-2025,2/16/2026,D. Barry,silica,FastPrep - 2x 30sec @ 6.0m/s,Scissors,EZNA,Consolidated,0.028,,,,96.3,,,,1.78,,1.77,,,,,,,,,
SH-Q5570,brandegeei,QUBR_LM_307,TCB-04089,11-2025,2/16/2026,D. Barry,silica,FastPrep - 2x 30sec @ 6.0m/s,Scissors,EZNA,Consolidated,0.033,,,,114.2,,,,1.82,,0.95,,,,,,,,,
SH-Q5571,brandegeei,QUBR_LM_330,TCB-04090,11-2025,2/16/2026,D. Barry,silica,FastPrep - 2x 30sec @ 6.0m/s,Scissors,EZNA,Consolidated,0.029,,,,113.8,,,,1.80,,1.20,,,,,,,,,
SH-Q5572,brandegeei,QUBR_LM_340,TCB-04091,11-2025,2/16/2026,D. Barry,silica,FastPrep - 2x 30sec @ 6.0m/s,Scissors,EZNA,Consolidated,0.033,,,,117.1,,,,1.88,,1.67,,,,,,,,,
SH-Q5573,brandegeei,QUBR_LM_319,TCB-04092,11-2025,2/16/2026,D. Barry,silica,FastPrep - 2x 30sec @ 6.0m/s,Scissors,EZNA,Consolidated,0.034,,,,93.9,,,,1.64,,0.29,,,,,,,,,
SH-Q5574,brandegeei,QUBR_LM_338,TCB-04093,11-2025,2/16/2026,D. Barry,silica,FastPrep - 2x 30sec @ 6.0m/s,Scissors,EZNA,Consolidated,0.034,,,,74.9,,,,1.67,,0.43,,,,,,,,,
SH-Q5575,brandegeei,QUBR_LM_326,TCB-04094,11-2025,2/16/2026,D. Barry,silica,FastPrep - 2x 30sec @ 6.0m/s,Scissors,EZNA,Consolidated,0.035,,,,135.3,,,,1.81,,1.91,,,,,,,,,
SH-Q5576,brandegeei,QUBR_LM_308,TCB-04095,11-2025,2/16/2026,D. Barry,silica,FastPrep - 2x 30sec @ 6.0m/s,Scissors,EZNA,Consolidated,0.035,,,,153.4,,,,1.86,,1.91,,,,,,,,,
SH-Q5577,brandegeei,QUBR_LM_316,TCB-04096,11-2025,2/16/2026,D. Barry,silica,FastPrep - 2x 30sec @ 6.0m/s,Scissors,EZNA,Consolidated,0.036,,,,104.0,,,,1.72,,0.75,,,,,,,,,
SH-Q5578,brandegeei,QUBR_LM_322,TCB-04097,11-2025,2/16/2026,D. Barry,silica,FastPrep - 2x 30sec @ 6.0m/s,Scissors,EZNA,Consolidated,0.034,,,,115.1,,,,1.81,,1.06,,,,,,,,,
SH-Q5579,brandegeei,QUBR_LM_333,TCB-04098,11-2025,2/16/2026,D. Barry,silica,FastPrep - 2x 30sec @ 6.0m/s,Scissors,EZNA,Consolidated,0.040,,,,142.1,,,,1.89,,1.35,,,,,,,,,
SH-Q5580,brandegeei,QUBR_LM_318,TCB-04099,11-2025,2/16/2026,D. Barry,silica,FastPrep - 2x 30sec @ 6.0m/s,Scissors,EZNA,Consolidated,0.036,,,,89.0,,,,1.71,,1.27,,,,,,,,,
SH-Q5581,brandegeei,QUBR_LM_331,TCB-04100,11-2025,2/16/2026,D. Barry,silica,FastPrep - 2x 30sec @ 6.0m/s,Scissors,EZNA,Consolidated,0.033,,,,77.1,,,,1.72,,0.29,,,,,,,,,
SH-Q5582,brandegeei,QUBR_LM_337,TCB-04101,11-2025,2/16/2026,D. Barry,silica,FastPrep - 2x 30sec @ 6.0m/s,Scissors,EZNA,Consolidated,0.035,,,,44.5,,,,1.70,,0.52,,,,,,,,,
SH-Q5583,brandegeei,QUBR_LM_321,TCB-04102,11-2025,2/16/2026,D. Barry,silica,FastPrep - 2x 30sec @ 6.0m/s,Scissors,EZNA,Consolidated,0.037,,,,68.6,,,,1.81,,1.05,,,,,,,,,
SH-Q5584,brandegeei,QUBR_LM_335,TCB-04103,11-2025,2/16/2026,D. Barry,silica,FastPrep - 2x 30sec @ 6.0m/s,Scissors,EZNA,Consolidated,0.039,,,,120.0,,,,1.79,,0.43,,,,,,,,,
SH-Q5585,brandegeei,QUBR_LM_329,TCB-04104,11-2025,2/16/2026,D. Barry,silica,FastPrep - 2x 30sec @ 6.0m/s,Scissors,EZNA,Consolidated,0.032,,,,60.7,,,,1.57,,1.15,,,,,,,,,
SH-Q5586,brandegeei,QUBR_LM_323,TCB-04105,11-2025,2/16/2026,D. Barry,silica,FastPrep - 2x 30sec @ 6.0m/s,Scissors,EZNA,Consolidated,0.040,,,,64.6,,,,1.76,,1.18,,,,,,,,,
SH-Q5587,brandegeei,QUBR_LM_313,TCB-04106,11-2025,2/16/2026,D. Barry,silica,FastPrep - 2x 30sec @ 6.0m/s,Scissors,EZNA,Consolidated,0.034,,,,42.0,,,,1.64,,0.23,,,,,,,,,
SH-Q5588,brandegeei,QUBR_LM_334,TCB-04107,11-2025,2/16/2026,D. Barry,silica,FastPrep - 2x 30sec @ 6.0m/s,Scissors,EZNA,Consolidated,0.040,,,,51.1,,,,1.65,,1.08,,,,,,,,,
SH-Q5589,brandegeei,QUBR_LM_339,TCB-04108,11-2025,2/16/2026,D. Barry,silica,FastPrep - 2x 30sec @ 6.0m/s,Scissors,EZNA,Consolidated,0.035,,,,109.8,,,,1.81,,0.64,,,,,,,,,
SH-Q5590,brandegeei,QUBR_LM_341,TCB-04109,11-2025,2/16/2026,D. Barry,silica,FastPrep - 2x 30sec @ 6.0m/s,Scissors,EZNA,Consolidated,0.037,,,,22.8,,,,1.53,,0.86,,,,,,,,,
SH-Q5591,brandegeei,QUBR_LM_324,TCB-04110,11-2025,2/18/2026,D. Barry,silica,FastPrep - 2x 30sec @ 6.0m/s,Scissors,EZNA,Consolidated,0.037,,,,130.9,,,,1.77,,1.64,,,,,,,,,
SH-Q5592,brandegeei,QUBR_LM_332,TCB-04111,11-2025,2/18/2026,D. Barry,silica,FastPrep - 2x 30sec @ 6.0m/s,Scissors,EZNA,Consolidated,0.036,,,,169.7,,,,1.83,,1.59,,,,,,,,,
SH-Q5593,brandegeei,QUBR_LM_342,TCB-04112,11-2025,2/18/2026,D. Barry,silica,FastPrep - 2x 30sec @ 6.0m/s,Scissors,EZNA,Consolidated,0.040,,,,83.2,,,,1.74,,1.52,,,,,,,,,
SH-Q5594,brandegeei,QUBR_LM_310,TCB-04113,11-2025,2/18/2026,D. Barry,silica,FastPrep - 2x 30sec @ 6.0m/s,Scissors,EZNA,Consolidated,0.040,,,,127.1,,,,1.77,,1.36,,,,,,,,,
SH-Q5595,brandegeei,QUBR_LM_312,TCB-04114,11-2025,2/18/2026,D. Barry,silica,FastPrep - 2x 30sec @ 6.0m/s,Scissors,EZNA,Consolidated,0.030,,,,110.8,,,,1.77,,1.54,,,,,,,,,
SH-Q5596,brandegeei,QUBR_LM_315,TCB-04115,11-2025,2/18/2026,D. Barry,silica,FastPrep - 2x 30sec @ 6.0m/s,Scissors,EZNA,Consolidated,0.036,,,,160.4,,,,1.81,,1.75,,,,,,,,,
SH-Q5597,brandegeei,QUBR_LM_317,TCB-04116,11-2025,2/18/2026,D. Barry,silica,FastPrep - 2x 30sec @ 6.0m/s,Scissors,EZNA,Consolidated,0.032,,,,117.7,,,,1.75,,0.46,,,,,,,,,
SH-Q5598,brandegeei,QUBR_LM_311,TCB-04117,11-2025,2/18/2026,D. Barry,silica,FastPrep - 2x 30sec @ 6.0m/s,Scissors,EZNA,Consolidated,0.036,,,,57.6,,,,1.56,,1.24,,,,,,,,,
SH-Q5599,brandegeei,QUBR_LM_306,TCB-04118,11-2025,2/18/2026,D. Barry,silica,FastPrep - 2x 30sec @ 6.0m/s,Scissors,EZNA,Consolidated,0.038,,,,61.7,,,,1.64,,0.32,,,,,,,,,
SH-Q5600,brandegeei,QUBR_LM_304,TCB-04119,11-2025,2/18/2026,D. Barry,silica,FastPrep - 2x 30sec @ 6.0m/s,Scissors,EZNA,Consolidated,0.037,,,,149.2,,,,1.77,,0.78,,,,,,,,,
SH-Q5601,brandegeei,QUBR_LM_303,TCB-04120,11-2025,2/18/2026,D. Barry,silica,FastPrep - 2x 30sec @ 6.0m/s,Scissors,EZNA,Consolidated,0.027,,,,65.3,,,,1.75,,1.11,,,,,,,,,
SH-Q5602,brandegeei,QUBR_LM_302,TCB-04121,11-2025,2/18/2026,D. Barry,silica,FastPrep - 2x 30sec @ 6.0m/s,Scissors,EZNA,Consolidated,0.031,,,,237.9,,,,1.92,,2.02,,,,,,,,,
SH-Q5603,brandegeei,QUBR_LM_314,TCB-04122,11-2025,2/18/2026,D. Barry,silica,FastPrep - 2x 30sec @ 6.0m/s,Scissors,EZNA,Consolidated,0.038,,,,159.6,,,,1.88,,1.92,,,,,,,,,
SH-Q5604,brandegeei,QUBR_LM_327,TCB-04123,11-2025,2/18/2026,D. Barry,silica,FastPrep - 2x 30sec @ 6.0m/s,Scissors,EZNA,Consolidated,0.031,,,,192.7,,,,1.88,,1.94,,,,,,,,,
SH-Q5605,brandegeei,QUBR_LM_328,TCB-04124,11-2025,2/18/2026,D. Barry,silica,FastPrep - 2x 30sec @ 6.0m/s,Scissors,EZNA,Consolidated,0.036,,,,94.9,,,,1.79,,0.39,,,,,,,,,
SH-Q5606,brandegeei,QUBR_LM_336,TCB-04125,11-2025,2/18/2026,D. Barry,silica,FastPrep - 2x 30sec @ 6.0m/s,Scissors,EZNA,Consolidated,0.038,,,,291.0,,,,1.97,,1.92,,,,,,,,,
SH-Q5607,brandegeei,QUBR_LM_325,TCB-04126,11-2025,2/18/2026,D. Barry,silica,FastPrep - 2x 30sec @ 6.0m/s,Scissors,EZNA,Consolidated,0.030,,,,257.9,,,,1.95,,1.75,,,,,,,,,
SH-Q5608,brandegeei,QUBR_LM_301,TCB-04127,11-2025,2/18/2026,D. Barry,silica,FastPrep - 2x 30sec @ 6.0m/s,Scissors,EZNA,Consolidated,0.029,,,,131.6,,,,1.84,,0.72,,,,,,,,,
SH-Q5609,brandegeei,QUBR_LM_309,TCB-04128,11-2025,2/18/2026,D. Barry,silica,FastPrep - 2x 30sec @ 6.0m/s,Scissors,EZNA,Consolidated,0.036,,,,89.0,,,,1.82,,1.25,,,,,,,,,
SH-Q5610,brandegeei,QUBR_LC_323,TCB-04129,11-2025,2/18/2026,D. Barry,silica,FastPrep - 2x 30sec @ 6.0m/s,Scissors,EZNA,Consolidated,0.036,,,,103.4,,,,1.84,,1.31,,,,,,,,,
SH-Q5611,brandegeei,QUBR_LC_304,TCB-04130,11-2025,2/18/2026,D. Barry,silica,FastPrep - 2x 30sec @ 6.0m/s,Scissors,EZNA,Consolidated,0.033,,,,193.7,,,,1.95,,2.19,,,,,,,,,
SH-Q5612,brandegeei,QUBR_LC_319,TCB-04131,11-2025,2/18/2026,D. Barry,silica,FastPrep - 2x 30sec @ 6.0m/s,Scissors,EZNA,Consolidated,0.032,,,,159.6,,,,1.90,,1.46,,,,,,,,,
SH-Q5613,brandegeei,QUBR_LC_306,TCB-04132,11-2025,2/18/2026,D. Barry,silica,FastPrep - 2x 30sec @ 6.0m/s,Scissors,EZNA,Consolidated,0.032,,,,162.1,,,,1.92,,1.05,,,,,,,,,
SH-Q5614,brandegeei,QUBR_LC_303,TCB-04133,11-2025,2/18/2026,D. Barry,silica,FastPrep - 2x 30sec @ 6.0m/s,Scissors,EZNA,Consolidated,0.024,,,,211.0,,,,1.94,,1.54,,,,,,,,,
SH-Q5615,brandegeei,QUBR_LC_325,TCB-04134,11-2025,2/20/2026,D. Barry,silica,FastPrep - 2x 30sec @ 6.0m/s,Scissors,EZNA,Consolidated,0.031,,,,256.7,,,,1.92,,1.06,,,,,,,,,
SH-Q5616,brandegeei,QUBR_LC_324,TCB-04135,11-2025,2/20/2026,D. Barry,silica,FastPrep - 2x 30sec @ 6.0m/s,Scissors,EZNA,Consolidated,0.032,,,,90.0,,,,1.72,,0.96,,,,,,,,,
SH-Q5617,brandegeei,QUBR_LC_312,TCB-04136,11-2025,2/20/2026,D. Barry,silica,FastPrep - 2x 30sec @ 6.0m/s,Scissors,EZNA,Consolidated,0.034,,,,92.3,,,,1.79,,0.43,,,,,,,,,
SH-Q5618,brandegeei,QUBR_LC_320,TCB-04137,11-2025,2/20/2026,D. Barry,silica,FastPrep - 2x 30sec @ 6.0m/s,Scissors,EZNA,Consolidated,0.030,,,,88.4,,,,1.91,,1.00,,,,,,,,,
SH-Q5619,brandegeei,QUBR_LC_301,TCB-04138,11-2025,2/20/2026,D. Barry,silica,FastPrep - 2x 30sec @ 6.0m/s,Scissors,EZNA,Consolidated,0.034,,,,105.9,,,,1.75,,2.09,,,,,,,,,
SH-Q5620,brandegeei,QUBR_LC_326,TCB-04139,11-2025,2/20/2026,D. Barry,silica,FastPrep - 2x 30sec @ 6.0m/s,Scissors,EZNA,Consolidated,0.036,,,,69.0,,,,1.68,,1.51,,,,,,,,,
SH-Q5621,brandegeei,QUBR_LC_302,TCB-04140,11-2025,2/20/2026,D. Barry,silica,FastPrep - 2x 30sec @ 6.0m/s,Scissors,EZNA,Consolidated,0.034,,,,59.1,,,,1.75,,1.29,,,,,,,,,
SH-Q5622,brandegeei,QUBR_LC_315,TCB-04141,11-2025,2/20/2026,D. Barry,silica,FastPrep - 2x 30sec @ 6.0m/s,Scissors,EZNA,Consolidated,0.038,,,,58.2,,,,1.68,,0.78,,,,,,,,,
SH-Q5623,brandegeei,QUBR_LC_308,TCB-04142,11-2025,2/20/2026,D. Barry,silica,FastPrep - 2x 30sec @ 6.0m/s,Scissors,EZNA,Consolidated,0.035,,,,70.0,,,,1.74,,0.83,,,,,,,,,
SH-Q5624,brandegeei,QUBR_LC_318,TCB-04143,11-2025,2/20/2026,D. Barry,silica,FastPrep - 2x 30sec @ 6.0m/s,Scissors,EZNA,Consolidated,0.033,,,,118.5,,,,1.78,,1.66,,,,,,,,,
SH-Q5625,brandegeei,QUBR_LC_307,TCB-04144,11-2025,2/20/2026,D. Barry,silica,FastPrep - 2x 30sec @ 6.0m/s,Scissors,EZNA,Consolidated,0.036,,,,69.3,,,,1.84,,0.97,,,,,,,,,
SH-Q5626,brandegeei,QUBR_LC_321,TCB-04145,11-2025,2/20/2026,D. Barry,silica,FastPrep - 2x 30sec @ 6.0m/s,Scissors,EZNA,Consolidated,0.032,,,,80.5,,,,1.68,,0.27,,,,,,,,,
SH-Q5627,brandegeei,QUBR_LC_317,TCB-04146,11-2025,2/20/2026,D. Barry,silica,FastPrep - 2x 30sec @ 6.0m/s,Scissors,EZNA,Consolidated,0.036,,,,67.3,,,,1.76,,0.92,,,,,,,,,
SH-Q5628,brandegeei,QUBR_LC_309,TCB-04147,11-2025,2/20/2026,D. Barry,silica,FastPrep - 2x 30sec @ 6.0m/s,Scissors,EZNA,Consolidated,0.040,,,,113.2,,,,1.86,,1.80,,,,,,,,,
SH-Q5629,brandegeei,QUBR_LC_316,TCB-07423,11-2025,2/20/2026,D. Barry,silica,FastPrep - 2x 30sec @ 6.0m/s,Scissors,EZNA,Consolidated,0.036,,,,58.2,,,,1.71,,0.95,,,,,,,,,
SH-Q5630,brandegeei,QUBR_LC_313,TCB-07424,11-2025,2/20/2026,D. Barry,silica,FastPrep - 2x 30sec @ 6.0m/s,Scissors,EZNA,Consolidated,0.033,,,,64.0,,,,1.67,,1.21,,,,,,,,,
SH-Q5631,brandegeei,QUBR_LC_327,TCB-07425,11-2025,2/20/2026,D. Barry,silica,FastPrep - 2x 30sec @ 6.0m/s,Scissors,EZNA,Consolidated,0.040,,,,56.0,,,,1.66,,0.32,,,,,,,,,
SH-Q5632,brandegeei,QUBR_LC_328,TCB-07426,11-2025,2/20/2026,D. Barry,silica,FastPrep - 2x 30sec @ 6.0m/s,Scissors,EZNA,Consolidated,0.036,,,,82.7,,,,1.77,,0.34,,,,,,,,,
SH-Q5633,brandegeei,QUBR_LC_310,TCB-07427,11-2025,2/20/2026,D. Barry,silica,FastPrep - 2x 30sec @ 6.0m/s,Scissors,EZNA,Consolidated,0.035,,,,36.3,,,,1.51,,0.41,,,,,,,,,
SH-Q5634,brandegeei,QUBR_LC_329,TCB-07428,11-2025,2/20/2026,D. Barry,silica,FastPrep - 2x 30sec @ 6.0m/s,Scissors,EZNA,Consolidated,0.038,,,,134.0,,,,1.90,,1.33,,,,,,,,,
SH-Q5635,brandegeei,QUBR_LC_330,TCB-07429,11-2025,2/20/2026,D. Barry,silica,FastPrep - 2x 30sec @ 6.0m/s,Scissors,EZNA,Consolidated,0.039,,,,69.4,,,,1.83,,1.65,,,,,,,,,
SH-Q5636,brandegeei,QUBR_LC_305,TCB-07430,11-2025,2/20/2026,D. Barry,silica,FastPrep - 2x 30sec @ 6.0m/s,Scissors,EZNA,Consolidated,0.032,,,,106.3,,,,1.79,,1.49,,,,,,,,,
SH-Q5637,brandegeei,QUBR_LC_314,TCB-07431,11-2025,2/20/2026,D. Barry,silica,FastPrep - 2x 30sec @ 6.0m/s,Scissors,EZNA,Consolidated,0.035,,,,102.7,,,,1.79,,1.55,,,,,,,,,
SH-Q5638,brandegeei,QUBR_LC_311,TCB-07432,11-2025,2/20/2026,D. Barry,silica,FastPrep - 2x 30sec @ 6.0m/s,Scissors,EZNA,Consolidated,0.029,,,,163.8,,,,1.88,,1.49,,,,,,,,,
SH-Q5639,brandegeei,QUBR_SD_403,TCB-07542,11-2025,2/23/2026,D. Barry,silica,FastPrep - 2x 30sec @ 6.0m/s,Scissors,EZNA,Consolidated,0.036,,,,100.3,,,,1.85,,1.75,,,,,,,,,
SH-Q5640,brandegeei,QUBR_SD_405,TCB-07543,11-2025,2/23/2026,D. Barry,silica,FastPrep - 2x 30sec @ 6.0m/s,Scissors,EZNA,Consolidated,0.038,,,,139.1,,,,1.74,,0.43,,,,,,,,,
SH-Q5641,brandegeei,QUBR_SD_406,TCB-07544,11-2025,2/23/2026,D. Barry,silica,FastPrep - 2x 30sec @ 6.0m/s,Scissors,EZNA,Consolidated,0.035,,,,200.8,,,,1.91,,1.91,,,,,,,,,
SH-Q5642,brandegeei,QUBR_SD_402,TCB-07801,11-2025,2/23/2026,D. Barry,silica,FastPrep - 2x 30sec @ 6.0m/s,Scissors,EZNA,Consolidated,0.031,,,,126.0,,,,1.85,,1.69,,,,,,,,,
SH-Q5643,brandegeei,QUBR_SD_401,TCB-07802,11-2025,2/23/2026,D. Barry,silica,FastPrep - 2x 30sec @ 6.0m/s,Scissors,EZNA,Consolidated,0.026,,,,151.9,,,,1.94,,2.10,,,,,,,,,
SH-Q5644,brandegeei,QUBR_SD_404,TCB-07803,11-2025,2/23/2026,D. Barry,silica,FastPrep - 2x 30sec @ 6.0m/s,Scissors,EZNA,Consolidated,0.030,,,,190.0,,,,1.88,,1.73,,,,,,,,,
SH-Q5645,brandegeei,QUBR_SD_407,TCB-07804,11-2025,2/23/2026,D. Barry,silica,FastPrep - 2x 30sec @ 6.0m/s,Scissors,EZNA,Consolidated,0.032,,,,126.2,,,,1.85,,1.39,,,,,,,,,
SH-Q5646,brandegeei,QUBR_SD_431,TCB-07805,11-2025,2/23/2026,D. Barry,silica,FastPrep - 2x 30sec @ 6.0m/s,Scissors,EZNA,Consolidated,0.025,,,,132.6,,,,1.92,,0.56,,,,,,,,,
SH-Q5647,brandegeei,QUBR_2023_0456,TCB-07434,11-2025,2/23/2026,D. Barry,silica,FastPrep - 2x 30sec @ 6.0m/s,Scissors,EZNA,Consolidated,0.028,,,,106.7,,,,1.85,,1.81,,,,,,,,,
SH-Q5648,brandegeei,QUBR_2023_0453,TCB-07435,11-2025,2/23/2026,D. Barry,silica,FastPrep - 2x 30sec @ 6.0m/s,Scissors,EZNA,Consolidated,0.036,,,,114.4,,,,1.89,,0.96,,,,,,,,,
SH-Q5649,brandegeei,QUBR_2023_0452,TCB-07436,11-2025,2/23/2026,D. Barry,silica,FastPrep - 2x 30sec @ 6.0m/s,Scissors,EZNA,Consolidated,0.029,,,,158.3,,,,1.87,,0.51,,,,,,,,,
SH-Q5650,brandegeei,QUBR_2023_0449,TCB-07439,11-2025,2/23/2026,D. Barry,silica,FastPrep - 2x 30sec @ 6.0m/s,Scissors,EZNA,Consolidated,0.026,,,,106.8,,,,1.88,,1.36,,,,,,,,,
SH-Q5651,brandegeei,QUBR_2023_0448,TCB-07440,11-2025,2/23/2026,D. Barry,silica,FastPrep - 2x 30sec @ 6.0m/s,Scissors,EZNA,Consolidated,0.028,,,,93.5,,,,1.84,,1.93,,,,,,,,,
SH-Q5652,brandegeei,QUBR_2023_0451,TCB-07441,11-2025,2/23/2026,D. Barry,silica,FastPrep - 2x 30sec @ 6.0m/s,Scissors,EZNA,Consolidated,0.030,,,,96.1,,,,1.88,,1.59,,,,,,,,,
SH-Q5653,brandegeei,QUBR_2023_0454,TCB-07442,11-2025,2/23/2026,D. Barry,silica,FastPrep - 2x 30sec @ 6.0m/s,Scissors,EZNA,Consolidated,0.030,,,,123.8,,,,1.86,,1.36,,,,,,,,,
SH-Q5654,brandegeei,QUBR_2023_0443,TCB-07443,11-2025,2/23/2026,D. Barry,silica,FastPrep - 2x 30sec @ 6.0m/s,Scissors,EZNA,Consolidated,0.027,,,,109.2,,,,1.90,,1.10,,,,,,,,,
SH-Q5655,brandegeei,QUBR_2023_0447,TCB-07445,11-2025,2/23/2026,D. Barry,silica,FastPrep - 2x 30sec @ 6.0m/s,Scissors,EZNA,Consolidated,0.027,,,,107.7,,,,1.86,,2.06,,,,,,,,,
SH-Q5656,brandegeei,QUBR_2023_0445,TCB-07446,11-2025,2/23/2026,D. Barry,silica,FastPrep - 2x 30sec @ 6.0m/s,Scissors,EZNA,Consolidated,0.024,,,,190.9,,,,1.94,,1.65,,,,,,,,,
SH-Q5657,brandegeei,QUBR_2023_0441,TCB-07447,11-2025,2/23/2026,D. Barry,silica,FastPrep - 2x 30sec @ 6.0m/s,Scissors,EZNA,Consolidated,0.025,,,,109.4,,,,1.84,,0.87,,,,,,,,,
SH-Q5658,brandegeei,QUBR_2023_0444,TCB-07448,11-2025,2/23/2026,D. Barry,silica,FastPrep - 2x 30sec @ 6.0m/s,Scissors,EZNA,Consolidated,0.030,,,,47.6,,,,1.63,,0.46,,,,,,,,,
SH-Q5659,brandegeei,QUBR_2023_0440,TCB-07449,11-2025,2/23/2026,D. Barry,silica,FastPrep - 2x 30sec @ 6.0m/s,Scissors,EZNA,Consolidated,0.031,,,,82.7,,,,1.87,,1.37,,,,,,,,,
SH-Q5660,brandegeei,QUBR_2023_0439,TCB-07450,11-2025,2/23/2026,D. Barry,silica,FastPrep - 2x 30sec @ 6.0m/s,Scissors,EZNA,Consolidated,0.026,,,,103.2,,,,1.88,,1.75,,,,,,,,,
SH-Q5661,brandegeei,QUBR_2023_0442,TCB-07451,11-2025,2/23/2026,D. Barry,silica,FastPrep - 2x 30sec @ 6.0m/s,Scissors,EZNA,Consolidated,0.035,,,,103.6,,,,1.88,,1.76,,,,,,,,,
SH-Q5662,brandegeei,QUBR_2023_0438,TCB-07452,11-2025,2/23/2026,D. Barry,silica,FastPrep - 2x 30sec @ 6.0m/s,Scissors,EZNA,Consolidated,0.029,,,,100.4,,,,1.71,,0.26,,,,,,,,,
SH-Q5663,brandegeei,QUBR_2023_0488,TCB-07553,11-2025,2/25/2026,D. Barry,silica,FastPrep - 2x 30sec @ 6.0m/s,Scissors,EZNA,Consolidated,0.033,,,,132.2,,,,1.86,,1.18,,,,,,,,,
SH-Q5664,brandegeei,QUBR_2023_0482,TCB-07555,11-2025,2/25/2026,D. Barry,silica,FastPrep - 2x 30sec @ 6.0m/s,Scissors,EZNA,Consolidated,0.034,,,,207.2,,,,1.87,,1.01,,,,,,,,,
SH-Q5665,brandegeei,QUBR_2023_0487,TCB-07556,11-2025,2/25/2026,D. Barry,silica,FastPrep - 2x 30sec @ 6.0m/s,Scissors,EZNA,Consolidated,0.036,,,,101.0,,,,1.82,,1.06,,,,,,,,,
SH-Q5666,brandegeei,QUBR_2023_0486,TCB-07557,11-2025,2/25/2026,D. Barry,silica,FastPrep - 2x 30sec @ 6.0m/s,Scissors,EZNA,Consolidated,0.032,,,,102.9,,,,1.85,,0.46,,,,,,,,,
SH-Q5667,brandegeei,QUBR_2023_0477,TCB-07559,11-2025,2/25/2026,D. Barry,silica,FastPrep - 2x 30sec @ 6.0m/s,Scissors,EZNA,Consolidated,0.032,,,,130.1,,,,1.82,,0.60,,,,,,,,,
SH-Q5668,brandegeei,QUBR_2023_0471,TCB-07560,11-2025,2/25/2026,D. Barry,silica,FastPrep - 2x 30sec @ 6.0m/s,Scissors,EZNA,Consolidated,0.034,,,,77.6,,,,1.81,,1.04,,,,,,,,,
SH-Q5669,brandegeei,QUBR_2023_0475,TCB-07561,11-2025,2/25/2026,D. Barry,silica,FastPrep - 2x 30sec @ 6.0m/s,Scissors,EZNA,Consolidated,0.029,,,,128.8,,,,1.86,,1.17,,,,,,,,,
SH-Q5670,brandegeei,QUBR_2023_0474,TCB-07562,11-2025,2/25/2026,D. Barry,silica,FastPrep - 2x 30sec @ 6.0m/s,Scissors,EZNA,Consolidated,0.033,,,,110.7,,,,1.87,,0.63,,,,,,,,,
SH-Q5671,brandegeei,QUBR_2023_0478,TCB-07563,11-2025,2/25/2026,D. Barry,silica,FastPrep - 2x 30sec @ 6.0m/s,Scissors,EZNA,Consolidated,0.030,,,,70.5,,,,1.82,,0.80,,,,,,,,,
SH-Q5672,brandegeei,QUBR_2023_0468,TCB-07565,11-2025,2/25/2026,D. Barry,silica,FastPrep - 2x 30sec @ 6.0m/s,Scissors,EZNA,Consolidated,0.033,,,,110.2,,,,1.82,,0.75,,,,,,,,,
SH-Q5673,brandegeei,QUBR_2023_0469,TCB-07566,11-2025,2/25/2026,D. Barry,silica,FastPrep - 2x 30sec @ 6.0m/s,Scissors,EZNA,Consolidated,0.032,,,,136.4,,,,1.89,,0.86,,,,,,,,,
SH-Q5674,brandegeei,QUBR_2023_0473,TCB-07567,11-2025,2/25/2026,D. Barry,silica,FastPrep - 2x 30sec @ 6.0m/s,Scissors,EZNA,Consolidated,0.034,,,,106.6,,,,1.85,,1.49,,,,,,,,,
SH-Q5675,brandegeei,QUBR_2023_0464,TCB-07568,11-2025,2/25/2026,D. Barry,silica,FastPrep - 2x 30sec @ 6.0m/s,Scissors,EZNA,Consolidated,0.036,,,,120.8,,,,1.92,,1.77,,,,,,,,,
SH-Q5676,brandegeei,QUBR_2023_0496,TCB-07569,11-2025,2/25/2026,D. Barry,silica,FastPrep - 2x 30sec @ 6.0m/s,Scissors,EZNA,Consolidated,0.032,,,,88.8,,,,1.78,,1.28,,,,,,,,,
SH-Q5677,brandegeei,QUBR_2023_0465,TCB-07571,11-2025,2/25/2026,D. Barry,silica,FastPrep - 2x 30sec @ 6.0m/s,Scissors,EZNA,Consolidated,0.025,,,,61.7,,,,1.74,,0.27,,,,,,,,,
SH-Q5678,brandegeei,QUBR_2023_0470,TCB-07573,11-2025,2/25/2026,D. Barry,silica,FastPrep - 2x 30sec @ 6.0m/s,Scissors,EZNA,Consolidated,0.034,,,,85.1,,,,1.80,,1.00,,,,,,,,,
SH-Q5679,brandegeei,QUBR_2023_0462,TCB-07574,11-2025,2/25/2026,D. Barry,silica,FastPrep - 2x 30sec @ 6.0m/s,Scissors,EZNA,Consolidated,0.035,,,,102.8,,,,1.94,,0.59,,,,,,,,,
SH-Q5680,brandegeei,QUBR_2023_0480,TCB-07575,11-2025,2/25/2026,D. Barry,silica,FastPrep - 2x 30sec @ 6.0m/s,Scissors,EZNA,Consolidated,0.029,,,,113.4,,,,1.87,,0.50,,,,,,,,,
SH-Q5681,brandegeei,QUBR_2023_0484,TCB-07576,11-2025,2/25/2026,D. Barry,silica,FastPrep - 2x 30sec @ 6.0m/s,Scissors,EZNA,Consolidated,0.034,,,,67.0,,,,1.82,,1.31,,,,,,,,,
SH-Q5682,brandegeei,QUBR_2023_0481,TCB-07578,11-2025,2/25/2026,D. Barry,silica,FastPrep - 2x 30sec @ 6.0m/s,Scissors,EZNA,Consolidated,0.037,,,,98.3,,,,1.85,,0.97,,,,,,,,,
SH-Q5683,brandegeei,QUBR_2023_0483,TCB-07579,11-2025,2/25/2026,D. Barry,silica,FastPrep - 2x 30sec @ 6.0m/s,Scissors,EZNA,Consolidated,0.032,,,,117.8,,,,1.89,,1.53,,,,,,,,,
SH-Q5684,brandegeei,QUBR_2023_0494,TCB-07582,11-2025,2/25/2026,D. Barry,silica,FastPrep - 2x 30sec @ 6.0m/s,Scissors,EZNA,Consolidated,0.033,,,,96.7,,,,1.83,,0.51,,,,,,,,,
SH-Q5685,brandegeei,QUBR_2023_0495,TCB-07583,11-2025,2/25/2026,D. Barry,silica,FastPrep - 2x 30sec @ 6.0m/s,Scissors,EZNA,Consolidated,0.037,,,,90.2,,,,1.82,,1.32,,,,,,,,,
SH-Q5686,brandegeei,QUBR_2023_0499,TCB-07585,11-2025,2/25/2026,D. Barry,silica,FastPrep - 2x 30sec @ 6.0m/s,Scissors,EZNA,Consolidated,0.036,,,,62.2,,,,1.72,,0.47,,,,,,,,,
SH-Q5687,brandegeei,QUBR_2023_0743,TCB-07505,11-2025,2/27/2026,D. Barry,silica,FastPrep - 2x 30sec @ 6.0m/s,Scissors,EZNA,Consolidated,0.030,,,,193.7,,,,1.94,,1.27,,,,,,,,,
SH-Q5688,brandegeei,QUBR_2023_0739,TCB-07508,11-2025,2/27/2026,D. Barry,silica,FastPrep - 2x 30sec @ 6.0m/s,Scissors,EZNA,Consolidated,0.028,,,,128.5,,,,1.79,,1.09,,,,,,,,,
SH-Q5689,brandegeei,QUBR_2023_0736,TCB-07511,11-2025,2/27/2026,D. Barry,silica,FastPrep - 2x 30sec @ 6.0m/s,Scissors,EZNA,Consolidated,0.032,,,,108.8,,,,1.83,,1.10,,,,,,,,,
SH-Q5690,brandegeei,QUBR_2023_0735,TCB-07512,11-2025,2/27/2026,D. Barry,silica,FastPrep - 2x 30sec @ 6.0m/s,Scissors,EZNA,Consolidated,0.031,,,,185.0,,,,1.89,,1.80,,,,,,,,,
SH-Q5691,brandegeei,QUBR_2023_0732,TCB-07513,11-2025,2/27/2026,D. Barry,silica,FastPrep - 2x 30sec @ 6.0m/s,Scissors,EZNA,Consolidated,0.032,,,,100.1,,,,1.68,,0.59,,,,,,,,,
SH-Q5692,brandegeei,QUBR_2023_0734,TCB-07514,11-2025,2/27/2026,D. Barry,silica,FastPrep - 2x 30sec @ 6.0m/s,Scissors,EZNA,Consolidated,0.036,,,,132.4,,,,1.90,,1.60,,,,,,,,,
SH-Q5693,brandegeei,QUBR_2023_0729,TCB-07516,11-2025,2/27/2026,D. Barry,silica,FastPrep - 2x 30sec @ 6.0m/s,Scissors,EZNA,Consolidated,0.034,,,,82.5,,,,1.63,,0.28,,,,,,,,,
SH-Q5694,brandegeei,QUBR_2023_0728,TCB-07518,11-2025,2/27/2026,D. Barry,silica,FastPrep - 2x 30sec @ 6.0m/s,Scissors,EZNA,Consolidated,0.032,,,,90.0,,,,1.81,,1.53,,,,,,,,,
SH-Q5695,brandegeei,QUBR_2023_0730,TCB-07520,11-2025,2/27/2026,D. Barry,silica,FastPrep - 2x 30sec @ 6.0m/s,Scissors,EZNA,Consolidated,0.033,,,,158.4,,,,1.74,,0.36,,,,,,,,,
SH-Q5696,brandegeei,QUBR_2023_0726,TCB-07522,11-2025,2/27/2026,D. Barry,silica,FastPrep - 2x 30sec @ 6.0m/s,Scissors,EZNA,Consolidated,0.022,,,,111.8,,,,1.89,,1.66,,,,,,,,,
SH-Q5697,brandegeei,QUBR_2023_0725,TCB-07523,11-2025,2/27/2026,D. Barry,silica,FastPrep - 2x 30sec @ 6.0m/s,Scissors,EZNA,Consolidated,0.026,,,,110.8,,,,1.83,,0.35,,,,,,,,,
SH-Q5698,brandegeei,QUBR_2023_0722,TCB-07524,11-2025,2/27/2026,D. Barry,silica,FastPrep - 2x 30sec @ 6.0m/s,Scissors,EZNA,Consolidated,0.028,,,,120.6,,,,1.87,,1.62,,,,,,,,,
SH-Q5699,brandegeei,QUBR_2023_0719,TCB-07525,11-2025,2/27/2026,D. Barry,silica,FastPrep - 2x 30sec @ 6.0m/s,Scissors,EZNA,Consolidated,0.037,,,,128.2,,,,1.92,,1.08,,,,,,,,,
SH-Q5700,brandegeei,QUBR_2023_0714,TCB-07529,11-2025,2/27/2026,D. Barry,silica,FastPrep - 2x 30sec @ 6.0m/s,Scissors,EZNA,Consolidated,0.034,,,,75.6,,,,1.78,,0.50,,,,,,,,,
SH-Q5701,brandegeei,QUBR_2023_0721,TCB-07530,11-2025,2/27/2026,D. Barry,silica,FastPrep - 2x 30sec @ 6.0m/s,Scissors,EZNA,Consolidated,0.028,,,,98.7,,,,1.84,,0.75,,,,,,,,,
SH-Q5702,brandegeei,QUBR_2023_0717,TCB-07531,11-2025,2/27/2026,D. Barry,silica,FastPrep - 2x 30sec @ 6.0m/s,Scissors,EZNA,Consolidated,0.032,,,,150.8,,,,1.84,,1.32,,,,,,,,,
SH-Q5703,brandegeei,QUBR_2023_0713,TCB-07532,11-2025,2/27/2026,D. Barry,silica,FastPrep - 2x 30sec @ 6.0m/s,Scissors,EZNA,Consolidated,0.032,,,,109.4,,,,1.85,,0.54,,,,,,,,,
SH-Q5704,brandegeei,QUBR_2023_0711,TCB-07534,11-2025,2/27/2026,D. Barry,silica,FastPrep - 2x 30sec @ 6.0m/s,Scissors,EZNA,Consolidated,0.031,,,,64.9,,,,1.72,,0.24,,,,,,,,,
SH-Q5705,brandegeei,QUBR_2023_0309,TCB-07537,11-2025,2/27/2026,D. Barry,silica,FastPrep - 2x 30sec @ 6.0m/s,Scissors,EZNA,Consolidated,0.036,,,,108.7,,,,1.86,,1.24,,,,,,,,,
SH-Q5706,brandegeei,QUBR_2023_0497,TCB-07540,11-2025,2/27/2026,D. Barry,silica,FastPrep - 2x 30sec @ 6.0m/s,Scissors,EZNA,Consolidated,0.034,,,,135.3,,,,1.84,,0.54,,,,,,,,,
SH-Q5707,brandegeei,QUBR_2023_0310,TCB-07545,11-2025,2/27/2026,D. Barry,silica,FastPrep - 2x 30sec @ 6.0m/s,Scissors,EZNA,Consolidated,0.030,,,,86.5,,,,1.81,,1.82,,,,,,,,,
SH-Q5708,brandegeei,QUBR_2023_0710,TCB-07547,11-2025,2/27/2026,D. Barry,silica,FastPrep - 2x 30sec @ 6.0m/s,Scissors,EZNA,Consolidated,0.026,,,,77.4,,,,1.83,,0.84,,,,,,,,,
SH-Q5709,brandegeei,QUBR_2023_0492,TCB-07548,11-2025,2/27/2026,D. Barry,silica,FastPrep - 2x 30sec @ 6.0m/s,Scissors,EZNA,Consolidated,0.032,,,,69.8,,,,1.86,,4.09,,,,,,,,,
SH-Q5710,brandegeei,QUBR_2023_0490,TCB-07551,11-2025,2/27/2026,D. Barry,silica,FastPrep - 2x 30sec @ 6.0m/s,Scissors,EZNA,Consolidated,0.032,,,,135.9,,,,1.91,,1.01,,,,,,,,,
SH-Q5711,brandegeei,QUBR_2023_0436,TCB-07454,11-2025,3/2/2026,D. Barry,silica,FastPrep - 2x 30sec @ 6.0m/s,Scissors,EZNA,Consolidated,0.034,,,,106.8,,,,1.92,,1.83,,,,,,,,,
SH-Q5712,brandegeei,QUBR_2023_0435,TCB-07456,11-2025,3/2/2026,D. Barry,silica,FastPrep - 2x 30sec @ 6.0m/s,Scissors,EZNA,Consolidated,0.033,,,,163.6,,,,1.93,,1.82,,,,,,,,,
SH-Q5713,brandegeei,QUBR_2023_0431,TCB-07458,11-2025,3/2/2026,D. Barry,silica,FastPrep - 2x 30sec @ 6.0m/s,Scissors,EZNA,Consolidated,0.033,,,,136.6,,,,1.93,,1.47,,,,,,,,,
SH-Q5714,brandegeei,QUBR_2023_0429,TCB-07460,11-2025,3/2/2026,D. Barry,silica,FastPrep - 2x 30sec @ 6.0m/s,Scissors,EZNA,Consolidated,0.035,,,,129.5,,,,1.87,,1.08,,,,,,,,,
SH-Q5715,brandegeei,QUBR_2023_0430,TCB-07464,11-2025,3/2/2026,D. Barry,silica,FastPrep - 2x 30sec @ 6.0m/s,Scissors,EZNA,Consolidated,0.029,,,,131.1,,,,1.81,,0.44,,,,,,,,,
SH-Q5716,brandegeei,QUBR_2023_0425,TCB-07465,11-2025,3/2/2026,D. Barry,silica,FastPrep - 2x 30sec @ 6.0m/s,Scissors,EZNA,Consolidated,0.032,,,,128.5,,,,1.92,,1.43,,,,,,,,,
SH-Q5717,brandegeei,QUBR_2023_0424,TCB-07466,11-2025,3/2/2026,D. Barry,silica,FastPrep - 2x 30sec @ 6.0m/s,Scissors,EZNA,Consolidated,0.032,,,,149.0,,,,1.83,,0.92,,,,,,,,,
SH-Q5718,brandegeei,QUBR_2023_0422,TCB-07467,11-2025,3/2/2026,D. Barry,silica,FastPrep - 2x 30sec @ 6.0m/s,Scissors,EZNA,Consolidated,0.034,,,,138.7,,,,1.93,,2.15,,,,,,,,,
SH-Q5719,brandegeei,QUBR_2023_0420,TCB-07472,11-2025,3/2/2026,D. Barry,silica,FastPrep - 2x 30sec @ 6.0m/s,Scissors,EZNA,Consolidated,0.031,,,,102.5,,,,1.92,,2.07,,,,,,,,,
SH-Q5720,brandegeei,QUBR_2023_0416,TCB-07475,11-2025,3/2/2026,D. Barry,silica,FastPrep - 2x 30sec @ 6.0m/s,Scissors,EZNA,Consolidated,0.038,,,,84.1,,,,1.93,,1.40,,,,,,,,,
SH-Q5721,brandegeei,QUBR_2023_0412,TCB-07476,11-2025,3/2/2026,D. Barry,silica,FastPrep - 2x 30sec @ 6.0m/s,Scissors,EZNA,Consolidated,0.031,,,,157.3,,,,1.91,,1.16,,,,,,,,,
SH-Q5722,brandegeei,QUBR_2023_0414,TCB-07480,11-2025,3/2/2026,D. Barry,silica,FastPrep - 2x 30sec @ 6.0m/s,Scissors,EZNA,Consolidated,0.033,,,,93.5,,,,1.87,,0.37,,,,,,,,,
SH-Q5723,brandegeei,QUBR_2023_0404,TCB-07484,11-2025,3/2/2026,D. Barry,silica,FastPrep - 2x 30sec @ 6.0m/s,Scissors,EZNA,Consolidated,0.036,,,,135.5,,,,1.95,,1.54,,,,,,,,,
SH-Q5724,brandegeei,QUBR_2023_0405,TCB-07486,11-2025,3/2/2026,D. Barry,silica,FastPrep - 2x 30sec @ 6.0m/s,Scissors,EZNA,Consolidated,0.028,,,,121.1,,,,1.86,,1.57,,,,,,,,,
SH-Q5725,brandegeei,QUBR_2023_0402,TCB-07487,11-2025,3/2/2026,D. Barry,silica,FastPrep - 2x 30sec @ 6.0m/s,Scissors,EZNA,Consolidated,0.032,,,,78.1,,,,1.83,,0.31,,,,,,,,,
SH-Q5726,brandegeei,QUBR_2023_0406,TCB-07488,11-2025,3/2/2026,D. Barry,silica,FastPrep - 2x 30sec @ 6.0m/s,Scissors,EZNA,Consolidated,0.026,,,,88.8,,,,1.92,,0.53,,,,,,,,,
SH-Q5727,brandegeei,QUBR_2023_0403,TCB-07489,11-2025,3/2/2026,D. Barry,silica,FastPrep - 2x 30sec @ 6.0m/s,Scissors,EZNA,Consolidated,0.035,,,,150.1,,,,2.00,,1.59,,,,,,,,,
SH-Q5728,brandegeei,QUBR_2023_0401,TCB-07490,11-2025,3/2/2026,D. Barry,silica,FastPrep - 2x 30sec @ 6.0m/s,Scissors,EZNA,Consolidated,0.027,,,,84.7,,,,1.91,,1.14,,,,,,,,,
SH-Q5729,brandegeei,QUBR_2023_0752,TCB-07494,11-2025,3/2/2026,D. Barry,silica,FastPrep - 2x 30sec @ 6.0m/s,Scissors,EZNA,Consolidated,0.036,,,,87.2,,,,1.82,,0.67,,,,,,,,,
SH-Q5730,brandegeei,QUBR_2023_0748,TCB-07497,11-2025,3/2/2026,D. Barry,silica,FastPrep - 2x 30sec @ 6.0m/s,Scissors,EZNA,Consolidated,0.032,,,,160.9,,,,1.92,,2.15,,,,,,,,,
SH-Q5731,brandegeei,QUBR_2023_0750,TCB-07499,11-2025,3/2/2026,D. Barry,silica,FastPrep - 2x 30sec @ 6.0m/s,Scissors,EZNA,Consolidated,0.031,,,,129.0,,,,1.94,,1.39,,,,,,,,,
SH-Q5732,brandegeei,QUBR_2023_0746,TCB-07500,11-2025,3/2/2026,D. Barry,silica,FastPrep - 2x 30sec @ 6.0m/s,Scissors,EZNA,Consolidated,0.030,,,,83.5,,,,1.82,,1.46,,,,,,,,,
SH-Q5733,brandegeei,QUBR_2023_0745,TCB-07503,11-2025,3/2/2026,D. Barry,silica,FastPrep - 2x 30sec @ 6.0m/s,Scissors,EZNA,Consolidated,0.030,,,,106.5,,,,1.89,,0.76,,,,,,,,,
SH-Q5734,brandegeei,QUBR_2023_0744,TCB-07504,11-2025,3/2/2026,D. Barry,silica,FastPrep - 2x 30sec @ 6.0m/s,Scissors,EZNA,Consolidated,0.029,,,,117.2,,,,1.94,,1.63,,,,,,,,,
SH-Q5735,brandegeei,QUBR_2023_0796,TCB-07586,11-2025,3/4/2026,D. Barry,silica,FastPrep - 2x 30sec @ 6.0m/s,Scissors,EZNA,Consolidated,0.035,,,,125.1,,,,1.91,,0.77,,,,,,,,,
SH-Q5736,brandegeei,QUBR_2023_0784,TCB-07589,11-2025,3/4/2026,D. Barry,silica,FastPrep - 2x 30sec @ 6.0m/s,Scissors,EZNA,Consolidated,0.033,,,,143.2,,,,1.90,,1.34,,,,,,,,,
SH-Q5737,brandegeei,QUBR_2023_0786,TCB-07591,11-2025,3/4/2026,D. Barry,silica,FastPrep - 2x 30sec @ 6.0m/s,Scissors,EZNA,Consolidated,0.036,,,,108.2,,,,1.86,,0.42,,,,,,,,,
SH-Q5738,brandegeei,QUBR_2023_0780,TCB-07593,11-2025,3/4/2026,D. Barry,silica,FastPrep - 2x 30sec @ 6.0m/s,Scissors,EZNA,Consolidated,0.036,,,,202.6,,,,2.03,,0.96,,,,,,,,,
SH-Q5739,brandegeei,QUBR_2023_0771,TCB-07596,11-2025,3/4/2026,D. Barry,silica,FastPrep - 2x 30sec @ 6.0m/s,Scissors,EZNA,Consolidated,0.029,,,,191.3,,,,1.90,,0.79,,,,,,,,,
SH-Q5740,brandegeei,QUBR_2023_0763,TCB-07598,11-2025,3/4/2026,D. Barry,silica,FastPrep - 2x 30sec @ 6.0m/s,Scissors,EZNA,Consolidated,0.030,,,,154.8,,,,1.95,,1.51,,,,,,,,,
SH-Q5741,brandegeei,QUBR_2023_0772,TCB-07599,11-2025,3/4/2026,D. Barry,silica,FastPrep - 2x 30sec @ 6.0m/s,Scissors,EZNA,Consolidated,0.037,,,,87.9,,,,1.77,,0.86,,,,,,,,,
SH-Q5742,brandegeei,QUBR_2023_0768,TCB-07600,11-2025,3/4/2026,D. Barry,silica,FastPrep - 2x 30sec @ 6.0m/s,Scissors,EZNA,Consolidated,0.039,,,,109.1,,,,1.86,,0.88,,,,,,,,,
SH-Q5743,brandegeei,QUBR_2023_0765,TCB-07601,11-2025,3/4/2026,D. Barry,silica,FastPrep - 2x 30sec @ 6.0m/s,Scissors,EZNA,Consolidated,0.035,,,,79.4,,,,1.81,,0.63,,,,,,,,,
SH-Q5744,brandegeei,QUBR_2023_0761,TCB-07602,11-2025,3/4/2026,D. Barry,silica,FastPrep - 2x 30sec @ 6.0m/s,Scissors,EZNA,Consolidated,0.036,,,,96.0,,,,1.99,,2.33,,,,,,,,,
SH-Q5745,brandegeei,QUBR_2023_0770,TCB-07604,11-2025,3/4/2026,D. Barry,silica,FastPrep - 2x 30sec @ 6.0m/s,Scissors,EZNA,Consolidated,0.036,,,,87.9,,,,1.87,,0.85,,,,,,,,,
SH-Q5746,brandegeei,QUBR_2023_0764,TCB-07605,11-2025,3/4/2026,D. Barry,silica,FastPrep - 2x 30sec @ 6.0m/s,Scissors,EZNA,Consolidated,0.033,,,,115.0,,,,1.94,,1.08,,,,,,,,,
SH-Q5747,brandegeei,QUBR_2023_0759,TCB-07606,11-2025,3/4/2026,D. Barry,silica,FastPrep - 2x 30sec @ 6.0m/s,Scissors,EZNA,Consolidated,0.039,,,,134.9,,,,1.93,,1.95,,,,,,,,,
SH-Q5748,brandegeei,QUBR_2023_0758,TCB-07607,11-2025,3/4/2026,D. Barry,silica,FastPrep - 2x 30sec @ 6.0m/s,Scissors,EZNA,Consolidated,0.030,,,,98.8,,,,1.89,,1.63,,,,,,,,,
SH-Q5749,brandegeei,QUBR_2023_0756,TCB-07608,11-2025,3/4/2026,D. Barry,silica,FastPrep - 2x 30sec @ 6.0m/s,Scissors,EZNA,Consolidated,0.029,,,,146.1,,,,1.99,,1.24,,,,,,,,,
SH-Q5750,brandegeei,QUBR_2023_0757,TCB-07609,11-2025,3/4/2026,D. Barry,silica,FastPrep - 2x 30sec @ 6.0m/s,Scissors,EZNA,Consolidated,0.030,,,,80.5,,,,1.89,,1.43,,,,,,,,,
SH-Q5751,brandegeei,QUBR_2023_0460,TCB-07611,11-2025,3/4/2026,D. Barry,silica,FastPrep - 2x 30sec @ 6.0m/s,Scissors,EZNA,Consolidated,0.032,,,,85.9,,,,1.80,,1.39,,,,,,,,,
SH-Q5752,brandegeei,QUBR_2023_0467,TCB-07612,11-2025,3/4/2026,D. Barry,silica,FastPrep - 2x 30sec @ 6.0m/s,Scissors,EZNA,Consolidated,0.035,,,,88.1,,,,1.87,,0.76,,,,,,,,,
SH-Q5753,brandegeei,QUBR_2023_0459,TCB-07614,11-2025,3/4/2026,D. Barry,silica,FastPrep - 2x 30sec @ 6.0m/s,Scissors,EZNA,Consolidated,0.034,,,,89.1,,,,1.80,,1.13,,,,,,,,,
SH-Q5754,brandegeei,QUBR_2023_0458,TCB-07615,11-2025,3/4/2026,D. Barry,silica,FastPrep - 2x 30sec @ 6.0m/s,Scissors,EZNA,Consolidated,0.036,,,,107.8,,,,1.80,,0.97,,,,,,,,,
SH-Q5755,brandegeei,QUBR_2023_0269,TCB-07620,11-2025,3/4/2026,D. Barry,silica,FastPrep - 2x 30sec @ 6.0m/s,Scissors,EZNA,Consolidated,0.029,,,,114.6,,,,1.92,,0.56,,,,,,,,,
SH-Q5756,brandegeei,QUBR_2023_0272,TCB-07621,11-2025,3/4/2026,D. Barry,silica,FastPrep - 2x 30sec @ 6.0m/s,Scissors,EZNA,Consolidated,0.035,,,,100.3,,,,1.81,,1.14,,,,,,,,,
SH-Q5757,brandegeei,QUBR_2023_0274,TCB-07623,11-2025,3/4/2026,D. Barry,silica,FastPrep - 2x 30sec @ 6.0m/s,Scissors,EZNA,Consolidated,0.029,,,,202.0,,,,1.95,,0.53,,,,,,,,,
SH-Q5758,brandegeei,QUBR_2023_0271,TCB-07626,11-2025,3/4/2026,D. Barry,silica,FastPrep - 2x 30sec @ 6.0m/s,Scissors,EZNA,Consolidated,0.027,,,,152.3,,,,2.00,,1.85,,,,,,,,,
SH-Q5759,brandegeei,QUBR_2023_0281,TCB-07627,11-2025,3/6/2026,D. Barry,silica,FastPrep - 2x 30sec @ 6.0m/s,Scissors,EZNA,Consolidated,0.028,,,,161.8,,,,1.88,,1.75,,,,,,,,,
SH-Q5760,brandegeei,QUBR_2023_0287,TCB-07628,11-2025,3/6/2026,D. Barry,silica,FastPrep - 2x 30sec @ 6.0m/s,Scissors,EZNA,Consolidated,0.032,,,,204.8,,,,1.97,,1.42,,,,,,,,,
SH-Q5761,brandegeei,QUBR_2023_0940,TCB-07631,11-2025,3/6/2026,D. Barry,silica,FastPrep - 2x 30sec @ 6.0m/s,Scissors,EZNA,Consolidated,0.037,,,,174.7,,,,1.84,,0.45,,,,,,,,,
SH-Q5762,brandegeei,QUBR_2023_0947,TCB-07633,11-2025,3/6/2026,D. Barry,silica,FastPrep - 2x 30sec @ 6.0m/s,Scissors,EZNA,Consolidated,0.027,,,,174.9,,,,1.96,,1.44,,,,,,,,,
SH-Q5763,brandegeei,QUBR_2023_0945,TCB-07634,11-2025,3/6/2026,D. Barry,silica,FastPrep - 2x 30sec @ 6.0m/s,Scissors,EZNA,Consolidated,0.026,,,,149.7,,,,1.91,,1.63,,,,,,,,,
SH-Q5764,brandegeei,QUBR_2023_0942,TCB-07637,11-2025,3/6/2026,D. Barry,silica,FastPrep - 2x 30sec @ 6.0m/s,Scissors,EZNA,Consolidated,0.026,,,,126.6,,,,1.90,,0.69,,,,,,,,,
SH-Q5765,brandegeei,QUBR_2023_0943,TCB-07638,11-2025,3/6/2026,D. Barry,silica,FastPrep - 2x 30sec @ 6.0m/s,Scissors,EZNA,Consolidated,0.031,,,,148.8,,,,1.87,,1.55,,,,,,,,,
SH-Q5766,brandegeei,QUBR_2023_0937,TCB-07643,11-2025,3/6/2026,D. Barry,silica,FastPrep - 2x 30sec @ 6.0m/s,Scissors,EZNA,Consolidated,0.029,,,,143.6,,,,1.91,,1.72,,,,,,,,,
SH-Q5767,brandegeei,QUBR_2023_0935,TCB-07645,11-2025,3/6/2026,D. Barry,silica,FastPrep - 2x 30sec @ 6.0m/s,Scissors,EZNA,Consolidated,0.027,,,,92.9,,,,1.84,,0.31,,,,,,,,,
SH-Q5768,brandegeei,QUBR_2023_0930,TCB-07648,11-2025,3/6/2026,D. Barry,silica,FastPrep - 2x 30sec @ 6.0m/s,Scissors,EZNA,Consolidated,0.031,,,,244.6,,,,1.95,,1.51,,,,,,,,,
SH-Q5769,brandegeei,QUBR_2023_0929,TCB-07650,11-2025,3/6/2026,D. Barry,silica,FastPrep - 2x 30sec @ 6.0m/s,Scissors,EZNA,Consolidated,0.029,,,,170.7,,,,1.96,,1.97,,,,,,,,,
SH-Q5770,brandegeei,QUBR_2023_0924,TCB-07654,11-2025,3/6/2026,D. Barry,silica,FastPrep - 2x 30sec @ 6.0m/s,Scissors,EZNA,Consolidated,0.030,,,,142.8,,,,1.94,,1.10,,,,,,,,,
SH-Q5771,brandegeei,QUBR_2023_0283,TCB-07660,11-2025,3/6/2026,D. Barry,silica,FastPrep - 2x 30sec @ 6.0m/s,Scissors,EZNA,Consolidated,0.037,,,,141.1,,,,1.95,,0.95,,,,,,,,,
SH-Q5772,brandegeei,QUBR_2023_0295,TCB-07661,11-2025,3/6/2026,D. Barry,silica,FastPrep - 2x 30sec @ 6.0m/s,Scissors,EZNA,Consolidated,0.034,,,,92.3,,,,1.92,,1.90,,,,,,,,,
SH-Q5773,brandegeei,QUBR_2023_0298,TCB-07662,11-2025,3/6/2026,D. Barry,silica,FastPrep - 2x 30sec @ 6.0m/s,Scissors,EZNA,Consolidated,0.035,,,,192.0,,,,1.97,,2.00,,,,,,,,,
SH-Q5774,brandegeei,QUBR_2023_0297,TCB-07663,11-2025,3/6/2026,D. Barry,silica,FastPrep - 2x 30sec @ 6.0m/s,Scissors,EZNA,Consolidated,0.025,,,,119.6,,,,1.93,,1.03,,,,,,,,,
SH-Q5775,brandegeei,QUBR_2023_0299,TCB-07664,11-2025,3/6/2026,D. Barry,silica,FastPrep - 2x 30sec @ 6.0m/s,Scissors,EZNA,Consolidated,0.031,,,,127.7,,,,1.87,,0.62,,,,,,,,,
SH-Q5776,brandegeei,QUBR_2023_0300,TCB-07665,11-2025,3/6/2026,D. Barry,silica,FastPrep - 2x 30sec @ 6.0m/s,Scissors,EZNA,Consolidated,0.032,,,,99.9,,,,1.87,,1.18,,,,,,,,,
SH-Q5777,brandegeei,QUBR_2023_0290,TCB-07669,11-2025,3/6/2026,D. Barry,silica,FastPrep - 2x 30sec @ 6.0m/s,Scissors,EZNA,Consolidated,0.029,,,,92.2,,,,1.92,,0.89,,,,,,,,,
SH-Q5778,brandegeei,QUBR_2023_0289,TCB-07671,11-2025,3/6/2026,D. Barry,silica,FastPrep - 2x 30sec @ 6.0m/s,Scissors,EZNA,Consolidated,0.036,,,,106.1,,,,1.88,,1.81,,,,,,,,,
SH-Q5779,brandegeei,QUBR_2023_0282,TCB-07673,11-2025,3/6/2026,D. Barry,silica,FastPrep - 2x 30sec @ 6.0m/s,Scissors,EZNA,Consolidated,0.028,,,,136.6,,,,1.95,,2.13,,,,,,,,,
SH-Q5780,brandegeei,QUBR_2023_0277,TCB-07676,11-2025,3/6/2026,D. Barry,silica,FastPrep - 2x 30sec @ 6.0m/s,Scissors,EZNA,Consolidated,0.035,,,,139.7,,,,1.88,,0.53,,,,,,,,,
SH-Q5781,brandegeei,QUBR_2023_0276,TCB-07677,11-2025,3/6/2026,D. Barry,silica,FastPrep - 2x 30sec @ 6.0m/s,Scissors,EZNA,Consolidated,0.031,,,,115.1,,,,1.85,,0.39,,,,,,,,,
SH-Q5782,brandegeei,QUBR_2023_0270,TCB-07680,11-2025,3/6/2026,D. Barry,silica,FastPrep - 2x 30sec @ 6.0m/s,Scissors,EZNA,Consolidated,0.029,,,,95.0,,,,1.88,,1.66,,,,,,,,,
SH-Q5783,brandegeei,QUBR_2023_0266,TCB-07682,11-2025,3/9/2026,D. Barry,silica,FastPrep - 2x 30sec @ 6.0m/s,Scissors,EZNA,Consolidated,0.032,,,,181.6,,,,1.90,,0.47,,,,,,,,,
SH-Q5784,brandegeei,QUBR_2023_0246,TCB-07684,11-2025,3/9/2026,D. Barry,silica,FastPrep - 2x 30sec @ 6.0m/s,Scissors,EZNA,Consolidated,0.027,,,,197.2,,,,1.89,,0.62,,,,,,,,,
SH-Q5785,brandegeei,QUBR_2023_0238,TCB-07687,11-2025,3/9/2026,D. Barry,silica,FastPrep - 2x 30sec @ 6.0m/s,Scissors,EZNA,Consolidated,0.031,,,,126.5,,,,1.88,,2.14,,,,,,,,,
SH-Q5786,brandegeei,QUBR_2023_0235,TCB-07689,11-2025,3/9/2026,D. Barry,silica,FastPrep - 2x 30sec @ 6.0m/s,Scissors,EZNA,Consolidated,0.029,,,,130.5,,,,1.94,,1.93,,,,,,,,,
SH-Q5787,brandegeei,QUBR_2023_0264,TCB-07692,11-2025,3/9/2026,D. Barry,silica,FastPrep - 2x 30sec @ 6.0m/s,Scissors,EZNA,Consolidated,0.031,,,,137.2,,,,1.89,,0.93,,,,,,,,,
SH-Q5788,brandegeei,QUBR_2023_0227,TCB-07693,11-2025,3/9/2026,D. Barry,silica,FastPrep - 2x 30sec @ 6.0m/s,Scissors,EZNA,Consolidated,0.030,,,,164.6,,,,1.90,,1.97,,,,,,,,,
SH-Q5789,brandegeei,QUBR_2023_0236,TCB-07694,11-2025,3/9/2026,D. Barry,silica,FastPrep - 2x 30sec @ 6.0m/s,Scissors,EZNA,Consolidated,0.037,,,,134.4,,,,1.81,,1.36,,,,,,,,,
SH-Q5790,brandegeei,QUBR_2023_0232,TCB-07695,11-2025,3/9/2026,D. Barry,silica,FastPrep - 2x 30sec @ 6.0m/s,Scissors,EZNA,Consolidated,0.034,,,,131.3,,,,1.82,,0.53,,,,,,,,,
SH-Q5791,brandegeei,QUBR_2023_0228,TCB-07696,11-2025,3/9/2026,D. Barry,silica,FastPrep - 2x 30sec @ 6.0m/s,Scissors,EZNA,Consolidated,0.037,,,,182.3,,,,1.93,,2.23,,,,,,,,,
SH-Q5792,brandegeei,QUBR_2023_0230,TCB-07697,11-2025,3/9/2026,D. Barry,silica,FastPrep - 2x 30sec @ 6.0m/s,Scissors,EZNA,Consolidated,0.035,,,,163.0,,,,1.96,,1.98,,,,,,,,,
SH-Q5793,brandegeei,QUBR_2023_0250,TCB-07700,11-2025,3/9/2026,D. Barry,silica,FastPrep - 2x 30sec @ 6.0m/s,Scissors,EZNA,Consolidated,0.028,,,,133.2,,,,1.93,,1.77,,,,,,,,,
SH-Q5794,brandegeei,QUBR_2023_0240,TCB-07703,11-2025,3/9/2026,D. Barry,silica,FastPrep - 2x 30sec @ 6.0m/s,Scissors,EZNA,Consolidated,0.028,,,,128.2,,,,1.93,,1.44,,,,,,,,,
SH-Q5795,brandegeei,QUBR_2023_0245,TCB-07706,11-2025,3/9/2026,D. Barry,silica,FastPrep - 2x 30sec @ 6.0m/s,Scissors,EZNA,Consolidated,0.033,,,,180.6,,,,1.95,,1.79,,,,,,,,,
SH-Q5796,brandegeei,QUBR_2023_0249,TCB-07708,11-2025,3/9/2026,D. Barry,silica,FastPrep - 2x 30sec @ 6.0m/s,Scissors,EZNA,Consolidated,0.036,,,,123.0,,,,1.92,,1.10,,,,,,,,,
SH-Q5797,brandegeei,QUBR_2023_0254,TCB-07710,11-2025,3/9/2026,D. Barry,silica,FastPrep - 2x 30sec @ 6.0m/s,Scissors,EZNA,Consolidated,0.036,,,,118.2,,,,1.92,,1.68,,,,,,,,,
SH-Q5798,brandegeei,QUBR_2023_0262,TCB-07712,11-2025,3/9/2026,D. Barry,silica,FastPrep - 2x 30sec @ 6.0m/s,Scissors,EZNA,Consolidated,0.026,,,,113.6,,,,1.87,,1.13,,,,,,,,,
SH-Q5799,brandegeei,QUBR_2023_0259,TCB-07713,11-2025,3/9/2026,D. Barry,silica,FastPrep - 2x 30sec @ 6.0m/s,Scissors,EZNA,Consolidated,0.039,,,,162.5,,,,1.93,,1.13,,,,,,,,,
SH-Q5800,brandegeei,QUBR_2023_0255,TCB-07715,11-2025,3/9/2026,D. Barry,silica,FastPrep - 2x 30sec @ 6.0m/s,Scissors,EZNA,Consolidated,0.034,,,,164.1,,,,1.95,,2.35,,,,,,,,,
SH-Q5801,brandegeei,QUBR_2023_0252,TCB-07716,11-2025,3/9/2026,D. Barry,silica,FastPrep - 2x 30sec @ 6.0m/s,Scissors,EZNA,Consolidated,0.033,,,,146.6,,,,1.92,,0.42,,,,,,,,,
SH-Q5802,brandegeei,QUBR_2023_0248,TCB-07717,11-2025,3/9/2026,D. Barry,silica,FastPrep - 2x 30sec @ 6.0m/s,Scissors,EZNA,Consolidated,0.033,,,,194.7,,,,2.00,,1.90,,,,,,,,,
SH-Q5803,brandegeei,QUBR_2023_0258,TCB-07718,11-2025,3/9/2026,D. Barry,silica,FastPrep - 2x 30sec @ 6.0m/s,Scissors,EZNA,Consolidated,0.033,,,,146.2,,,,1.92,,1.12,,,,,,,,,
SH-Q5804,brandegeei,QUBR_2023_0317,TCB-07723,11-2025,3/9/2026,D. Barry,silica,FastPrep - 2x 30sec @ 6.0m/s,Scissors,EZNA,Consolidated,0.029,,,,119.8,,,,1.85,,1.90,,,,,,,,,
SH-Q5805,brandegeei,QUBR_2023_0320,TCB-07725,11-2025,3/9/2026,D. Barry,silica,FastPrep - 2x 30sec @ 6.0m/s,Scissors,EZNA,Consolidated,0.031,,,,98.9,,,,1.77,,0.70,,,,,,,,,
SH-Q5806,brandegeei,QUBR_2023_0313,TCB-07727,11-2025,3/9/2026,D. Barry,silica,FastPrep - 2x 30sec @ 6.0m/s,Scissors,EZNA,Consolidated,0.031,,,,146.9,,,,1.88,,1.39,,,,,,,,,
SH-Q5807,brandegeei,QUBR_2023_0325,TCB-07731,11-2025,3/11/2026,D. Barry,silica,FastPrep - 2x 30sec @ 6.0m/s,Scissors,EZNA,Consolidated,0.033,,,,277.9,,,,2.04,,0.95,,,,,,,,,
SH-Q5808,brandegeei,QUBR_2023_0323,TCB-07733,11-2025,3/11/2026,D. Barry,silica,FastPrep - 2x 30sec @ 6.0m/s,Scissors,EZNA,Consolidated,0.029,,,,105.8,,,,1.85,,1.80,,,,,,,,,
SH-Q5809,brandegeei,QUBR_2023_0324,TCB-07735,11-2025,3/11/2026,D. Barry,silica,FastPrep - 2x 30sec @ 6.0m/s,Scissors,EZNA,Consolidated,0.026,,,,127.8,,,,1.71,,0.88,,,,,,,,,
SH-Q5810,brandegeei,QUBR_2023_0312,TCB-07736,11-2025,3/11/2026,D. Barry,silica,FastPrep - 2x 30sec @ 6.0m/s,Scissors,EZNA,Consolidated,0.029,,,,140.5,,,,1.97,,2.20,,,,,,,,,
SH-Q5811,brandegeei,QUBR_2023_0329,TCB-07738,11-2025,3/11/2026,D. Barry,silica,FastPrep - 2x 30sec @ 6.0m/s,Scissors,EZNA,Consolidated,0.033,,,,179.6,,,,1.92,,1.15,,,,,,,,,
SH-Q5812,brandegeei,QUBR_2023_0328,TCB-07739,11-2025,3/11/2026,D. Barry,silica,FastPrep - 2x 30sec @ 6.0m/s,Scissors,EZNA,Consolidated,0.024,,,,114.8,,,,1.90,,2.14,,,,,,,,,
SH-Q5813,brandegeei,QUBR_2023_0953,TCB-07741,11-2025,3/11/2026,D. Barry,silica,FastPrep - 2x 30sec @ 6.0m/s,Scissors,EZNA,Consolidated,0.027,,,,103.4,,,,1.88,,1.35,,,,,,,,,
SH-Q5814,brandegeei,QUBR_2023_0959,TCB-07742,11-2025,3/11/2026,D. Barry,silica,FastPrep - 2x 30sec @ 6.0m/s,Scissors,EZNA,Consolidated,0.030,,,,115.4,,,,1.89,,0.40,,,,,,,,,
SH-Q5815,brandegeei,QUBR_2023_0958,TCB-07743,11-2025,3/11/2026,D. Barry,silica,FastPrep - 2x 30sec @ 6.0m/s,Scissors,EZNA,Consolidated,0.032,,,,120.0,,,,1.91,,2.09,,,,,,,,,
SH-Q5816,brandegeei,QUBR_2023_0965,TCB-07745,11-2025,3/11/2026,D. Barry,silica,FastPrep - 2x 30sec @ 6.0m/s,Scissors,EZNA,Consolidated,0.028,,,,121.8,,,,1.87,,1.85,,,,,,,,,
SH-Q5817,brandegeei,QUBR_2023_0963,TCB-07748,11-2025,3/11/2026,D. Barry,silica,FastPrep - 2x 30sec @ 6.0m/s,Scissors,EZNA,Consolidated,0.027,,,,110.5,,,,1.84,,0.65,,,,,,,,,
SH-Q5818,brandegeei,QUBR_2023_0952,TCB-07749,11-2025,3/11/2026,D. Barry,silica,FastPrep - 2x 30sec @ 6.0m/s,Scissors,EZNA,Consolidated,0.031,,,,95.9,,,,1.90,,0.84,,,,,,,,,
SH-Q5819,brandegeei,QUBR_2023_0774,TCB-07751,11-2025,3/11/2026,D. Barry,silica,FastPrep - 2x 30sec @ 6.0m/s,Scissors,EZNA,Consolidated,0.033,,,,127.6,,,,1.93,,1.82,,,,,,,,,
SH-Q5820,brandegeei,QUBR_2023_0778,TCB-07752,11-2025,3/11/2026,D. Barry,silica,FastPrep - 2x 30sec @ 6.0m/s,Scissors,EZNA,Consolidated,0.024,,,,119.2,,,,1.89,,2.15,,,,,,,,,
SH-Q5821,brandegeei,QUBR_2023_0779,TCB-07755,11-2025,3/11/2026,D. Barry,silica,FastPrep - 2x 30sec @ 6.0m/s,Scissors,EZNA,Consolidated,0.029,,,,151.5,,,,1.99,,1.61,,,,,,,,,
SH-Q5822,brandegeei,QUBR_2023_0776,TCB-07756,11-2025,3/11/2026,D. Barry,silica,FastPrep - 2x 30sec @ 6.0m/s,Scissors,EZNA,Consolidated,0.035,,,,124.0,,,,1.94,,1.52,,,,,,,,,
SH-Q5823,brandegeei,QUBR_2023_0799,TCB-07761,11-2025,3/11/2026,D. Barry,silica,FastPrep - 2x 30sec @ 6.0m/s,Scissors,EZNA,Consolidated,0.031,,,,117.2,,,,1.94,,1.56,,,,,,,,,
SH-Q5824,brandegeei,QUBR_2023_0960,TCB-07762,11-2025,3/11/2026,D. Barry,silica,FastPrep - 2x 30sec @ 6.0m/s,Scissors,EZNA,Consolidated,0.031,,,,117.5,,,,1.90,,2.22,,,,,,,,,
SH-Q5825,brandegeei,QUBR_2023_0955,TCB-07763,11-2025,3/11/2026,D. Barry,silica,FastPrep - 2x 30sec @ 6.0m/s,Scissors,EZNA,Consolidated,0.029,,,,108.6,,,,1.88,,0.49,,,,,,,,,
SH-Q5826,brandegeei,QUBR_2023_0789,TCB-07768,11-2025,3/11/2026,D. Barry,silica,FastPrep - 2x 30sec @ 6.0m/s,Scissors,EZNA,Consolidated,0.032,,,,96.6,,,,1.84,,1.00,,,,,,,,,
SH-Q5827,brandegeei,QUBR_2023_0785,TCB-07770,11-2025,3/11/2026,D. Barry,silica,FastPrep - 2x 30sec @ 6.0m/s,Scissors,EZNA,Consolidated,0.031,,,,107.8,,,,1.88,,1.02,,,,,,,,,
SH-Q5828,brandegeei,QUBR_2023_0788,TCB-07772,11-2025,3/11/2026,D. Barry,silica,FastPrep - 2x 30sec @ 6.0m/s,Scissors,EZNA,Consolidated,0.030,,,,147.4,,,,1.78,,0.33,,,,,,,,,
SH-Q5829,brandegeei,QUBR_2023_0957,TCB-07773,11-2025,3/11/2026,D. Barry,silica,FastPrep - 2x 30sec @ 6.0m/s,Scissors,EZNA,Consolidated,0.032,,,,107.1,,,,1.87,,0.75,,,,,,,,,
SH-Q5830,brandegeei,QUBR_2023_0766,TCB-07774,11-2025,3/11/2026,D. Barry,silica,FastPrep - 2x 30sec @ 6.0m/s,Scissors,EZNA,Consolidated,0.022,,,,115.0,,,,1.86,,1.89,,,,,,,,,
SH-Q5831,brandegeei,QUBR_2024_0433,TCB-07778,11-2025,2026_03_13 - QUBR - Tissue cutting - SH-Q_5831 - SH-Q_5854 - Completed.pdf,D. Barry,silica,FastPrep - 2x 30sec @ 6.0m/s,Scissors,EZNA,Consolidated,0.033,,,,,,,,,,,,,,,,,,,
SH-Q5832,brandegeei,QUBR_2024_0420,TCB-07779,11-2025,3/13/2026,D. Barry,silica,FastPrep - 2x 30sec @ 6.0m/s,Scissors,EZNA,Consolidated,0.029,,,,,,,,,,,,,,,,,,,
SH-Q5833,brandegeei,QUBR_2024_0429,TCB-07780,11-2025,3/13/2026,D. Barry,silica,FastPrep - 2x 30sec @ 6.0m/s,Scissors,EZNA,Consolidated,0.026,,,,,,,,,,,,,,,,,,,
SH-Q5834,brandegeei,QUBR_2024_0428,TCB-07781,11-2025,3/13/2026,D. Barry,silica,FastPrep - 2x 30sec @ 6.0m/s,Scissors,EZNA,Consolidated,0.029,,,,,,,,,,,,,,,,,,,
SH-Q5835,brandegeei,QUBR_2024_0435,TCB-07782,11-2025,3/13/2026,D. Barry,silica,FastPrep - 2x 30sec @ 6.0m/s,Scissors,EZNA,Consolidated,0.033,,,,,,,,,,,,,,,,,,,
SH-Q5836,brandegeei,QUBR_2024_0436,TCB-07783,11-2025,3/13/2026,D. Barry,silica,FastPrep - 2x 30sec @ 6.0m/s,Scissors,EZNA,Consolidated,0.024,,,,,,,,,,,,,,,,,,,
SH-Q5837,brandegeei,QUBR_2024_0424,TCB-07784,11-2025,3/13/2026,D. Barry,silica,FastPrep - 2x 30sec @ 6.0m/s,Scissors,EZNA,Consolidated,0.027,,,,,,,,,,,,,,,,,,,
SH-Q5838,brandegeei,QUBR_2024_0421,TCB-07785,11-2025,3/13/2026,D. Barry,silica,FastPrep - 2x 30sec @ 6.0m/s,Scissors,EZNA,Consolidated,0.030,,,,,,,,,,,,,,,,,,,
SH-Q5839,brandegeei,QUBR_2024_0416,TCB-07786,11-2025,3/13/2026,D. Barry,silica,FastPrep - 2x 30sec @ 6.0m/s,Scissors,EZNA,Consolidated,0.032,,,,,,,,,,,,,,,,,,,
SH-Q5840,brandegeei,QUBR_2024_0434,TCB-07787,11-2025,3/13/2026,D. Barry,silica,FastPrep - 2x 30sec @ 6.0m/s,Scissors,EZNA,Consolidated,0.028,,,,,,,,,,,,,,,,,,,
SH-Q5841,brandegeei,QUBR_2024_0417,TCB-07788,11-2025,3/13/2026,D. Barry,silica,FastPrep - 2x 30sec @ 6.0m/s,Scissors,EZNA,Consolidated,0.027,,,,,,,,,,,,,,,,,,,
SH-Q5842,brandegeei,QUBR_2024_0426,TCB-07789,11-2025,3/13/2026,D. Barry,silica,FastPrep - 2x 30sec @ 6.0m/s,Scissors,EZNA,Consolidated,0.031,,,,,,,,,,,,,,,,,,,
SH-Q5843,brandegeei,QUBR_2024_0415,TCB-07790,11-2025,3/13/2026,D. Barry,silica,FastPrep - 2x 30sec @ 6.0m/s,Scissors,EZNA,Consolidated,0.033,,,,,,,,,,,,,,,,,,,
SH-Q5844,brandegeei,QUBR_2024_0425,TCB-07806,11-2025,3/13/2026,D. Barry,silica,FastPrep - 2x 30sec @ 6.0m/s,Scissors,EZNA,Consolidated,0.024,,,,,,,,,,,,,,,,,,,
SH-Q5845,brandegeei,QUBR_2024_0452,TCB-07807,11-2025,3/13/2026,D. Barry,silica,FastPrep - 2x 30sec @ 6.0m/s,Scissors,EZNA,Consolidated,0.029,,,,,,,,,,,,,,,,,,,
SH-Q5846,brandegeei,QUBR_2024_0457,TCB-07808,11-2025,3/13/2026,D. Barry,silica,FastPrep - 2x 30sec @ 6.0m/s,Scissors,EZNA,Consolidated,0.035,,,,,,,,,,,,,,,,,,,
SH-Q5847,brandegeei,QUBR_2024_0447,TCB-07810,11-2025,3/13/2026,D. Barry,silica,FastPrep - 2x 30sec @ 6.0m/s,Scissors,EZNA,Consolidated,0.031,,,,,,,,,,,,,,,,,,,
SH-Q5848,brandegeei,QUBR_2024_0440,TCB-07811,11-2025,3/13/2026,D. Barry,silica,FastPrep - 2x 30sec @ 6.0m/s,Scissors,EZNA,Consolidated,0.031,,,,,,,,,,,,,,,,,,,
SH-Q5849,brandegeei,QUBR_2024_0427,TCB-07812,11-2025,3/13/2026,D. Barry,silica,FastPrep - 2x 30sec @ 6.0m/s,Scissors,EZNA,Consolidated,0.029,,,,,,,,,,,,,,,,,,,
SH-Q5850,brandegeei,QUBR_2024_0437,TCB-07813,11-2025,3/13/2026,D. Barry,silica,FastPrep - 2x 30sec @ 6.0m/s,Scissors,EZNA,Consolidated,0.032,,,,,,,,,,,,,,,,,,,
SH-Q5851,brandegeei,QUBR_2024_0430,TCB-07814,11-2025,3/13/2026,D. Barry,silica,FastPrep - 2x 30sec @ 6.0m/s,Scissors,EZNA,Consolidated,0.031,,,,,,,,,,,,,,,,,,,
SH-Q5852,brandegeei,QUBR_2024_0456,TCB-07815,11-2025,3/13/2026,D. Barry,silica,FastPrep - 2x 30sec @ 6.0m/s,Scissors,EZNA,Consolidated,0.030,,,,,,,,,,,,,,,,,,,
SH-Q5853,brandegeei,QUBR_2024_0451,TCB-07816,11-2025,3/13/2026,D. Barry,silica,FastPrep - 2x 30sec @ 6.0m/s,Scissors,EZNA,Consolidated,0.032,,,,,,,,,,,,,,,,,,,
SH-Q5854,brandegeei,QUBR_2024_0453,TCB-07817,11-2025,3/13/2026,D. Barry,silica,FastPrep - 2x 30sec @ 6.0m/s,Scissors,EZNA,Consolidated,0.022,,,,,,,,,,,,,,,,,,,
SH-Q5855,brandegeei,QUBR_2024_0444,TCB-07818,11-2025,2026_03_16 - QUBR - Tissue cutting - SH-Q_5855 - SH-Q_5878 - Completed.pdf,D. Barry,silica,FastPrep - 2x 30sec @ 6.0m/s,Scissors,EZNA,Consolidated,0.034,,,,,,,,,,,,,,,,,,,
SH-Q5856,brandegeei,QUBR_2024_0450,TCB-07819,11-2025,3/16/2026,D. Barry,silica,FastPrep - 2x 30sec @ 6.0m/s,Scissors,EZNA,Consolidated,0.036,,,,,,,,,,,,,,,,,,,
SH-Q5857,brandegeei,QUBR_2024_0443,TCB-07820,11-2025,3/16/2026,D. Barry,silica,FastPrep - 2x 30sec @ 6.0m/s,Scissors,EZNA,Consolidated,0.029,,,,,,,,,,,,,,,,,,,
SH-Q5858,brandegeei,QUBR_2024_0439,TCB-07821,11-2025,3/16/2026,D. Barry,silica,FastPrep - 2x 30sec @ 6.0m/s,Scissors,EZNA,Consolidated,0.035,,,,,,,,,,,,,,,,,,,
SH-Q5859,brandegeei,QUBR_2024_0455,TCB-07822,11-2025,3/16/2026,D. Barry,silica,FastPrep - 2x 30sec @ 6.0m/s,Scissors,EZNA,Consolidated,0.034,,,,,,,,,,,,,,,,,,,
SH-Q5860,brandegeei,QUBR_2024_0458,TCB-07823,11-2025,3/16/2026,D. Barry,silica,FastPrep - 2x 30sec @ 6.0m/s,Scissors,EZNA,Consolidated,0.025,,,,,,,,,,,,,,,,,,,
SH-Q5861,brandegeei,QUBR_2024_0414,TCB-07824,11-2025,3/16/2026,D. Barry,silica,FastPrep - 2x 30sec @ 6.0m/s,Scissors,EZNA,Consolidated,0.031,,,,,,,,,,,,,,,,,,,
SH-Q5862,brandegeei,QUBR_2024_0413,TCB-07825,11-2025,3/16/2026,D. Barry,silica,FastPrep - 2x 30sec @ 6.0m/s,Scissors,EZNA,Consolidated,0.027,,,,,,,,,,,,,,,,,,,
SH-Q5863,brandegeei,QUBR_2024_0438,TCB-07826,11-2025,3/16/2026,D. Barry,silica,FastPrep - 2x 30sec @ 6.0m/s,Scissors,EZNA,Consolidated,0.031,,,,,,,,,,,,,,,,,,,
SH-Q5864,brandegeei,QUBR_2024_0442,TCB-07827,11-2025,3/16/2026,D. Barry,silica,FastPrep - 2x 30sec @ 6.0m/s,Scissors,EZNA,Consolidated,0.035,,,,,,,,,,,,,,,,,,,
SH-Q5865,brandegeei,QUBR_2024_0446,TCB-07830,11-2025,3/16/2026,D. Barry,silica,FastPrep - 2x 30sec @ 6.0m/s,Scissors,EZNA,Consolidated,0.039,,,,,,,,,,,,,,,,,,,
SH-Q5866,brandegeei,QUBR_2024_0448,TCB-07832,11-2025,3/16/2026,D. Barry,silica,FastPrep - 2x 30sec @ 6.0m/s,Scissors,EZNA,Consolidated,0.031,,,,,,,,,,,,,,,,,,,
SH-Q5867,brandegeei,QUBR_2024_0412,TCB-07834,11-2025,3/16/2026,D. Barry,silica,FastPrep - 2x 30sec @ 6.0m/s,Scissors,EZNA,Consolidated,0.030,,,,,,,,,,,,,,,,,,,
SH-Q5868,brandegeei,QUBR_2024_0423,TCB-07835,11-2025,3/16/2026,D. Barry,silica,FastPrep - 2x 30sec @ 6.0m/s,Scissors,EZNA,Consolidated,0.028,,,,,,,,,,,,,,,,,,,
SH-Q5869,brandegeei,QUBR_2024_0445,TCB-07836,11-2025,3/16/2026,D. Barry,silica,FastPrep - 2x 30sec @ 6.0m/s,Scissors,EZNA,Consolidated,0.032,,,,,,,,,,,,,,,,,,,
SH-Q5870,brandegeei,QUBR_2024_0410,TCB-07837,11-2025,3/16/2026,D. Barry,silica,FastPrep - 2x 30sec @ 6.0m/s,Scissors,EZNA,Consolidated,0.025,,,,,,,,,,,,,,,,,,,
SH-Q5871,brandegeei,QUBR_2024_0422,TCB-07838,11-2025,3/16/2026,D. Barry,silica,FastPrep - 2x 30sec @ 6.0m/s,Scissors,EZNA,Consolidated,0.033,,,,,,,,,,,,,,,,,,,
SH-Q5872,brandegeei,QUBR_2024_0411,TCB-07839,11-2025,3/16/2026,D. Barry,silica,FastPrep - 2x 30sec @ 6.0m/s,Scissors,EZNA,Consolidated,0.029,,,,,,,,,,,,,,,,,,,
SH-Q5873,brandegeei,QUBR_2024_0409,TCB-07840,11-2025,3/16/2026,D. Barry,silica,FastPrep - 2x 30sec @ 6.0m/s,Scissors,EZNA,Consolidated,0.034,,,,,,,,,,,,,,,,,,,
SH-Q5874,brandegeei,QUBR_2024_0408,TCB-07841,11-2025,3/16/2026,D. Barry,silica,FastPrep - 2x 30sec @ 6.0m/s,Scissors,EZNA,Consolidated,0.028,,,,,,,,,,,,,,,,,,,
SH-Q5875,brandegeei,QUBR_2024_0406,TCB-07842,11-2025,3/16/2026,D. Barry,silica,FastPrep - 2x 30sec @ 6.0m/s,Scissors,EZNA,Consolidated,0.036,,,,,,,,,,,,,,,,,,,
SH-Q5876,brandegeei,QUBR_2024_0405,TCB-07843,11-2025,3/16/2026,D. Barry,silica,FastPrep - 2x 30sec @ 6.0m/s,Scissors,EZNA,Consolidated,0.027,,,,,,,,,,,,,,,,,,,
SH-Q5877,brandegeei,QUBR_2024_0404,TCB-07844,11-2025,3/16/2026,D. Barry,silica,FastPrep - 2x 30sec @ 6.0m/s,Scissors,EZNA,Consolidated,0.036,,,,,,,,,,,,,,,,,,,
SH-Q5878,brandegeei,QUBR_2024_0403,TCB-07845,11-2025,3/16/2026,D. Barry,silica,FastPrep - 2x 30sec @ 6.0m/s,Scissors,EZNA,Consolidated,0.031,,,,,,,,,,,,,,,,,,,
SH-Q5879,brandegeei,QUBR_2024_0401,TCB-07846,11-2025,3/18/2026,D. Barry,silica,FastPrep - 2x 30sec @ 6.0m/s,Scissors,EZNA,Consolidated,,,,,,,,,,,,,,,,,,,,
SH-Q5880,brandegeei,QUBR_2024_0744,TCB-07847,11-2025,3/18/2026,D. Barry,silica,FastPrep - 2x 30sec @ 6.0m/s,Scissors,EZNA,Consolidated,,,,,,,,,,,,,,,,,,,,
SH-Q5881,brandegeei,QUBR_2024_0756,TCB-07849,11-2025,3/18/2026,D. Barry,silica,FastPrep - 2x 30sec @ 6.0m/s,Scissors,EZNA,Consolidated,,,,,,,,,,,,,,,,,,,,
SH-Q5882,brandegeei,QUBR_2024_0185,TCB-07850,11-2025,3/18/2026,D. Barry,silica,FastPrep - 2x 30sec @ 6.0m/s,Scissors,EZNA,Consolidated,,,,,,,,,,,,,,,,,,,,
SH-Q5883,brandegeei,QUBR_2024_0183,TCB-07851,11-2025,3/18/2026,D. Barry,silica,FastPrep - 2x 30sec @ 6.0m/s,Scissors,EZNA,Consolidated,,,,,,,,,,,,,,,,,,,,
SH-Q5884,brandegeei,QUBR_2024_0184,TCB-07852,11-2025,3/18/2026,D. Barry,silica,FastPrep - 2x 30sec @ 6.0m/s,Scissors,EZNA,Consolidated,,,,,,,,,,,,,,,,,,,,
SH-Q5885,brandegeei,QUBR_2024_0181,TCB-07853,11-2025,3/18/2026,D. Barry,silica,FastPrep - 2x 30sec @ 6.0m/s,Scissors,EZNA,Consolidated,,,,,,,,,,,,,,,,,,,,
SH-Q5886,brandegeei,QUBR_2024_0182,TCB-07854,11-2025,3/18/2026,D. Barry,silica,FastPrep - 2x 30sec @ 6.0m/s,Scissors,EZNA,Consolidated,,,,,,,,,,,,,,,,,,,,
SH-Q5887,brandegeei,QUBR_2024_0156,TCB-07855,11-2025,3/18/2026,D. Barry,silica,FastPrep - 2x 30sec @ 6.0m/s,Scissors,EZNA,Consolidated,,,,,,,,,,,,,,,,,,,,
SH-Q5888,brandegeei,QUBR_2024_0180,TCB-07856,11-2025,3/18/2026,D. Barry,silica,FastPrep - 2x 30sec @ 6.0m/s,Scissors,EZNA,Consolidated,,,,,,,,,,,,,,,,,,,,
SH-Q5889,brandegeei,QUBR_2024_0178,TCB-07857,11-2025,3/18/2026,D. Barry,silica,FastPrep - 2x 30sec @ 6.0m/s,Scissors,EZNA,Consolidated,,,,,,,,,,,,,,,,,,,,
SH-Q5890,brandegeei,QUBR_2024_0176,TCB-07858,11-2025,3/18/2026,D. Barry,silica,FastPrep - 2x 30sec @ 6.0m/s,Scissors,EZNA,Consolidated,,,,,,,,,,,,,,,,,,,,
SH-Q5891,brandegeei,QUBR_2024_0177,TCB-07859,11-2025,3/18/2026,D. Barry,silica,FastPrep - 2x 30sec @ 6.0m/s,Scissors,EZNA,Consolidated,,,,,,,,,,,,,,,,,,,,
SH-Q5892,brandegeei,QUBR_2024_0179,TCB-07860,11-2025,3/18/2026,D. Barry,silica,FastPrep - 2x 30sec @ 6.0m/s,Scissors,EZNA,Consolidated,,,,,,,,,,,,,,,,,,,,
SH-Q5893,brandegeei,QUBR_2024_0175,TCB-07861,11-2025,3/18/2026,D. Barry,silica,FastPrep - 2x 30sec @ 6.0m/s,Scissors,EZNA,Consolidated,,,,,,,,,,,,,,,,,,,,
SH-Q5894,brandegeei,QUBR_2024_0173,TCB-07864,11-2025,3/18/2026,D. Barry,silica,FastPrep - 2x 30sec @ 6.0m/s,Scissors,EZNA,Consolidated,,,,,,,,,,,,,,,,,,,,
SH-Q5895,brandegeei,QUBR_2024_0171,TCB-07865,11-2025,3/18/2026,D. Barry,silica,FastPrep - 2x 30sec @ 6.0m/s,Scissors,EZNA,Consolidated,,,,,,,,,,,,,,,,,,,,
SH-Q5896,brandegeei,QUBR_2024_0168,TCB-07866,11-2025,3/18/2026,D. Barry,silica,FastPrep - 2x 30sec @ 6.0m/s,Scissors,EZNA,Consolidated,,,,,,,,,,,,,,,,,,,,
SH-Q5897,brandegeei,QUBR_2024_0172,TCB-07867,11-2025,3/18/2026,D. Barry,silica,FastPrep - 2x 30sec @ 6.0m/s,Scissors,EZNA,Consolidated,,,,,,,,,,,,,,,,,,,,
SH-Q5898,brandegeei,QUBR_2024_0169,TCB-07868,11-2025,3/18/2026,D. Barry,silica,FastPrep - 2x 30sec @ 6.0m/s,Scissors,EZNA,Consolidated,,,,,,,,,,,,,,,,,,,,
SH-Q5899,brandegeei,QUBR_2024_0167,TCB-07869,11-2025,3/18/2026,D. Barry,silica,FastPrep - 2x 30sec @ 6.0m/s,Scissors,EZNA,Consolidated,,,,,,,,,,,,,,,,,,,,
SH-Q5900,brandegeei,QUBR_2024_0165,TCB-07871,11-2025,3/18/2026,D. Barry,silica,FastPrep - 2x 30sec @ 6.0m/s,Scissors,EZNA,Consolidated,,,,,,,,,,,,,,,,,,,,
SH-Q5901,brandegeei,QUBR_2024_0163,TCB-07872,11-2025,3/18/2026,D. Barry,silica,FastPrep - 2x 30sec @ 6.0m/s,Scissors,EZNA,Consolidated,,,,,,,,,,,,,,,,,,,,
SH-Q5902,brandegeei,QUBR_2024_0161,TCB-07873,11-2025,3/18/2026,D. Barry,silica,FastPrep - 2x 30sec @ 6.0m/s,Scissors,EZNA,Consolidated,,,,,,,,,,,,,,,,,,,,
SH-Q5903,brandegeei,QUBR_2024_0159,TCB-07874,11-2025,3/20/2026,D. Barry,silica,FastPrep - 2x 30sec @ 6.0m/s,Scissors,EZNA,Consolidated,,,,,,,,,,,,,,,,,,,,
SH-Q5904,brandegeei,QUBR_2024_0157,TCB-07876,11-2025,3/20/2026,D. Barry,silica,FastPrep - 2x 30sec @ 6.0m/s,Scissors,EZNA,Consolidated,,,,,,,,,,,,,,,,,,,,
SH-Q5905,brandegeei,QUBR_2024_0164,TCB-07877,11-2025,3/20/2026,D. Barry,silica,FastPrep - 2x 30sec @ 6.0m/s,Scissors,EZNA,Consolidated,,,,,,,,,,,,,,,,,,,,
SH-Q5906,brandegeei,QUBR_2024_0154,TCB-07878,11-2025,3/20/2026,D. Barry,silica,FastPrep - 2x 30sec @ 6.0m/s,Scissors,EZNA,Consolidated,,,,,,,,,,,,,,,,,,,,
SH-Q5907,brandegeei,QUBR_2024_0153,TCB-07879,11-2025,3/20/2026,D. Barry,silica,FastPrep - 2x 30sec @ 6.0m/s,Scissors,EZNA,Consolidated,,,,,,,,,,,,,,,,,,,,
SH-Q5908,brandegeei,QUBR_2024_0162,TCB-07880,11-2025,3/20/2026,D. Barry,silica,FastPrep - 2x 30sec @ 6.0m/s,Scissors,EZNA,Consolidated,,,,,,,,,,,,,,,,,,,,
SH-Q5909,brandegeei,QUBR_2024_0160,TCB-07881,11-2025,3/20/2026,D. Barry,silica,FastPrep - 2x 30sec @ 6.0m/s,Scissors,EZNA,Consolidated,,,,,,,,,,,,,,,,,,,,
SH-Q5910,brandegeei,QUBR_2024_0152,TCB-07882,11-2025,3/20/2026,D. Barry,silica,FastPrep - 2x 30sec @ 6.0m/s,Scissors,EZNA,Consolidated,,,,,,,,,,,,,,,,,,,,
SH-Q5911,brandegeei,QUBR_2024_0148,TCB-07883,11-2025,3/20/2026,D. Barry,silica,FastPrep - 2x 30sec @ 6.0m/s,Scissors,EZNA,Consolidated,,,,,,,,,,,,,,,,,,,,
SH-Q5912,brandegeei,QUBR_2024_0155,TCB-07884,11-2025,3/20/2026,D. Barry,silica,FastPrep - 2x 30sec @ 6.0m/s,Scissors,EZNA,Consolidated,,,,,,,,,,,,,,,,,,,,
SH-Q5913,brandegeei,QUBR_2024_0149,TCB-07886,11-2025,3/20/2026,D. Barry,silica,FastPrep - 2x 30sec @ 6.0m/s,Scissors,EZNA,Consolidated,,,,,,,,,,,,,,,,,,,,
SH-Q5914,brandegeei,QUBR_2024_0150,TCB-07887,11-2025,3/20/2026,D. Barry,silica,FastPrep - 2x 30sec @ 6.0m/s,Scissors,EZNA,Consolidated,,,,,,,,,,,,,,,,,,,,
SH-Q5915,brandegeei,QUBR_2024_0145,TCB-07890,11-2025,3/20/2026,D. Barry,silica,FastPrep - 2x 30sec @ 6.0m/s,Scissors,EZNA,Consolidated,,,,,,,,,,,,,,,,,,,,
SH-Q5916,brandegeei,QUBR_2024_0144,TCB-07891,11-2025,3/20/2026,D. Barry,silica,FastPrep - 2x 30sec @ 6.0m/s,Scissors,EZNA,Consolidated,,,,,,,,,,,,,,,,,,,,
SH-Q5917,brandegeei,QUBR_2024_0142,TCB-07892,11-2025,3/20/2026,D. Barry,silica,FastPrep - 2x 30sec @ 6.0m/s,Scissors,EZNA,Consolidated,,,,,,,,,,,,,,,,,,,,
SH-Q5918,brandegeei,QUBR_2024_0141,TCB-07893,11-2025,3/20/2026,D. Barry,silica,FastPrep - 2x 30sec @ 6.0m/s,Scissors,EZNA,Consolidated,,,,,,,,,,,,,,,,,,,,
SH-Q5919,brandegeei,QUBR_2024_0139,TCB-07894,11-2025,3/20/2026,D. Barry,silica,FastPrep - 2x 30sec @ 6.0m/s,Scissors,EZNA,Consolidated,,,,,,,,,,,,,,,,,,,,
SH-Q5920,brandegeei,QUBR_2024_0137,TCB-07895,11-2025,3/20/2026,D. Barry,silica,FastPrep - 2x 30sec @ 6.0m/s,Scissors,EZNA,Consolidated,,,,,,,,,,,,,,,,,,,,
SH-Q5921,brandegeei,QUBR_2024_0143,TCB-07896,11-2025,3/20/2026,D. Barry,silica,FastPrep - 2x 30sec @ 6.0m/s,Scissors,EZNA,Consolidated,,,,,,,,,,,,,,,,,,,,
SH-Q5922,brandegeei,QUBR_2024_0136,TCB-07897,11-2025,3/20/2026,D. Barry,silica,FastPrep - 2x 30sec @ 6.0m/s,Scissors,EZNA,Consolidated,,,,,,,,,,,,,,,,,,,,
SH-Q5923,brandegeei,QUBR_2024_0138,TCB-07898,11-2025,3/20/2026,D. Barry,silica,FastPrep - 2x 30sec @ 6.0m/s,Scissors,EZNA,Consolidated,,,,,,,,,,,,,,,,,,,,
SH-Q5924,brandegeei,QUBR_2024_0140,TCB-07899,11-2025,3/20/2026,D. Barry,silica,FastPrep - 2x 30sec @ 6.0m/s,Scissors,EZNA,Consolidated,,,,,,,,,,,,,,,,,,,,
SH-Q5925,brandegeei,QUBR_2024_0135,TCB-07900,11-2025,3/20/2026,D. Barry,silica,FastPrep - 2x 30sec @ 6.0m/s,Scissors,EZNA,Consolidated,,,,,,,,,,,,,,,,,,,,
SH-Q5926,brandegeei,QUBR_2024_0133,TCB-07901,11-2025,3/20/2026,D. Barry,silica,FastPrep - 2x 30sec @ 6.0m/s,Scissors,EZNA,Consolidated,,,,,,,,,,,,,,,,,,,,
SH-Q5927,brandegeei,QUBR_2024_0131,TCB-07902,11-2025,3/23/2026,D. Barry,silica,FastPrep - 2x 30sec @ 6.0m/s,Scissors,EZNA,Consolidated,,,,,,,,,,,,,,,,,,,,
SH-Q5928,brandegeei,QUBR_2024_0134,TCB-07904,11-2025,3/23/2026,D. Barry,silica,FastPrep - 2x 30sec @ 6.0m/s,Scissors,EZNA,Consolidated,,,,,,,,,,,,,,,,,,,,
SH-Q5929,brandegeei,QUBR_2024_0130,TCB-07905,11-2025,3/23/2026,D. Barry,silica,FastPrep - 2x 30sec @ 6.0m/s,Scissors,EZNA,Consolidated,,,,,,,,,,,,,,,,,,,,
SH-Q5930,brandegeei,QUBR_2024_0129,TCB-07906,11-2025,3/23/2026,D. Barry,silica,FastPrep - 2x 30sec @ 6.0m/s,Scissors,EZNA,Consolidated,,,,,,,,,,,,,,,,,,,,
SH-Q5931,brandegeei,QUBR_2024_0128,TCB-07907,11-2025,3/23/2026,D. Barry,silica,FastPrep - 2x 30sec @ 6.0m/s,Scissors,EZNA,Consolidated,,,,,,,,,,,,,,,,,,,,
SH-Q5932,brandegeei,QUBR_2024_0127,TCB-07908,11-2025,3/23/2026,D. Barry,silica,FastPrep - 2x 30sec @ 6.0m/s,Scissors,EZNA,Consolidated,,,,,,,,,,,,,,,,,,,,
SH-Q5933,brandegeei,QUBR_2024_0126,TCB-07909,11-2025,3/23/2026,D. Barry,silica,FastPrep - 2x 30sec @ 6.0m/s,Scissors,EZNA,Consolidated,,,,,,,,,,,,,,,,,,,,
SH-Q5934,brandegeei,QUBR_2024_0125,TCB-07910,11-2025,3/23/2026,D. Barry,silica,FastPrep - 2x 30sec @ 6.0m/s,Scissors,EZNA,Consolidated,,,,,,,,,,,,,,,,,,,,
SH-Q5935,brandegeei,QUBR_2024_0124,TCB-07911,11-2025,3/23/2026,D. Barry,silica,FastPrep - 2x 30sec @ 6.0m/s,Scissors,EZNA,Consolidated,,,,,,,,,,,,,,,,,,,,
SH-Q5936,brandegeei,QUBR_2024_0123,TCB-07912,11-2025,3/23/2026,D. Barry,silica,FastPrep - 2x 30sec @ 6.0m/s,Scissors,EZNA,Consolidated,,,,,,,,,,,,,,,,,,,,
SH-Q5937,brandegeei,QUBR_2024_0120,TCB-07913,11-2025,3/23/2026,D. Barry,silica,FastPrep - 2x 30sec @ 6.0m/s,Scissors,EZNA,Consolidated,,,,,,,,,,,,,,,,,,,,
SH-Q5938,brandegeei,QUBR_2024_0122,TCB-07914,11-2025,3/23/2026,D. Barry,silica,FastPrep - 2x 30sec @ 6.0m/s,Scissors,EZNA,Consolidated,,,,,,,,,,,,,,,,,,,,
SH-Q5939,brandegeei,QUBR_2024_0121,TCB-07915,11-2025,3/23/2026,D. Barry,silica,FastPrep - 2x 30sec @ 6.0m/s,Scissors,EZNA,Consolidated,,,,,,,,,,,,,,,,,,,,
SH-Q5940,brandegeei,QUBR_2024_0118,TCB-07916,11-2025,3/23/2026,D. Barry,silica,FastPrep - 2x 30sec @ 6.0m/s,Scissors,EZNA,Consolidated,,,,,,,,,,,,,,,,,,,,
SH-Q5941,brandegeei,QUBR_2024_0116,TCB-07917,11-2025,3/23/2026,D. Barry,silica,FastPrep - 2x 30sec @ 6.0m/s,Scissors,EZNA,Consolidated,,,,,,,,,,,,,,,,,,,,
SH-Q5942,brandegeei,QUBR_2024_0112,TCB-07918,11-2025,3/23/2026,D. Barry,silica,FastPrep - 2x 30sec @ 6.0m/s,Scissors,EZNA,Consolidated,,,,,,,,,,,,,,,,,,,,
SH-Q5943,brandegeei,QUBR_2024_0117,TCB-07919,11-2025,3/23/2026,D. Barry,silica,FastPrep - 2x 30sec @ 6.0m/s,Scissors,EZNA,Consolidated,,,,,,,,,,,,,,,,,,,,
SH-Q5944,brandegeei,QUBR_2024_0113,TCB-07920,11-2025,3/23/2026,D. Barry,silica,FastPrep - 2x 30sec @ 6.0m/s,Scissors,EZNA,Consolidated,,,,,,,,,,,,,,,,,,,,
SH-Q5945,brandegeei,QUBR_2024_0115,TCB-07921,11-2025,3/23/2026,D. Barry,silica,FastPrep - 2x 30sec @ 6.0m/s,Scissors,EZNA,Consolidated,,,,,,,,,,,,,,,,,,,,
SH-Q5946,brandegeei,QUBR_2024_0114,TCB-07923,11-2025,3/23/2026,D. Barry,silica,FastPrep - 2x 30sec @ 6.0m/s,Scissors,EZNA,Consolidated,,,,,,,,,,,,,,,,,,,,
SH-Q5947,brandegeei,QUBR_2024_0755,TCB-07924,11-2025,3/23/2026,D. Barry,silica,FastPrep - 2x 30sec @ 6.0m/s,Scissors,EZNA,Consolidated,,,,,,,,,,,,,,,,,,,,
SH-Q5948,brandegeei,QUBR_2024_0754,TCB-07925,11-2025,3/23/2026,D. Barry,silica,FastPrep - 2x 30sec @ 6.0m/s,Scissors,EZNA,Consolidated,,,,,,,,,,,,,,,,,,,,
SH-Q5949,brandegeei,QUBR_2024_0753,TCB-07927,11-2025,3/23/2026,D. Barry,silica,FastPrep - 2x 30sec @ 6.0m/s,Scissors,EZNA,Consolidated,,,,,,,,,,,,,,,,,,,,
SH-Q5950,brandegeei,QUBR_2024_0751,TCB-07928,11-2025,3/23/2026,D. Barry,silica,FastPrep - 2x 30sec @ 6.0m/s,Scissors,EZNA,Consolidated,,,,,,,,,,,,,,,,,,,,
SH-Q5951,brandegeei,QUBR_2024_0740,TCB-07929,11-2025,3/23/2026,D. Barry,silica,FastPrep - 2x 30sec @ 6.0m/s,Scissors,EZNA,Consolidated,,,,,,,,,,,,,,,,,,,,
SH-Q5952,brandegeei,QUBR_2024_0752,TCB-07930,11-2025,3/23/2026,D. Barry,silica,FastPrep - 2x 30sec @ 6.0m/s,Scissors,EZNA,Consolidated,,,,,,,,,,,,,,,,,,,,
SH-Q5953,brandegeei,QUBR_2024_0729,TCB-07931,11-2025,3/23/2026,D. Barry,silica,FastPrep - 2x 30sec @ 6.0m/s,Scissors,EZNA,Consolidated,,,,,,,,,,,,,,,,,,,,
SH-Q5954,brandegeei,QUBR_2024_0739,TCB-07932,11-2025,3/23/2026,D. Barry,silica,FastPrep - 2x 30sec @ 6.0m/s,Scissors,EZNA,Consolidated,,,,,,,,,,,,,,,,,,,,
SH-Q5955,brandegeei,QUBR_2024_0737,TCB-07934,11-2025,3/23/2026,D. Barry,silica,FastPrep - 2x 30sec @ 6.0m/s,Scissors,EZNA,Consolidated,,,,,,,,,,,,,,,,,,,,
SH-Q5956,brandegeei,QUBR_2024_0749,TCB-07935,11-2025,3/23/2026,D. Barry,silica,FastPrep - 2x 30sec @ 6.0m/s,Scissors,EZNA,Consolidated,,,,,,,,,,,,,,,,,,,,
SH-Q5957,brandegeei,QUBR_2024_0736,TCB-07936,11-2025,3/23/2026,D. Barry,silica,FastPrep - 2x 30sec @ 6.0m/s,Scissors,EZNA,Consolidated,,,,,,,,,,,,,,,,,,,,
SH-Q5958,brandegeei,QUBR_2024_0746,TCB-07938,11-2025,3/23/2026,D. Barry,silica,FastPrep - 2x 30sec @ 6.0m/s,Scissors,EZNA,Consolidated,,,,,,,,,,,,,,,,,,,,
SH-Q5959,brandegeei,QUBR_2024_0734,TCB-07940,11-2025,3/23/2026,D. Barry,silica,FastPrep - 2x 30sec @ 6.0m/s,Scissors,EZNA,Consolidated,,,,,,,,,,,,,,,,,,,,
SH-Q5960,brandegeei,QUBR_2024_0735,TCB-07941,11-2025,3/23/2026,D. Barry,silica,FastPrep - 2x 30sec @ 6.0m/s,Scissors,EZNA,Consolidated,,,,,,,,,,,,,,,,,,,,
SH-Q5961,brandegeei,QUBR_2024_0745,TCB-07942,11-2025,3/23/2026,D. Barry,silica,FastPrep - 2x 30sec @ 6.0m/s,Scissors,EZNA,Consolidated,,,,,,,,,,,,,,,,,,,,
SH-Q5962,brandegeei,QUBR_2024_0723,TCB-07943,11-2025,3/23/2026,D. Barry,silica,FastPrep - 2x 30sec @ 6.0m/s,Scissors,EZNA,Consolidated,,,,,,,,,,,,,,,,,,,,
SH-Q5963,brandegeei,QUBR_2024_0722,TCB-07944,11-2025,3/23/2026,D. Barry,silica,FastPrep - 2x 30sec @ 6.0m/s,Scissors,EZNA,Consolidated,,,,,,,,,,,,,,,,,,,,
SH-Q5964,brandegeei,QUBR_2024_0733,TCB-07945,11-2025,3/23/2026,D. Barry,silica,FastPrep - 2x 30sec @ 6.0m/s,Scissors,EZNA,Consolidated,,,,,,,,,,,,,,,,,,,,
SH-Q5965,brandegeei,QUBR_2024_0750,TCB-07947,11-2025,3/23/2026,D. Barry,silica,FastPrep - 2x 30sec @ 6.0m/s,Scissors,EZNA,Consolidated,,,,,,,,,,,,,,,,,,,,
SH-Q5966,brandegeei,QUBR_2024_0738,TCB-07948,11-2025,3/23/2026,D. Barry,silica,FastPrep - 2x 30sec @ 6.0m/s,Scissors,EZNA,Consolidated,,,,,,,,,,,,,,,,,,,,
SH-Q5967,brandegeei,QUBR_2024_0726,TCB-07949,11-2025,3/23/2026,D. Barry,silica,FastPrep - 2x 30sec @ 6.0m/s,Scissors,EZNA,Consolidated,,,,,,,,,,,,,,,,,,,,
SH-Q5968,brandegeei,QUBR_2024_0748,TCB-07950,11-2025,3/23/2026,D. Barry,silica,FastPrep - 2x 30sec @ 6.0m/s,Scissors,EZNA,Consolidated,,,,,,,,,,,,,,,,,,,,
SH-Q5969,brandegeei,QUBR_2024_0725,TCB-07951,11-2025,3/23/2026,D. Barry,silica,FastPrep - 2x 30sec @ 6.0m/s,Scissors,EZNA,Consolidated,,,,,,,,,,,,,,,,,,,,
SH-Q5970,brandegeei,QUBR_2024_0743,TCB-07952,11-2025,3/23/2026,D. Barry,silica,FastPrep - 2x 30sec @ 6.0m/s,Scissors,EZNA,Consolidated,,,,,,,,,,,,,,,,,,,,
SH-Q5971,brandegeei,QUBR_2024_0732,TCB-07953,11-2025,3/23/2026,D. Barry,silica,FastPrep - 2x 30sec @ 6.0m/s,Scissors,EZNA,Consolidated,,,,,,,,,,,,,,,,,,,,
SH-Q5972,brandegeei,QUBR_2024_0731,TCB-07955,11-2025,3/23/2026,D. Barry,silica,FastPrep - 2x 30sec @ 6.0m/s,Scissors,EZNA,Consolidated,,,,,,,,,,,,,,,,,,,,
SH-Q5973,brandegeei,QUBR_2024_0719,TCB-07956,11-2025,3/23/2026,D. Barry,silica,FastPrep - 2x 30sec @ 6.0m/s,Scissors,EZNA,Consolidated,,,,,,,,,,,,,,,,,,,,
SH-Q5974,brandegeei,QUBR_2024_0742,TCB-07957,11-2025,3/23/2026,D. Barry,silica,FastPrep - 2x 30sec @ 6.0m/s,Scissors,EZNA,Consolidated,,,,,,,,,,,,,,,,,,,,
SH-Q5975,brandegeei,QUBR_2024_0730,TCB-07958,11-2025,3/25/2026,D. Barry,silica,FastPrep - 2x 30sec @ 6.0m/s,Scissors,EZNA,Consolidated,,,,,,,,,,,,,,,,,,,,
SH-Q5976,brandegeei,QUBR_2024_0718,TCB-07959,11-2025,3/25/2026,D. Barry,silica,FastPrep - 2x 30sec @ 6.0m/s,Scissors,EZNA,Consolidated,,,,,,,,,,,,,,,,,,,,
SH-Q5977,brandegeei,QUBR_2024_0903,TCB-07960,11-2025,3/25/2026,D. Barry,silica,FastPrep - 2x 30sec @ 6.0m/s,Scissors,EZNA,Consolidated,,,,,,,,,,,,,,,,,,,,
SH-Q5978,brandegeei,QUBR_2024_0289,TCB-07961,11-2025,3/25/2026,D. Barry,silica,FastPrep - 2x 30sec @ 6.0m/s,Scissors,EZNA,Consolidated,,,,,,,,,,,,,,,,,,,,
SH-Q5979,brandegeei,QUBR_2024_0904,TCB-07962,11-2025,3/25/2026,D. Barry,silica,FastPrep - 2x 30sec @ 6.0m/s,Scissors,EZNA,Consolidated,,,,,,,,,,,,,,,,,,,,
SH-Q5980,brandegeei,QUBR_2024_0923,TCB-07963,11-2025,3/25/2026,D. Barry,silica,FastPrep - 2x 30sec @ 6.0m/s,Scissors,EZNA,Consolidated,,,,,,,,,,,,,,,,,,,,
SH-Q5981,brandegeei,QUBR_2024_0922,TCB-07964,11-2025,3/25/2026,D. Barry,silica,FastPrep - 2x 30sec @ 6.0m/s,Scissors,EZNA,Consolidated,,,,,,,,,,,,,,,,,,,,
SH-Q5982,brandegeei,QUBR_2024_0921,TCB-07965,11-2025,3/25/2026,D. Barry,silica,FastPrep - 2x 30sec @ 6.0m/s,Scissors,EZNA,Consolidated,,,,,,,,,,,,,,,,,,,,
SH-Q5983,brandegeei,QUBR_2024_0920,TCB-07966,11-2025,3/25/2026,D. Barry,silica,FastPrep - 2x 30sec @ 6.0m/s,Scissors,EZNA,Consolidated,,,,,,,,,,,,,,,,,,,,
SH-Q5984,brandegeei,QUBR_2024_0919,TCB-07967,11-2025,3/25/2026,D. Barry,silica,FastPrep - 2x 30sec @ 6.0m/s,Scissors,EZNA,Consolidated,,,,,,,,,,,,,,,,,,,,
SH-Q5985,brandegeei,QUBR_2024_0918,TCB-07968,11-2025,3/25/2026,D. Barry,silica,FastPrep - 2x 30sec @ 6.0m/s,Scissors,EZNA,Consolidated,,,,,,,,,,,,,,,,,,,,
SH-Q5986,brandegeei,QUBR_2024_0917,TCB-07969,11-2025,3/25/2026,D. Barry,silica,FastPrep - 2x 30sec @ 6.0m/s,Scissors,EZNA,Consolidated,,,,,,,,,,,,,,,,,,,,
SH-Q5987,brandegeei,QUBR_2024_0916,TCB-07970,11-2025,3/25/2026,D. Barry,silica,FastPrep - 2x 30sec @ 6.0m/s,Scissors,EZNA,Consolidated,,,,,,,,,,,,,,,,,,,,
SH-Q5988,brandegeei,QUBR_2024_0905,TCB-07972,11-2025,3/25/2026,D. Barry,silica,FastPrep - 2x 30sec @ 6.0m/s,Scissors,EZNA,Consolidated,,,,,,,,,,,,,,,,,,,,
SH-Q5989,brandegeei,QUBR_2024_0291,TCB-07973,11-2025,3/25/2026,D. Barry,silica,FastPrep - 2x 30sec @ 6.0m/s,Scissors,EZNA,Consolidated,,,,,,,,,,,,,,,,,,,,
SH-Q5990,brandegeei,QUBR_2024_0292,TCB-07974,11-2025,3/25/2026,D. Barry,silica,FastPrep - 2x 30sec @ 6.0m/s,Scissors,EZNA,Consolidated,,,,,,,,,,,,,,,,,,,,
SH-Q5991,brandegeei,QUBR_2024_0293,TCB-07975,11-2025,3/25/2026,D. Barry,silica,FastPrep - 2x 30sec @ 6.0m/s,Scissors,EZNA,Consolidated,,,,,,,,,,,,,,,,,,,,
SH-Q5992,brandegeei,QUBR_2024_0294,TCB-07976,11-2025,3/25/2026,D. Barry,silica,FastPrep - 2x 30sec @ 6.0m/s,Scissors,EZNA,Consolidated,,,,,,,,,,,,,,,,,,,,
SH-Q5993,brandegeei,QUBR_2024_0295,TCB-07977,11-2025,3/25/2026,D. Barry,silica,FastPrep - 2x 30sec @ 6.0m/s,Scissors,EZNA,Consolidated,,,,,,,,,,,,,,,,,,,,
SH-Q5994,brandegeei,QUBR_2024_0296,TCB-07978,11-2025,3/25/2026,D. Barry,silica,FastPrep - 2x 30sec @ 6.0m/s,Scissors,EZNA,Consolidated,,,,,,,,,,,,,,,,,,,,
SH-Q5995,brandegeei,QUBR_2024_0297,TCB-07979,11-2025,3/25/2026,D. Barry,silica,FastPrep - 2x 30sec @ 6.0m/s,Scissors,EZNA,Consolidated,,,,,,,,,,,,,,,,,,,,
SH-Q5996,brandegeei,QUBR_2024_0299,TCB-07981,11-2025,3/25/2026,D. Barry,silica,FastPrep - 2x 30sec @ 6.0m/s,Scissors,EZNA,Consolidated,,,,,,,,,,,,,,,,,,,,
SH-Q5997,brandegeei,QUBR_2024_0300,TCB-07982,11-2025,3/25/2026,D. Barry,silica,FastPrep - 2x 30sec @ 6.0m/s,Scissors,EZNA,Consolidated,,,,,,,,,,,,,,,,,,,,
SH-Q5998,brandegeei,QUBR_2024_0906,TCB-07983,11-2025,3/25/2026,D. Barry,silica,FastPrep - 2x 30sec @ 6.0m/s,Scissors,EZNA,Consolidated,,,,,,,,,,,,,,,,,,,,
SH-Q5999,brandegeei,QUBR_2024_0206,TCB-07984,11-2025,3/25/2026,D. Barry,silica,FastPrep - 2x 30sec @ 6.0m/s,Scissors,EZNA,Consolidated,,,,,,,,,,,,,,,,,,,,
SH-Q6000,brandegeei,QUBR_2024_0205,TCB-07985,11-2025,3/25/2026,D. Barry,silica,FastPrep - 2x 30sec @ 6.0m/s,Scissors,EZNA,Consolidated,,,,,,,,,,,,,,,,,,,,
SH-Q6001,brandegeei,QUBR_2024_0907,TCB-07986,11-2025,3/25/2026,D. Barry,silica,FastPrep - 2x 30sec @ 6.0m/s,Scissors,EZNA,Consolidated,,,,,,,,,,,,,,,,,,,,
SH-Q6002,brandegeei,QUBR_2024_0908,TCB-07987,11-2025,3/25/2026,D. Barry,silica,FastPrep - 2x 30sec @ 6.0m/s,Scissors,EZNA,Consolidated,,,,,,,,,,,,,,,,,,,,
SH-Q6003,brandegeei,QUBR_2024_0910,TCB-07989,11-2025,3/25/2026,D. Barry,silica,FastPrep - 2x 30sec @ 6.0m/s,Scissors,EZNA,Consolidated,,,,,,,,,,,,,,,,,,,,
SH-Q6004,brandegeei,QUBR_2024_0728,TCB-07990,11-2025,3/25/2026,D. Barry,silica,FastPrep - 2x 30sec @ 6.0m/s,Scissors,EZNA,Consolidated,,,,,,,,,,,,,,,,,,,,
SH-Q6005,brandegeei,QUBR_2024_0717,TCB-07991,11-2025,3/25/2026,D. Barry,silica,FastPrep - 2x 30sec @ 6.0m/s,Scissors,EZNA,Consolidated,,,,,,,,,,,,,,,,,,,,
SH-Q6006,brandegeei,QUBR_2024_0901,TCB-07992,11-2025,3/25/2026,D. Barry,silica,FastPrep - 2x 30sec @ 6.0m/s,Scissors,EZNA,Consolidated,,,,,,,,,,,,,,,,,,,,
SH-Q6007,brandegeei,QUBR_2024_0902,TCB-07993,11-2025,3/25/2026,D. Barry,silica,FastPrep - 2x 30sec @ 6.0m/s,Scissors,EZNA,Consolidated,,,,,,,,,,,,,,,,,,,,
SH-Q6008,brandegeei,QUBR_2024_0209,TCB-07994,11-2025,3/25/2026,D. Barry,silica,FastPrep - 2x 30sec @ 6.0m/s,Scissors,EZNA,Consolidated,,,,,,,,,,,,,,,,,,,,
SH-Q6009,brandegeei,QUBR_2024_0716,TCB-07995,11-2025,3/25/2026,D. Barry,silica,FastPrep - 2x 30sec @ 6.0m/s,Scissors,EZNA,Consolidated,,,,,,,,,,,,,,,,,,,,
SH-Q6010,brandegeei,QUBR_2024_0715,TCB-07996,11-2025,3/25/2026,D. Barry,silica,FastPrep - 2x 30sec @ 6.0m/s,Scissors,EZNA,Consolidated,,,,,,,,,,,,,,,,,,,,
SH-Q6011,brandegeei,QUBR_2024_0208,TCB-07998,11-2025,3/25/2026,D. Barry,silica,FastPrep - 2x 30sec @ 6.0m/s,Scissors,EZNA,Consolidated,,,,,,,,,,,,,,,,,,,,
SH-Q6012,brandegeei,QUBR_2024_0760,TCB-07999,11-2025,3/25/2026,D. Barry,silica,FastPrep - 2x 30sec @ 6.0m/s,Scissors,EZNA,Consolidated,,,,,,,,,,,,,,,,,,,,
SH-Q6013,brandegeei,QUBR_2024_0207,TCB-08000,11-2025,3/25/2026,D. Barry,silica,FastPrep - 2x 30sec @ 6.0m/s,Scissors,EZNA,Consolidated,,,,,,,,,,,,,,,,,,,,
SH-Q6014,brandegeei,QUBR_2024_0761,TCB-08001,11-2025,3/25/2026,D. Barry,silica,FastPrep - 2x 30sec @ 6.0m/s,Scissors,EZNA,Consolidated,,,,,,,,,,,,,,,,,,,,
SH-Q6015,brandegeei,QUBR_2024_0759,TCB-08002,11-2025,3/25/2026,D. Barry,silica,FastPrep - 2x 30sec @ 6.0m/s,Scissors,EZNA,Consolidated,,,,,,,,,,,,,,,,,,,,
SH-Q6016,brandegeei,QUBR_2024_0757,TCB-08003,11-2025,3/25/2026,D. Barry,silica,FastPrep - 2x 30sec @ 6.0m/s,Scissors,EZNA,Consolidated,,,,,,,,,,,,,,,,,,,,
SH-Q6017,brandegeei,QUBR_2024_0914,TCB-08004,11-2025,3/25/2026,D. Barry,silica,FastPrep - 2x 30sec @ 6.0m/s,Scissors,EZNA,Consolidated,,,,,,,,,,,,,,,,,,,,
SH-Q6018,brandegeei,QUBR_2024_0912,TCB-08005,11-2025,3/25/2026,D. Barry,silica,FastPrep - 2x 30sec @ 6.0m/s,Scissors,EZNA,Consolidated,,,,,,,,,,,,,,,,,,,,
SH-Q6019,brandegeei,QUBR_2024_0911,TCB-08006,11-2025,3/25/2026,D. Barry,silica,FastPrep - 2x 30sec @ 6.0m/s,Scissors,EZNA,Consolidated,,,,,,,,,,,,,,,,,,,,
SH-Q6020,brandegeei,QUBR_2024_0913,TCB-08007,11-2025,3/25/2026,D. Barry,silica,FastPrep - 2x 30sec @ 6.0m/s,Scissors,EZNA,Consolidated,,,,,,,,,,,,,,,,,,,,
SH-Q6021,brandegeei,QUBR_2024_0027,TCB-08008,11-2025,3/25/2026,D. Barry,silica,FastPrep - 2x 30sec @ 6.0m/s,Scissors,EZNA,Consolidated,,,,,,,,,,,,,,,,,,,,
SH-Q6022,brandegeei,QUBR_2024_0099,TCB-08009,11-2025,3/25/2026,D. Barry,silica,FastPrep - 2x 30sec @ 6.0m/s,Scissors,EZNA,Consolidated,,,,,,,,,,,,,,,,,,,,
SH-Q6023,brandegeei,QUBR_2024_0038,TCB-08010,11-2025,3/27/2026,D. Barry,silica,FastPrep - 2x 30sec @ 6.0m/s,Scissors,EZNA,Consolidated,,,,,,,,,,,,,,,,,,,,
SH-Q6024,brandegeei,QUBR_2024_0036,TCB-08012,11-2025,3/27/2026,D. Barry,silica,FastPrep - 2x 30sec @ 6.0m/s,Scissors,EZNA,Consolidated,,,,,,,,,,,,,,,,,,,,
SH-Q6025,brandegeei,QUBR_2024_0035,TCB-08013,11-2025,3/27/2026,D. Barry,silica,FastPrep - 2x 30sec @ 6.0m/s,Scissors,EZNA,Consolidated,,,,,,,,,,,,,,,,,,,,
SH-Q6026,brandegeei,QUBR_2024_0024,TCB-08015,11-2025,3/27/2026,D. Barry,silica,FastPrep - 2x 30sec @ 6.0m/s,Scissors,EZNA,Consolidated,,,,,,,,,,,,,,,,,,,,
SH-Q6027,brandegeei,QUBR_2024_0023,TCB-08016,11-2025,3/27/2026,D. Barry,silica,FastPrep - 2x 30sec @ 6.0m/s,Scissors,EZNA,Consolidated,,,,,,,,,,,,,,,,,,,,
SH-Q6028,brandegeei,QUBR_2024_0032,TCB-08018,11-2025,3/27/2026,D. Barry,silica,FastPrep - 2x 30sec @ 6.0m/s,Scissors,EZNA,Consolidated,,,,,,,,,,,,,,,,,,,,
SH-Q6029,brandegeei,QUBR_2024_0065,TCB-08019,11-2025,3/27/2026,D. Barry,silica,FastPrep - 2x 30sec @ 6.0m/s,Scissors,EZNA,Consolidated,,,,,,,,,,,,,,,,,,,,
SH-Q6030,brandegeei,QUBR_2024_0064,TCB-08020,11-2025,3/27/2026,D. Barry,silica,FastPrep - 2x 30sec @ 6.0m/s,Scissors,EZNA,Consolidated,,,,,,,,,,,,,,,,,,,,
SH-Q6031,brandegeei,QUBR_2024_0063,TCB-08021,11-2025,3/27/2026,D. Barry,silica,FastPrep - 2x 30sec @ 6.0m/s,Scissors,EZNA,Consolidated,,,,,,,,,,,,,,,,,,,,
SH-Q6032,brandegeei,QUBR_2024_0062,TCB-08022,11-2025,3/27/2026,D. Barry,silica,FastPrep - 2x 30sec @ 6.0m/s,Scissors,EZNA,Consolidated,,,,,,,,,,,,,,,,,,,,
SH-Q6033,brandegeei,QUBR_2024_0022,TCB-08023,11-2025,3/27/2026,D. Barry,silica,FastPrep - 2x 30sec @ 6.0m/s,Scissors,EZNA,Consolidated,,,,,,,,,,,,,,,,,,,,
SH-Q6034,brandegeei,QUBR_2024_0080,TCB-08024,11-2025,3/27/2026,D. Barry,silica,FastPrep - 2x 30sec @ 6.0m/s,Scissors,EZNA,Consolidated,,,,,,,,,,,,,,,,,,,,
SH-Q6035,brandegeei,QUBR_2024_0084,TCB-08025,11-2025,3/27/2026,D. Barry,silica,FastPrep - 2x 30sec @ 6.0m/s,Scissors,EZNA,Consolidated,,,,,,,,,,,,,,,,,,,,
SH-Q6036,brandegeei,QUBR_2024_0109,TCB-08026,11-2025,3/27/2026,D. Barry,silica,FastPrep - 2x 30sec @ 6.0m/s,Scissors,EZNA,Consolidated,,,,,,,,,,,,,,,,,,,,
SH-Q6037,brandegeei,QUBR_2024_0110,TCB-08027,11-2025,3/27/2026,D. Barry,silica,FastPrep - 2x 30sec @ 6.0m/s,Scissors,EZNA,Consolidated,,,,,,,,,,,,,,,,,,,,
SH-Q6038,brandegeei,QUBR_2024_0106,TCB-08028,11-2025,3/27/2026,D. Barry,silica,FastPrep - 2x 30sec @ 6.0m/s,Scissors,EZNA,Consolidated,,,,,,,,,,,,,,,,,,,,
SH-Q6039,brandegeei,QUBR_2024_0105,TCB-08029,11-2025,3/27/2026,D. Barry,silica,FastPrep - 2x 30sec @ 6.0m/s,Scissors,EZNA,Consolidated,,,,,,,,,,,,,,,,,,,,
SH-Q6040,brandegeei,QUBR_2024_0101,TCB-08030,11-2025,3/27/2026,D. Barry,silica,FastPrep - 2x 30sec @ 6.0m/s,Scissors,EZNA,Consolidated,,,,,,,,,,,,,,,,,,,,
SH-Q6041,brandegeei,QUBR_2024_0095,TCB-08032,11-2025,3/27/2026,D. Barry,silica,FastPrep - 2x 30sec @ 6.0m/s,Scissors,EZNA,Consolidated,,,,,,,,,,,,,,,,,,,,
SH-Q6042,brandegeei,QUBR_2024_0100,TCB-08033,11-2025,3/27/2026,D. Barry,silica,FastPrep - 2x 30sec @ 6.0m/s,Scissors,EZNA,Consolidated,,,,,,,,,,,,,,,,,,,,
SH-Q6043,brandegeei,QUBR_2024_0093,TCB-08034,11-2025,3/27/2026,D. Barry,silica,FastPrep - 2x 30sec @ 6.0m/s,Scissors,EZNA,Consolidated,,,,,,,,,,,,,,,,,,,,
SH-Q6044,brandegeei,QUBR_2024_0088,TCB-08036,11-2025,3/27/2026,D. Barry,silica,FastPrep - 2x 30sec @ 6.0m/s,Scissors,EZNA,Consolidated,,,,,,,,,,,,,,,,,,,,
SH-Q6045,brandegeei,QUBR_2024_0091,TCB-08038,11-2025,3/27/2026,D. Barry,silica,FastPrep - 2x 30sec @ 6.0m/s,Scissors,EZNA,Consolidated,,,,,,,,,,,,,,,,,,,,
SH-Q6046,brandegeei,QUBR_2024_0086,TCB-08039,11-2025,3/27/2026,D. Barry,silica,FastPrep - 2x 30sec @ 6.0m/s,Scissors,EZNA,Consolidated,,,,,,,,,,,,,,,,,,,,
SH-Q6047,brandegeei,QUBR_2024_0021,TCB-08040,11-2025,3/30/2026,D. Barry,silica,FastPrep - 2x 30sec @ 6.0m/s,Scissors,EZNA,Consolidated,,,,,,,,,,,,,,,,,,,,
SH-Q6048,brandegeei,QUBR_2024_0082,TCB-08041,11-2025,3/30/2026,D. Barry,silica,FastPrep - 2x 30sec @ 6.0m/s,Scissors,EZNA,Consolidated,,,,,,,,,,,,,,,,,,,,
SH-Q6049,brandegeei,QUBR_2024_0078,TCB-08042,11-2025,3/30/2026,D. Barry,silica,FastPrep - 2x 30sec @ 6.0m/s,Scissors,EZNA,Consolidated,,,,,,,,,,,,,,,,,,,,
SH-Q6050,brandegeei,QUBR_2024_0070,TCB-08043,11-2025,3/30/2026,D. Barry,silica,FastPrep - 2x 30sec @ 6.0m/s,Scissors,EZNA,Consolidated,,,,,,,,,,,,,,,,,,,,
SH-Q6051,brandegeei,QUBR_2024_0067,TCB-08046,11-2025,3/30/2026,D. Barry,silica,FastPrep - 2x 30sec @ 6.0m/s,Scissors,EZNA,Consolidated,,,,,,,,,,,,,,,,,,,,
SH-Q6052,brandegeei,QUBR_2024_0055,TCB-08047,11-2025,3/30/2026,D. Barry,silica,FastPrep - 2x 30sec @ 6.0m/s,Scissors,EZNA,Consolidated,,,,,,,,,,,,,,,,,,,,
SH-Q6053,brandegeei,QUBR_2024_0029,TCB-08049,11-2025,3/30/2026,D. Barry,silica,FastPrep - 2x 30sec @ 6.0m/s,Scissors,EZNA,Consolidated,,,,,,,,,,,,,,,,,,,,
SH-Q6054,brandegeei,QUBR_2024_0049,TCB-08050,11-2025,3/30/2026,D. Barry,silica,FastPrep - 2x 30sec @ 6.0m/s,Scissors,EZNA,Consolidated,,,,,,,,,,,,,,,,,,,,
SH-Q6055,brandegeei,QUBR_2024_0051,TCB-08051,11-2025,3/30/2026,D. Barry,silica,FastPrep - 2x 30sec @ 6.0m/s,Scissors,EZNA,Consolidated,,,,,,,,,,,,,,,,,,,,
SH-Q6056,brandegeei,QUBR_2024_0030,TCB-08052,11-2025,3/30/2026,D. Barry,silica,FastPrep - 2x 30sec @ 6.0m/s,Scissors,EZNA,Consolidated,,,,,,,,,,,,,,,,,,,,
SH-Q6057,brandegeei,QUBR_2024_0046,TCB-08053,11-2025,3/30/2026,D. Barry,silica,FastPrep - 2x 30sec @ 6.0m/s,Scissors,EZNA,Consolidated,,,,,,,,,,,,,,,,,,,,
SH-Q6058,brandegeei,QUBR_2024_0060,TCB-08054,11-2025,3/30/2026,D. Barry,silica,FastPrep - 2x 30sec @ 6.0m/s,Scissors,EZNA,Consolidated,,,,,,,,,,,,,,,,,,,,
SH-Q6059,brandegeei,QUBR_2024_0058,TCB-08056,11-2025,3/30/2026,D. Barry,silica,FastPrep - 2x 30sec @ 6.0m/s,Scissors,EZNA,Consolidated,,,,,,,,,,,,,,,,,,,,
SH-Q6060,brandegeei,QUBR_2024_0057,TCB-08057,11-2025,3/30/2026,D. Barry,silica,FastPrep - 2x 30sec @ 6.0m/s,Scissors,EZNA,Consolidated,,,,,,,,,,,,,,,,,,,,
SH-Q6061,brandegeei,QUBR_2024_0047,TCB-08058,11-2025,3/30/2026,D. Barry,silica,FastPrep - 2x 30sec @ 6.0m/s,Scissors,EZNA,Consolidated,,,,,,,,,,,,,,,,,,,,
SH-Q6062,brandegeei,QUBR_2024_0048,TCB-08059,11-2025,3/30/2026,D. Barry,silica,FastPrep - 2x 30sec @ 6.0m/s,Scissors,EZNA,Consolidated,,,,,,,,,,,,,,,,,,,,
SH-Q6063,brandegeei,QUBR_2024_0028,TCB-08060,11-2025,3/30/2026,D. Barry,silica,FastPrep - 2x 30sec @ 6.0m/s,Scissors,EZNA,Consolidated,,,,,,,,,,,,,,,,,,,,
SH-Q6064,brandegeei,QUBR_2024_0044,TCB-08061,11-2025,3/30/2026,D. Barry,silica,FastPrep - 2x 30sec @ 6.0m/s,Scissors,EZNA,Consolidated,,,,,,,,,,,,,,,,,,,,
SH-Q6065,brandegeei,QUBR_2024_0025,TCB-08062,11-2025,3/30/2026,D. Barry,silica,FastPrep - 2x 30sec @ 6.0m/s,Scissors,EZNA,Consolidated,,,,,,,,,,,,,,,,,,,,
SH-Q6066,brandegeei,QUBR_2024_0050,TCB-08063,11-2025,3/30/2026,D. Barry,silica,FastPrep - 2x 30sec @ 6.0m/s,Scissors,EZNA,Consolidated,,,,,,,,,,,,,,,,,,,,
SH-Q6067,brandegeei,QUBR_2024_0010,TCB-08064,11-2025,3/30/2026,D. Barry,silica,FastPrep - 2x 30sec @ 6.0m/s,Scissors,EZNA,Consolidated,,,,,,,,,,,,,,,,,,,,
SH-Q6068,brandegeei,QUBR_2024_0045,TCB-08065,11-2025,3/30/2026,D. Barry,silica,FastPrep - 2x 30sec @ 6.0m/s,Scissors,EZNA,Consolidated,,,,,,,,,,,,,,,,,,,,
SH-Q6069,brandegeei,QUBR_2024_0019,TCB-08066,11-2025,3/30/2026,D. Barry,silica,FastPrep - 2x 30sec @ 6.0m/s,Scissors,EZNA,Consolidated,,,,,,,,,,,,,,,,,,,,
SH-Q6070,brandegeei,QUBR_2024_0043,TCB-08067,11-2025,3/30/2026,D. Barry,silica,FastPrep - 2x 30sec @ 6.0m/s,Scissors,EZNA,Consolidated,,,,,,,,,,,,,,,,,,,,
SH-Q6071,brandegeei,QUBR_2024_0040,TCB-08068,11-2025,4/1/2026,D. Barry,silica,FastPrep - 2x 30sec @ 6.0m/s,Scissors,EZNA,Consolidated,,,,,,,,,,,,,,,,,,,,
SH-Q6072,brandegeei,QUBR_2024_0052,TCB-08069,11-2025,4/1/2026,D. Barry,silica,FastPrep - 2x 30sec @ 6.0m/s,Scissors,EZNA,Consolidated,,,,,,,,,,,,,,,,,,,,
SH-Q6073,brandegeei,QUBR_2024_0041,TCB-08070,11-2025,4/1/2026,D. Barry,silica,FastPrep - 2x 30sec @ 6.0m/s,Scissors,EZNA,Consolidated,,,,,,,,,,,,,,,,,,,,
SH-Q6074,brandegeei,QUBR_2024_0039,TCB-08071,11-2025,4/1/2026,D. Barry,silica,FastPrep - 2x 30sec @ 6.0m/s,Scissors,EZNA,Consolidated,,,,,,,,,,,,,,,,,,,,
SH-Q6075,brandegeei,QUBR_2024_0013,TCB-08073,11-2025,4/1/2026,D. Barry,silica,FastPrep - 2x 30sec @ 6.0m/s,Scissors,EZNA,Consolidated,,,,,,,,,,,,,,,,,,,,
SH-Q6076,brandegeei,QUBR_2024_0007,TCB-08075,11-2025,4/1/2026,D. Barry,silica,FastPrep - 2x 30sec @ 6.0m/s,Scissors,EZNA,Consolidated,,,,,,,,,,,,,,,,,,,,
SH-Q6077,brandegeei,QUBR_2024_0015,TCB-08076,11-2025,4/1/2026,D. Barry,silica,FastPrep - 2x 30sec @ 6.0m/s,Scissors,EZNA,Consolidated,,,,,,,,,,,,,,,,,,,,
SH-Q6078,brandegeei,QUBR_2024_0009,TCB-08077,11-2025,4/1/2026,D. Barry,silica,FastPrep - 2x 30sec @ 6.0m/s,Scissors,EZNA,Consolidated,,,,,,,,,,,,,,,,,,,,
SH-Q6079,brandegeei,QUBR_2024_0012,TCB-08078,11-2025,4/1/2026,D. Barry,silica,FastPrep - 2x 30sec @ 6.0m/s,Scissors,EZNA,Consolidated,,,,,,,,,,,,,,,,,,,,
SH-Q6080,brandegeei,QUBR_2024_0008,TCB-08079,11-2025,4/1/2026,D. Barry,silica,FastPrep - 2x 30sec @ 6.0m/s,Scissors,EZNA,Consolidated,,,,,,,,,,,,,,,,,,,,
SH-Q6081,brandegeei,QUBR_2024_0017,TCB-08080,11-2025,4/1/2026,D. Barry,silica,FastPrep - 2x 30sec @ 6.0m/s,Scissors,EZNA,Consolidated,,,,,,,,,,,,,,,,,,,,
SH-Q6082,brandegeei,QUBR_2024_0016,TCB-08081,11-2025,4/1/2026,D. Barry,silica,FastPrep - 2x 30sec @ 6.0m/s,Scissors,EZNA,Consolidated,,,,,,,,,,,,,,,,,,,,
SH-Q6083,brandegeei,QUBR_2024_0002,TCB-08083,11-2025,4/1/2026,D. Barry,silica,FastPrep - 2x 30sec @ 6.0m/s,Scissors,EZNA,Consolidated,,,,,,,,,,,,,,,,,,,,
SH-Q6084,brandegeei,QUBR_2024_0004,TCB-08085,11-2025,4/1/2026,D. Barry,silica,FastPrep - 2x 30sec @ 6.0m/s,Scissors,EZNA,Consolidated,,,,,,,,,,,,,,,,,,,,
SH-Q6085,brandegeei,QUBR_2024_0006,TCB-08087,11-2025,4/1/2026,D. Barry,silica,FastPrep - 2x 30sec @ 6.0m/s,Scissors,EZNA,Consolidated,,,,,,,,,,,,,,,,,,,,
SH-Q6086,brandegeei,QUBR_2024_0014,TCB-08088,11-2025,4/1/2026,D. Barry,silica,FastPrep - 2x 30sec @ 6.0m/s,Scissors,EZNA,Consolidated,,,,,,,,,,,,,,,,,,,,
SH-Q6087,brandegeei,QUBR_2024_0031,TCB-08089,11-2025,4/1/2026,D. Barry,silica,FastPrep - 2x 30sec @ 6.0m/s,Scissors,EZNA,Consolidated,,,,,,,,,,,,,,,,,,,,
SH-Q6088,brandegeei,QUBR_2024_0018,TCB-08090,11-2025,4/1/2026,D. Barry,silica,FastPrep - 2x 30sec @ 6.0m/s,Scissors,EZNA,Consolidated,,,,,,,,,,,,,,,,,,,,
SH-Q6089,brandegeei,QUBR_2024_0020,TCB-08091,11-2025,4/1/2026,D. Barry,silica,FastPrep - 2x 30sec @ 6.0m/s,Scissors,EZNA,Consolidated,,,,,,,,,,,,,,,,,,,,
SH-Q6090,brandegeei,QUBR_2024_0056,TCB-08092,11-2025,4/1/2026,D. Barry,silica,FastPrep - 2x 30sec @ 6.0m/s,Scissors,EZNA,Consolidated,,,,,,,,,,,,,,,,,,,,
SH-Q6091,brandegeei,QUBR_2024_0037,TCB-08094,11-2025,4/1/2026,D. Barry,silica,FastPrep - 2x 30sec @ 6.0m/s,Scissors,EZNA,Consolidated,,,,,,,,,,,,,,,,,,,,
SH-Q6092,brandegeei,QUBR_2024_0681,TCB-08095,11-2025,4/1/2026,D. Barry,silica,FastPrep - 2x 30sec @ 6.0m/s,Scissors,EZNA,Consolidated,,,,,,,,,,,,,,,,,,,,
SH-Q6093,brandegeei,QUBR_2024_0680,TCB-08096,11-2025,4/1/2026,D. Barry,silica,FastPrep - 2x 30sec @ 6.0m/s,Scissors,EZNA,Consolidated,,,,,,,,,,,,,,,,,,,,
SH-Q6094,brandegeei,QUBR_2024_0679,TCB-08097,11-2025,4/1/2026,D. Barry,silica,FastPrep - 2x 30sec @ 6.0m/s,Scissors,EZNA,Consolidated,,,,,,,,,,,,,,,,,,,,
SH-Q6095,brandegeei,QUBR_2024_0678,TCB-08098,11-2025,4/1/2026,D. Barry,silica,FastPrep - 2x 30sec @ 6.0m/s,Scissors,EZNA,Consolidated,,,,,,,,,,,,,,,,,,,,
SH-Q6096,brandegeei,QUBR_2024_0677,TCB-08099,11-2025,4/1/2026,D. Barry,silica,FastPrep - 2x 30sec @ 6.0m/s,Scissors,EZNA,Consolidated,,,,,,,,,,,,,,,,,,,,
SH-Q6097,brandegeei,QUBR_2024_0675,TCB-08100,11-2025,4/1/2026,D. Barry,silica,FastPrep - 2x 30sec @ 6.0m/s,Scissors,EZNA,Consolidated,,,,,,,,,,,,,,,,,,,,
SH-Q6098,brandegeei,QUBR_2024_0710,TCB-08101,11-2025,4/1/2026,D. Barry,silica,FastPrep - 2x 30sec @ 6.0m/s,Scissors,EZNA,Consolidated,,,,,,,,,,,,,,,,,,,,
SH-Q6099,brandegeei,QUBR_2024_0706,TCB-08102,11-2025,4/1/2026,D. Barry,silica,FastPrep - 2x 30sec @ 6.0m/s,Scissors,EZNA,Consolidated,,,,,,,,,,,,,,,,,,,,
SH-Q6100,brandegeei,QUBR_2024_0705,TCB-08103,11-2025,4/1/2026,D. Barry,silica,FastPrep - 2x 30sec @ 6.0m/s,Scissors,EZNA,Consolidated,,,,,,,,,,,,,,,,,,,,
SH-Q6101,brandegeei,QUBR_2024_0674,TCB-08104,11-2025,4/1/2026,D. Barry,silica,FastPrep - 2x 30sec @ 6.0m/s,Scissors,EZNA,Consolidated,,,,,,,,,,,,,,,,,,,,
SH-Q6102,brandegeei,QUBR_2024_0673,TCB-08105,11-2025,4/1/2026,D. Barry,silica,FastPrep - 2x 30sec @ 6.0m/s,Scissors,EZNA,Consolidated,,,,,,,,,,,,,,,,,,,,
SH-Q6103,brandegeei,QUBR_2024_0707,TCB-08106,11-2025,4/1/2026,D. Barry,silica,FastPrep - 2x 30sec @ 6.0m/s,Scissors,EZNA,Consolidated,,,,,,,,,,,,,,,,,,,,
SH-Q6104,brandegeei,QUBR_2024_0708,TCB-08107,11-2025,4/1/2026,D. Barry,silica,FastPrep - 2x 30sec @ 6.0m/s,Scissors,EZNA,Consolidated,,,,,,,,,,,,,,,,,,,,
SH-Q6105,brandegeei,QUBR_2024_0709,TCB-08108,11-2025,4/1/2026,D. Barry,silica,FastPrep - 2x 30sec @ 6.0m/s,Scissors,EZNA,Consolidated,,,,,,,,,,,,,,,,,,,,
SH-Q6106,brandegeei,QUBR_2024_0711,TCB-08109,11-2025,4/1/2026,D. Barry,silica,FastPrep - 2x 30sec @ 6.0m/s,Scissors,EZNA,Consolidated,,,,,,,,,,,,,,,,,,,,
SH-Q6107,brandegeei,QUBR_2024_0712,TCB-08110,11-2025,4/1/2026,D. Barry,silica,FastPrep - 2x 30sec @ 6.0m/s,Scissors,EZNA,Consolidated,,,,,,,,,,,,,,,,,,,,
SH-Q6108,brandegeei,QUBR_2024_0676,TCB-08111,11-2025,4/1/2026,D. Barry,silica,FastPrep - 2x 30sec @ 6.0m/s,Scissors,EZNA,Consolidated,,,,,,,,,,,,,,,,,,,,
SH-Q6109,brandegeei,QUBR_2024_0667,TCB-08112,11-2025,4/1/2026,D. Barry,silica,FastPrep - 2x 30sec @ 6.0m/s,Scissors,EZNA,Consolidated,,,,,,,,,,,,,,,,,,,,
SH-Q6110,brandegeei,QUBR_2024_0682,TCB-08113,11-2025,4/1/2026,D. Barry,silica,FastPrep - 2x 30sec @ 6.0m/s,Scissors,EZNA,Consolidated,,,,,,,,,,,,,,,,,,,,
SH-Q6111,brandegeei,QUBR_2024_0714,TCB-08114,11-2025,4/1/2026,D. Barry,silica,FastPrep - 2x 30sec @ 6.0m/s,Scissors,EZNA,Consolidated,,,,,,,,,,,,,,,,,,,,
SH-Q6112,brandegeei,QUBR_2024_0672,TCB-08115,11-2025,4/1/2026,D. Barry,silica,FastPrep - 2x 30sec @ 6.0m/s,Scissors,EZNA,Consolidated,,,,,,,,,,,,,,,,,,,,
SH-Q6113,brandegeei,QUBR_2024_0713,TCB-08116,11-2025,4/1/2026,D. Barry,silica,FastPrep - 2x 30sec @ 6.0m/s,Scissors,EZNA,Consolidated,,,,,,,,,,,,,,,,,,,,
SH-Q6114,brandegeei,QUBR_2024_0671,TCB-08117,11-2025,4/1/2026,D. Barry,silica,FastPrep - 2x 30sec @ 6.0m/s,Scissors,EZNA,Consolidated,,,,,,,,,,,,,,,,,,,,
SH-Q6115,brandegeei,QUBR_2024_0670,TCB-08118,11-2025,4/1/2026,D. Barry,silica,FastPrep - 2x 30sec @ 6.0m/s,Scissors,EZNA,Consolidated,,,,,,,,,,,,,,,,,,,,
SH-Q6116,brandegeei,QUBR_2024_0669,TCB-08119,11-2025,4/1/2026,D. Barry,silica,FastPrep - 2x 30sec @ 6.0m/s,Scissors,EZNA,Consolidated,,,,,,,,,,,,,,,,,,,,
SH-Q6117,brandegeei,QUBR_2024_0668,TCB-08120,11-2025,4/1/2026,D. Barry,silica,FastPrep - 2x 30sec @ 6.0m/s,Scissors,EZNA,Consolidated,,,,,,,,,,,,,,,,,,,,
SH-Q6118,brandegeei,QUBR_2024_0666,TCB-08121,11-2025,4/1/2026,D. Barry,silica,FastPrep - 2x 30sec @ 6.0m/s,Scissors,EZNA,Consolidated,,,,,,,,,,,,,,,,,,,,
SH-Q6119,brandegeei,QUBR_2024_0664,TCB-08123,11-2025,4/3/2026,D. Barry,silica,FastPrep - 2x 30sec @ 6.0m/s,Scissors,EZNA,Consolidated,,,,,,,,,,,,,,,,,,,,
SH-Q6120,brandegeei,QUBR_2024_0663,TCB-08124,11-2025,4/3/2026,D. Barry,silica,FastPrep - 2x 30sec @ 6.0m/s,Scissors,EZNA,Consolidated,,,,,,,,,,,,,,,,,,,,
SH-Q6121,brandegeei,QUBR_2024_0662,TCB-08125,11-2025,4/3/2026,D. Barry,silica,FastPrep - 2x 30sec @ 6.0m/s,Scissors,EZNA,Consolidated,,,,,,,,,,,,,,,,,,,,
SH-Q6122,brandegeei,QUBR_2024_0660,TCB-08127,11-2025,4/3/2026,D. Barry,silica,FastPrep - 2x 30sec @ 6.0m/s,Scissors,EZNA,Consolidated,,,,,,,,,,,,,,,,,,,,
SH-Q6123,brandegeei,QUBR_2024_0659,TCB-08128,11-2025,4/3/2026,D. Barry,silica,FastPrep - 2x 30sec @ 6.0m/s,Scissors,EZNA,Consolidated,,,,,,,,,,,,,,,,,,,,
SH-Q6124,brandegeei,QUBR_2024_0658,TCB-08129,11-2025,4/3/2026,D. Barry,silica,FastPrep - 2x 30sec @ 6.0m/s,Scissors,EZNA,Consolidated,,,,,,,,,,,,,,,,,,,,
SH-Q6125,brandegeei,QUBR_2024_0657,TCB-08130,11-2025,4/3/2026,D. Barry,silica,FastPrep - 2x 30sec @ 6.0m/s,Scissors,EZNA,Consolidated,,,,,,,,,,,,,,,,,,,,
SH-Q6126,brandegeei,QUBR_2024_0656,TCB-08131,11-2025,4/3/2026,D. Barry,silica,FastPrep - 2x 30sec @ 6.0m/s,Scissors,EZNA,Consolidated,,,,,,,,,,,,,,,,,,,,
SH-Q6127,brandegeei,QUBR_2024_0690,TCB-08133,11-2025,4/3/2026,D. Barry,silica,FastPrep - 2x 30sec @ 6.0m/s,Scissors,EZNA,Consolidated,,,,,,,,,,,,,,,,,,,,
SH-Q6128,brandegeei,QUBR_2024_0704,TCB-08134,11-2025,4/3/2026,D. Barry,silica,FastPrep - 2x 30sec @ 6.0m/s,Scissors,EZNA,Consolidated,,,,,,,,,,,,,,,,,,,,
SH-Q6129,brandegeei,QUBR_2024_0703,TCB-08135,11-2025,4/3/2026,D. Barry,silica,FastPrep - 2x 30sec @ 6.0m/s,Scissors,EZNA,Consolidated,,,,,,,,,,,,,,,,,,,,
SH-Q6130,brandegeei,QUBR_2024_0689,TCB-08137,11-2025,4/3/2026,D. Barry,silica,FastPrep - 2x 30sec @ 6.0m/s,Scissors,EZNA,Consolidated,,,,,,,,,,,,,,,,,,,,
SH-Q6131,brandegeei,QUBR_2024_0702,TCB-08138,11-2025,4/3/2026,D. Barry,silica,FastPrep - 2x 30sec @ 6.0m/s,Scissors,EZNA,Consolidated,,,,,,,,,,,,,,,,,,,,
SH-Q6132,brandegeei,QUBR_2024_0688,TCB-08139,11-2025,4/3/2026,D. Barry,silica,FastPrep - 2x 30sec @ 6.0m/s,Scissors,EZNA,Consolidated,,,,,,,,,,,,,,,,,,,,
SH-Q6133,brandegeei,QUBR_2024_0686,TCB-08141,11-2025,4/3/2026,D. Barry,silica,FastPrep - 2x 30sec @ 6.0m/s,Scissors,EZNA,Consolidated,,,,,,,,,,,,,,,,,,,,
SH-Q6134,brandegeei,QUBR_2024_0699,TCB-08143,11-2025,4/3/2026,D. Barry,silica,FastPrep - 2x 30sec @ 6.0m/s,Scissors,EZNA,Consolidated,,,,,,,,,,,,,,,,,,,,
SH-Q6135,brandegeei,QUBR_2024_0685,TCB-08144,11-2025,4/3/2026,D. Barry,silica,FastPrep - 2x 30sec @ 6.0m/s,Scissors,EZNA,Consolidated,,,,,,,,,,,,,,,,,,,,
SH-Q6136,brandegeei,QUBR_2024_0684,TCB-08145,11-2025,4/3/2026,D. Barry,silica,FastPrep - 2x 30sec @ 6.0m/s,Scissors,EZNA,Consolidated,,,,,,,,,,,,,,,,,,,,
SH-Q6137,brandegeei,QUBR_2024_0683,TCB-08146,11-2025,4/3/2026,D. Barry,silica,FastPrep - 2x 30sec @ 6.0m/s,Scissors,EZNA,Consolidated,,,,,,,,,,,,,,,,,,,,
SH-Q6138,brandegeei,QUBR_2024_0698,TCB-08147,11-2025,4/3/2026,D. Barry,silica,FastPrep - 2x 30sec @ 6.0m/s,Scissors,EZNA,Consolidated,,,,,,,,,,,,,,,,,,,,
SH-Q6139,brandegeei,QUBR_2024_0697,TCB-08149,11-2025,4/3/2026,D. Barry,silica,FastPrep - 2x 30sec @ 6.0m/s,Scissors,EZNA,Consolidated,,,,,,,,,,,,,,,,,,,,
SH-Q6140,brandegeei,QUBR_2024_0694,TCB-08150,11-2025,4/3/2026,D. Barry,silica,FastPrep - 2x 30sec @ 6.0m/s,Scissors,EZNA,Consolidated,,,,,,,,,,,,,,,,,,,,
SH-Q6141,brandegeei,QUBR_2024_0693,TCB-08151,11-2025,4/3/2026,D. Barry,silica,FastPrep - 2x 30sec @ 6.0m/s,Scissors,EZNA,Consolidated,,,,,,,,,,,,,,,,,,,,
SH-Q6142,brandegeei,QUBR_2024_0692,TCB-08152,11-2025,4/3/2026,D. Barry,silica,FastPrep - 2x 30sec @ 6.0m/s,Scissors,EZNA,Consolidated,,,,,,,,,,,,,,,,,,,,
SH-Q6143,brandegeei,QUBR_2024_0266,TCB-08154,11-2025,4/3/2026,D. Barry,silica,FastPrep - 2x 30sec @ 6.0m/s,Scissors,EZNA,Consolidated,,,,,,,,,,,,,,,,,,,,
SH-Q6144,brandegeei,QUBR_2024_0274,TCB-08155,11-2025,4/3/2026,D. Barry,silica,FastPrep - 2x 30sec @ 6.0m/s,Scissors,EZNA,Consolidated,,,,,,,,,,,,,,,,,,,,
SH-Q6145,brandegeei,QUBR_2024_0265,TCB-08156,11-2025,4/3/2026,D. Barry,silica,FastPrep - 2x 30sec @ 6.0m/s,Scissors,EZNA,Consolidated,,,,,,,,,,,,,,,,,,,,
SH-Q6146,brandegeei,QUBR_2024_0262,TCB-08157,11-2025,4/3/2026,D. Barry,silica,FastPrep - 2x 30sec @ 6.0m/s,Scissors,EZNA,Consolidated,,,,,,,,,,,,,,,,,,,,
SH-Q6147,brandegeei,QUBR_2024_0263,TCB-08158,11-2025,4/3/2026,D. Barry,silica,FastPrep - 2x 30sec @ 6.0m/s,Scissors,EZNA,Consolidated,,,,,,,,,,,,,,,,,,,,
SH-Q6148,brandegeei,QUBR_2024_0261,TCB-08159,11-2025,4/3/2026,D. Barry,silica,FastPrep - 2x 30sec @ 6.0m/s,Scissors,EZNA,Consolidated,,,,,,,,,,,,,,,,,,,,
SH-Q6149,brandegeei,QUBR_2024_0260,TCB-08160,11-2025,4/3/2026,D. Barry,silica,FastPrep - 2x 30sec @ 6.0m/s,Scissors,EZNA,Consolidated,,,,,,,,,,,,,,,,,,,,
SH-Q6150,brandegeei,QUBR_2024_0269,TCB-08161,11-2025,4/3/2026,D. Barry,silica,FastPrep - 2x 30sec @ 6.0m/s,Scissors,EZNA,Consolidated,,,,,,,,,,,,,,,,,,,,
SH-Q6151,brandegeei,QUBR_2024_0268,TCB-08163,11-2025,4/3/2026,D. Barry,silica,FastPrep - 2x 30sec @ 6.0m/s,Scissors,EZNA,Consolidated,,,,,,,,,,,,,,,,,,,,
SH-Q6152,brandegeei,QUBR_2024_0264,TCB-08164,11-2025,4/3/2026,D. Barry,silica,FastPrep - 2x 30sec @ 6.0m/s,Scissors,EZNA,Consolidated,,,,,,,,,,,,,,,,,,,,
SH-Q6153,brandegeei,QUBR_2024_0259,TCB-08165,11-2025,4/3/2026,D. Barry,silica,FastPrep - 2x 30sec @ 6.0m/s,Scissors,EZNA,Consolidated,,,,,,,,,,,,,,,,,,,,
SH-Q6154,brandegeei,QUBR_2024_0253,TCB-08166,11-2025,4/3/2026,D. Barry,silica,FastPrep - 2x 30sec @ 6.0m/s,Scissors,EZNA,Consolidated,,,,,,,,,,,,,,,,,,,,
SH-Q6155,brandegeei,QUBR_2024_0258,TCB-08167,11-2025,4/3/2026,D. Barry,silica,FastPrep - 2x 30sec @ 6.0m/s,Scissors,EZNA,Consolidated,,,,,,,,,,,,,,,,,,,,
SH-Q6156,brandegeei,QUBR_2024_0257,TCB-08168,11-2025,4/3/2026,D. Barry,silica,FastPrep - 2x 30sec @ 6.0m/s,Scissors,EZNA,Consolidated,,,,,,,,,,,,,,,,,,,,
SH-Q6157,brandegeei,QUBR_2024_0256,TCB-08169,11-2025,4/3/2026,D. Barry,silica,FastPrep - 2x 30sec @ 6.0m/s,Scissors,EZNA,Consolidated,,,,,,,,,,,,,,,,,,,,
SH-Q6158,brandegeei,QUBR_2024_0255,TCB-08170,11-2025,4/3/2026,D. Barry,silica,FastPrep - 2x 30sec @ 6.0m/s,Scissors,EZNA,Consolidated,,,,,,,,,,,,,,,,,,,,
SH-Q6159,brandegeei,QUBR_2024_0254,TCB-08171,11-2025,4/3/2026,D. Barry,silica,FastPrep - 2x 30sec @ 6.0m/s,Scissors,EZNA,Consolidated,,,,,,,,,,,,,,,,,,,,
SH-Q6160,brandegeei,QUBR_2024_0250,TCB-08173,11-2025,4/3/2026,D. Barry,silica,FastPrep - 2x 30sec @ 6.0m/s,Scissors,EZNA,Consolidated,,,,,,,,,,,,,,,,,,,,
SH-Q6161,brandegeei,QUBR_2024_0251,TCB-08174,11-2025,4/3/2026,D. Barry,silica,FastPrep - 2x 30sec @ 6.0m/s,Scissors,EZNA,Consolidated,,,,,,,,,,,,,,,,,,,,
SH-Q6162,brandegeei,QUBR_2024_0249,TCB-08176,11-2025,4/3/2026,D. Barry,silica,FastPrep - 2x 30sec @ 6.0m/s,Scissors,EZNA,Consolidated,,,,,,,,,,,,,,,,,,,,
SH-Q6163,brandegeei,QUBR_2024_0244,TCB-08178,11-2025,4/3/2026,D. Barry,silica,FastPrep - 2x 30sec @ 6.0m/s,Scissors,EZNA,Consolidated,,,,,,,,,,,,,,,,,,,,
SH-Q6164,brandegeei,QUBR_2024_0243,TCB-08179,11-2025,4/3/2026,D. Barry,silica,FastPrep - 2x 30sec @ 6.0m/s,Scissors,EZNA,Consolidated,,,,,,,,,,,,,,,,,,,,
SH-Q6165,brandegeei,QUBR_2024_0277,TCB-08180,11-2025,2026_04_04 - QUBR - Tissue cutting - SH-Q_6165 - SH-Q_6182,,,,,,,,,,,,,,,,,,,,,,,,,,
SH-Q6166,brandegeei,QUBR_2024_0241,TCB-08181,11-2025,,,,,,,,,,,,,,,,,,,,,,,,,,,
SH-Q6167,brandegeei,QUBR_2024_0247,TCB-08182,11-2025,,,,,,,,,,,,,,,,,,,,,,,,,,,
SH-Q6168,brandegeei,QUBR_2024_0242,TCB-08183,11-2025,,,,,,,,,,,,,,,,,,,,,,,,,,,
SH-Q6169,brandegeei,QUBR_2024_0240,TCB-08184,11-2025,,,,,,,,,,,,,,,,,,,,,,,,,,,
SH-Q6170,brandegeei,QUBR_2024_0239,TCB-08185,11-2025,,,,,,,,,,,,,,,,,,,,,,,,,,,
SH-Q6171,brandegeei,QUBR_2024_0238,TCB-08186,11-2025,,,,,,,,,,,,,,,,,,,,,,,,,,,
SH-Q6172,brandegeei,QUBR_2024_0237,TCB-08187,11-2025,,,,,,,,,,,,,,,,,,,,,,,,,,,
SH-Q6173,brandegeei,QUBR_2024_0290,TCB-08188,11-2025,,,,,,,,,,,,,,,,,,,,,,,,,,,
SH-Q6174,brandegeei,QUBR_2024_0236,TCB-08189,11-2025,,,,,,,,,,,,,,,,,,,,,,,,,,,
SH-Q6175,brandegeei,QUBR_2024_0235,TCB-08190,11-2025,,,,,,,,,,,,,,,,,,,,,,,,,,,
SH-Q6176,brandegeei,QUBR_2024_0234,TCB-08191,11-2025,,,,,,,,,,,,,,,,,,,,,,,,,,,
SH-Q6177,brandegeei,QUBR_2024_0232,TCB-08192,11-2025,,,,,,,,,,,,,,,,,,,,,,,,,,,
SH-Q6178,brandegeei,QUBR_2024_0233,TCB-08193,11-2025,,,,,,,,,,,,,,,,,,,,,,,,,,,
SH-Q6179,brandegeei,QUBR_2024_0231,TCB-08194,11-2025,,,,,,,,,,,,,,,,,,,,,,,,,,,
SH-Q6180,brandegeei,QUBR_2024_0246,TCB-08195,11-2025,,,,,,,,,,,,,,,,,,,,,,,,,,,
SH-Q6181,brandegeei,QUBR_2024_0230,TCB-08196,11-2025,,,,,,,,,,,,,,,,,,,,,,,,,,,
SH-Q6182,brandegeei,QUBR_2024_0229,TCB-08197,11-2025,,,,,,,,,,,,,,,,,,,,,,,,,,,
SH-Q6183,brandegeei,QUBR_2024_0228,TCB-08198,11-2025,2026_04_06 - QUBR - Tissue cutting - SH-Q_6189 - SH-Q_6212,,,,,,,,,,,,,,,,,,,,,,,,,,
SH-Q6184,brandegeei,QUBR_2024_0227,TCB-08199,11-2025,,,,,,,,,,,,,,,,,,,,,,,,,,,
SH-Q6185,brandegeei,QUBR_2024_0226,TCB-08200,11-2025,,,,,,,,,,,,,,,,,,,,,,,,,,,
SH-Q6186,brandegeei,QUBR_2024_0225,TCB-08201,11-2025,,,,,,,,,,,,,,,,,,,,,,,,,,,
SH-Q6187,brandegeei,QUBR_2024_0285,TCB-08202,11-2025,,,,,,,,,,,,,,,,,,,,,,,,,,,
SH-Q6188,brandegeei,QUBR_2024_0284,TCB-08203,11-2025,,,,,,,,,,,,,,,,,,,,,,,,,,,
SH-Q6189,brandegeei,QUBR_2024_0287,TCB-08204,11-2025,,,,,,,,,,,,,,,,,,,,,,,,,,,
SH-Q6190,brandegeei,QUBR_2024_0286,TCB-08206,11-2025,,,,,,,,,,,,,,,,,,,,,,,,,,,
SH-Q6191,brandegeei,QUBR_2024_0283,TCB-08207,11-2025,,,,,,,,,,,,,,,,,,,,,,,,,,,
SH-Q6192,brandegeei,QUBR_2024_0280,TCB-08208,11-2025,,,,,,,,,,,,,,,,,,,,,,,,,,,
SH-Q6193,brandegeei,QUBR_2024_0281,TCB-08209,11-2025,,,,,,,,,,,,,,,,,,,,,,,,,,,
SH-Q6194,brandegeei,QUBR_2024_0282,TCB-08210,11-2025,,,,,,,,,,,,,,,,,,,,,,,,,,,
SH-Q6195,brandegeei,QUBR_2024_0271,TCB-08211,11-2025,,,,,,,,,,,,,,,,,,,,,,,,,,,
SH-Q6196,brandegeei,QUBR_2024_0270,TCB-08212,11-2025,,,,,,,,,,,,,,,,,,,,,,,,,,,
SH-Q6197,brandegeei,QUBR_2024_0279,TCB-08213,11-2025,,,,,,,,,,,,,,,,,,,,,,,,,,,
SH-Q6198,brandegeei,QUBR_2024_0278,TCB-08214,11-2025,,,,,,,,,,,,,,,,,,,,,,,,,,,
SH-Q6199,brandegeei,QUBR_2024_0275,TCB-08215,11-2025,,,,,,,,,,,,,,,,,,,,,,,,,,,
SH-Q6200,brandegeei,QUBR_2024_0273,TCB-08216,11-2025,,,,,,,,,,,,,,,,,,,,,,,,,,,
SH-Q6201,brandegeei,QUBR_2024_0272,TCB-08218,11-2025,2026_04_xx - QUBR - Tissue cutting - SH-Q_6201 - SH-Q_6218,,,,,,,,,,,,,,,,,,,,,,,,,,
SH-Q6202,brandegeei,QUBR_2024_0224,TCB-08219,11-2025,,,,,,,,,,,,,,,,,,,,,,,,,,,
SH-Q6203,brandegeei,QUBR_2024_0399,TCB-08221,11-2025,,,,,,,,,,,,,,,,,,,,,,,,,,,
SH-Q6204,brandegeei,QUBR_2024_0397,TCB-08223,11-2025,,,,,,,,,,,,,,,,,,,,,,,,,,,
SH-Q6205,brandegeei,QUBR_2024_0382,TCB-08224,11-2025,,,,,,,,,,,,,,,,,,,,,,,,,,,
SH-Q6206,brandegeei,QUBR_2024_0395,TCB-08226,11-2025,,,,,,,,,,,,,,,,,,,,,,,,,,,
SH-Q6207,brandegeei,QUBR_2024_0381,TCB-08227,11-2025,,,,,,,,,,,,,,,,,,,,,,,,,,,
SH-Q6208,brandegeei,QUBR_2024_0394,TCB-08228,11-2025,,,,,,,,,,,,,,,,,,,,,,,,,,,
SH-Q6209,brandegeei,QUBR_2024_0393,TCB-08229,11-2025,,,,,,,,,,,,,,,,,,,,,,,,,,,
SH-Q6210,brandegeei,QUBR_2024_0380,TCB-08230,11-2025,,,,,,,,,,,,,,,,,,,,,,,,,,,
SH-Q6211,brandegeei,QUBR_2024_0392,TCB-08231,11-2025,,,,,,,,,,,,,,,,,,,,,,,,,,,
SH-Q6212,brandegeei,QUBR_2024_0391,TCB-08232,11-2025,,,,,,,,,,,,,,,,,,,,,,,,,,,
SH-Q6213,brandegeei,QUBR_2024_0379,TCB-08233,11-2025,,,,,,,,,,,,,,,,,,,,,,,,,,,
SH-Q6214,brandegeei,QUBR_2024_0389,TCB-08235,11-2025,,,,,,,,,,,,,,,,,,,,,,,,,,,
SH-Q6215,brandegeei,QUBR_2024_0378,TCB-08236,11-2025,,,,,,,,,,,,,,,,,,,,,,,,,,,
SH-Q6216,brandegeei,QUBR_2024_0388,TCB-08237,11-2025,,,,,,,,,,,,,,,,,,,,,,,,,,,
SH-Q6217,brandegeei,QUBR_2024_0387,TCB-08238,11-2025,,,,,,,,,,,,,,,,,,,,,,,,,,,
SH-Q6218,brandegeei,QUBR_2024_0377,TCB-08239,11-2025,,,,,,,,,,,,,,,,,,,,,,,,,,,
SH-Q6219,brandegeei,QUBR_2024_0386,TCB-08240,11-2025,2026_04_xx - QUBR - Tissue cutting - SH-Q_6219 - SH-Q_6236,,,,,,,,,,,,,,,,,,,,,,,,,,
SH-Q6220,brandegeei,QUBR_2024_0376,TCB-08242,11-2025,,,,,,,,,,,,,,,,,,,,,,,,,,,
SH-Q6221,brandegeei,QUBR_2024_0384,TCB-08243,11-2025,,,,,,,,,,,,,,,,,,,,,,,,,,,
SH-Q6222,brandegeei,QUBR_2024_0383,TCB-08244,11-2025,,,,,,,,,,,,,,,,,,,,,,,,,,,
SH-Q6223,brandegeei,QUBR_2024_0374,TCB-08246,11-2025,,,,,,,,,,,,,,,,,,,,,,,,,,,
SH-Q6224,brandegeei,QUBR_2024_0371,TCB-08248,11-2025,,,,,,,,,,,,,,,,,,,,,,,,,,,
SH-Q6225,brandegeei,QUBR_2024_0370,TCB-08249,11-2025,,,,,,,,,,,,,,,,,,,,,,,,,,,
SH-Q6226,brandegeei,QUBR_2024_0363,TCB-08250,11-2025,,,,,,,,,,,,,,,,,,,,,,,,,,,
SH-Q6227,brandegeei,QUBR_2024_0369,TCB-08251,11-2025,,,,,,,,,,,,,,,,,,,,,,,,,,,
SH-Q6228,brandegeei,QUBR_2024_0367,TCB-08253,11-2025,,,,,,,,,,,,,,,,,,,,,,,,,,,
SH-Q6229,brandegeei,QUBR_2024_0366,TCB-08254,11-2025,,,,,,,,,,,,,,,,,,,,,,,,,,,
SH-Q6230,brandegeei,QUBR_2024_0365,TCB-08255,11-2025,,,,,,,,,,,,,,,,,,,,,,,,,,,
SH-Q6231,brandegeei,QUBR_2024_0364,TCB-08256,11-2025,,,,,,,,,,,,,,,,,,,,,,,,,,,
SH-Q6232,brandegeei,QUBR_2024_0362,TCB-08257,11-2025,,,,,,,,,,,,,,,,,,,,,,,,,,,
SH-Q6233,brandegeei,QUBR_2024_0361,TCB-08258,11-2025,,,,,,,,,,,,,,,,,,,,,,,,,,,
SH-Q6234,brandegeei,QUBR_2024_0360,TCB-08259,11-2025,,,,,,,,,,,,,,,,,,,,,,,,,,,
SH-Q6235,brandegeei,QUBR_2024_0359,TCB-08260,11-2025,,,,,,,,,,,,,,,,,,,,,,,,,,,
SH-Q6236,brandegeei,QUBR_2024_0358,TCB-08261,11-2025,,,,,,,,,,,,,,,,,,,,,,,,,,,
SH-Q6237,brandegeei,QUBR_2024_0357,TCB-08262,11-2025,2026_05_xx - QUBR - Tissue cutting - SH-Q_6237 - SH-Q_6254,,,,,,,,,,,,,,,,,,,,,,,,,,
SH-Q6238,brandegeei,QUBR_2024_0356,TCB-08263,11-2025,,,,,,,,,,,,,,,,,,,,,,,,,,,
SH-Q6239,brandegeei,QUBR_2024_0355,TCB-08264,11-2025,,,,,,,,,,,,,,,,,,,,,,,,,,,
SH-Q6240,brandegeei,QUBR_2024_0354,TCB-08265,11-2025,,,,,,,,,,,,,,,,,,,,,,,,,,,
SH-Q6241,brandegeei,QUBR_2024_0372,TCB-08266,11-2025,,,,,,,,,,,,,,,,,,,,,,,,,,,
SH-Q6242,brandegeei,QUBR_2024_0353,TCB-08267,11-2025,,,,,,,,,,,,,,,,,,,,,,,,,,,
SH-Q6243,brandegeei,QUBR_2024_0351,TCB-08269,11-2025,,,,,,,,,,,,,,,,,,,,,,,,,,,
SH-Q6244,brandegeei,QUBR_2024_0349,TCB-08271,11-2025,,,,,,,,,,,,,,,,,,,,,,,,,,,
SH-Q6245,brandegeei,QUBR_2024_0347,TCB-08273,11-2025,,,,,,,,,,,,,,,,,,,,,,,,,,,
SH-Q6246,brandegeei,QUBR_2024_0346,TCB-08274,11-2025,,,,,,,,,,,,,,,,,,,,,,,,,,,
SH-Q6247,brandegeei,QUBR_2024_0345,TCB-08275,11-2025,,,,,,,,,,,,,,,,,,,,,,,,,,,
SH-Q6248,brandegeei,QUBR_2024_0344,TCB-08276,11-2025,,,,,,,,,,,,,,,,,,,,,,,,,,,
SH-Q6249,brandegeei,QUBR_2024_0343,TCB-08277,11-2025,,,,,,,,,,,,,,,,,,,,,,,,,,,
SH-Q6250,brandegeei,QUBR_2024_0342,TCB-08278,11-2025,,,,,,,,,,,,,,,,,,,,,,,,,,,
SH-Q6251,brandegeei,QUBR_2024_0339,TCB-08281,11-2025,,,,,,,,,,,,,,,,,,,,,,,,,,,
SH-Q6252,brandegeei,QUBR_2024_0338,TCB-08282,11-2025,,,,,,,,,,,,,,,,,,,,,,,,,,,
SH-Q6253,brandegeei,QUBR_2024_0336,TCB-08283,11-2025,,,,,,,,,,,,,,,,,,,,,,,,,,,
SH-Q6254,brandegeei,QUBR_2024_0335,TCB-08285,11-2025,,,,,,,,,,,,,,,,,,,,,,,,,,,
SH-Q6255,brandegeei,QUBR_2024_0334,TCB-08286,11-2025,2026_05_xx - QUBR - Tissue cutting - SH-Q_6255 - SH-Q_6272,,,,,,,,,,,,,,,,,,,,,,,,,,
SH-Q6256,brandegeei,QUBR_2024_0333,TCB-08287,11-2025,,,,,,,,,,,,,,,,,,,,,,,,,,,
SH-Q6257,brandegeei,QUBR_2024_0332,TCB-08288,11-2025,,,,,,,,,,,,,,,,,,,,,,,,,,,
SH-Q6258,brandegeei,QUBR_2024_0330,TCB-08290,11-2025,,,,,,,,,,,,,,,,,,,,,,,,,,,
SH-Q6259,brandegeei,QUBR_2024_0329,TCB-08291,11-2025,,,,,,,,,,,,,,,,,,,,,,,,,,,
SH-Q6260,brandegeei,QUBR_2024_0327,TCB-08292,11-2025,,,,,,,,,,,,,,,,,,,,,,,,,,,
SH-Q6261,brandegeei,QUBR_2024_0326,TCB-08293,11-2025,,,,,,,,,,,,,,,,,,,,,,,,,,,
SH-Q6262,brandegeei,QUBR_2024_0324,TCB-08295,11-2025,,,,,,,,,,,,,,,,,,,,,,,,,,,
SH-Q6263,brandegeei,QUBR_2024_0323,TCB-08296,11-2025,,,,,,,,,,,,,,,,,,,,,,,,,,,
SH-Q6264,brandegeei,QUBR_2024_0322,TCB-08297,11-2025,,,,,,,,,,,,,,,,,,,,,,,,,,,
SH-Q6265,brandegeei,QUBR_2024_0321,TCB-08298,11-2025,,,,,,,,,,,,,,,,,,,,,,,,,,,
SH-Q6266,brandegeei,QUBR_2024_0320,TCB-08299,11-2025,,,,,,,,,,,,,,,,,,,,,,,,,,,
SH-Q6267,brandegeei,QUBR_2024_0328,TCB-08300,11-2025,,,,,,,,,,,,,,,,,,,,,,,,,,,
SH-Q6268,brandegeei,QUBR_2024_0318,TCB-08302,11-2025,,,,,,,,,,,,,,,,,,,,,,,,,,,
SH-Q6269,brandegeei,QUBR_2024_0317,TCB-08303,11-2025,,,,,,,,,,,,,,,,,,,,,,,,,,,
SH-Q6270,brandegeei,QUBR_2024_0316,TCB-08304,11-2025,,,,,,,,,,,,,,,,,,,,,,,,,,,
SH-Q6271,brandegeei,QUBR_2024_0314,TCB-08306,11-2025,,,,,,,,,,,,,,,,,,,,,,,,,,,
SH-Q6272,brandegeei,QUBR_2024_0313,TCB-08307,11-2025,,,,,,,,,,,,,,,,,,,,,,,,,,,
SH-Q6273,brandegeei,QUBR_2024_0312,TCB-08308,11-2025,2026_05_xx - QUBR - Tissue cutting - SH-Q_6273 - SH-Q_6290,,,,,,,,,,,,,,,,,,,,,,,,,,
SH-Q6274,brandegeei,QUBR_2024_0311,TCB-08309,11-2025,,,,,,,,,,,,,,,,,,,,,,,,,,,
SH-Q6275,brandegeei,QUBR_2024_0307,TCB-08313,11-2025,,,,,,,,,,,,,,,,,,,,,,,,,,,
SH-Q6276,brandegeei,QUBR_2024_0305,TCB-08315,11-2025,,,,,,,,,,,,,,,,,,,,,,,,,,,
SH-Q6277,brandegeei,QUBR_2024_0304,TCB-08316,11-2025,,,,,,,,,,,,,,,,,,,,,,,,,,,
SH-Q6278,brandegeei,QUBR_2024_0303,TCB-08317,11-2025,,,,,,,,,,,,,,,,,,,,,,,,,,,
SH-Q6279,brandegeei,QUBR_2024_0302,TCB-08318,11-2025,,,,,,,,,,,,,,,,,,,,,,,,,,,
SH-Q6280,brandegeei,QUBR_2024_0301,TCB-08319,11-2025,,,,,,,,,,,,,,,,,,,,,,,,,,,
SH-Q6281,brandegeei,QUBR_2024_0500,TCB-08320,11-2025,,,,,,,,,,,,,,,,,,,,,,,,,,,
SH-Q6282,brandegeei,QUBR_2024_0499,TCB-08321,11-2025,,,,,,,,,,,,,,,,,,,,,,,,,,,
SH-Q6283,brandegeei,QUBR_2024_0498,TCB-08322,11-2025,,,,,,,,,,,,,,,,,,,,,,,,,,,
SH-Q6284,brandegeei,QUBR_2024_0497,TCB-08323,11-2025,,,,,,,,,,,,,,,,,,,,,,,,,,,
SH-Q6285,brandegeei,QUBR_2024_0496,TCB-08324,11-2025,,,,,,,,,,,,,,,,,,,,,,,,,,,
SH-Q6286,brandegeei,QUBR_2024_0495,TCB-08325,11-2025,,,,,,,,,,,,,,,,,,,,,,,,,,,
SH-Q6287,brandegeei,QUBR_2024_0494,TCB-08326,11-2025,,,,,,,,,,,,,,,,,,,,,,,,,,,
SH-Q6288,brandegeei,QUBR_2024_0493,TCB-08327,11-2025,,,,,,,,,,,,,,,,,,,,,,,,,,,
SH-Q6289,brandegeei,QUBR_2024_0492,TCB-08328,11-2025,,,,,,,,,,,,,,,,,,,,,,,,,,,
SH-Q6290,brandegeei,QUBR_2024_0490,TCB-08330,11-2025,,,,,,,,,,,,,,,,,,,,,,,,,,,
SH-Q6291,brandegeei,QUBR_2024_0489,TCB-08331,11-2025,2026_05_xx - QUBR - Tissue cutting - SH-Q_6291 - SH-Q_6308,,,,,,,,,,,,,,,,,,,,,,,,,,
SH-Q6292,brandegeei,QUBR_2024_0488,TCB-08332,11-2025,,,,,,,,,,,,,,,,,,,,,,,,,,,
SH-Q6293,brandegeei,QUBR_2024_0487,TCB-08333,11-2025,,,,,,,,,,,,,,,,,,,,,,,,,,,
SH-Q6294,brandegeei,QUBR_2024_0223,TCB-08334,11-2025,,,,,,,,,,,,,,,,,,,,,,,,,,,
SH-Q6295,brandegeei,QUBR_2024_0222,TCB-08335,11-2025,,,,,,,,,,,,,,,,,,,,,,,,,,,
SH-Q6296,brandegeei,QUBR_2024_0486,TCB-08337,11-2025,,,,,,,,,,,,,,,,,,,,,,,,,,,
SH-Q6297,brandegeei,QUBR_2024_0485,TCB-08338,11-2025,,,,,,,,,,,,,,,,,,,,,,,,,,,
SH-Q6298,brandegeei,QUBR_2024_0484,TCB-08339,11-2025,,,,,,,,,,,,,,,,,,,,,,,,,,,
SH-Q6299,brandegeei,QUBR_2024_0220,TCB-08340,11-2025,,,,,,,,,,,,,,,,,,,,,,,,,,,
SH-Q6300,brandegeei,QUBR_2024_0483,TCB-08341,11-2025,,,,,,,,,,,,,,,,,,,,,,,,,,,
SH-Q6301,brandegeei,QUBR_2024_0482,TCB-08342,11-2025,,,,,,,,,,,,,,,,,,,,,,,,,,,
SH-Q6302,brandegeei,QUBR_2024_0219,TCB-08343,11-2025,,,,,,,,,,,,,,,,,,,,,,,,,,,
SH-Q6303,brandegeei,QUBR_2024_0481,TCB-08344,11-2025,,,,,,,,,,,,,,,,,,,,,,,,,,,
SH-Q6304,brandegeei,QUBR_2024_0479,TCB-08346,11-2025,,,,,,,,,,,,,,,,,,,,,,,,,,,
SH-Q6305,brandegeei,QUBR_2024_0218,TCB-08347,11-2025,,,,,,,,,,,,,,,,,,,,,,,,,,,
SH-Q6306,brandegeei,QUBR_2024_0478,TCB-08348,11-2025,,,,,,,,,,,,,,,,,,,,,,,,,,,
SH-Q6307,brandegeei,QUBR_2024_0477,TCB-08349,11-2025,,,,,,,,,,,,,,,,,,,,,,,,,,,
SH-Q6308,brandegeei,QUBR_2024_0476,TCB-08350,11-2025,,,,,,,,,,,,,,,,,,,,,,,,,,,
SH-Q6309,brandegeei,QUBR_2024_0474,TCB-08352,11-2025,2026_06_xx - QUBR - Tissue cutting - SH-Q_6309 - SH-Q_6326,,,,,,,,,,,,,,,,,,,,,,,,,,
SH-Q6310,brandegeei,QUBR_2024_0473,TCB-08353,11-2025,,,,,,,,,,,,,,,,,,,,,,,,,,,
SH-Q6311,brandegeei,QUBR_2024_0471,TCB-08354,11-2025,,,,,,,,,,,,,,,,,,,,,,,,,,,
SH-Q6312,brandegeei,QUBR_2024_0472,TCB-08355,11-2025,,,,,,,,,,,,,,,,,,,,,,,,,,,
SH-Q6313,brandegeei,QUBR_2024_0470,TCB-08356,11-2025,,,,,,,,,,,,,,,,,,,,,,,,,,,
SH-Q6314,brandegeei,QUBR_2024_0467,TCB-08358,11-2025,,,,,,,,,,,,,,,,,,,,,,,,,,,
SH-Q6315,brandegeei,QUBR_2024_0466,TCB-08359,11-2025,,,,,,,,,,,,,,,,,,,,,,,,,,,
SH-Q6316,brandegeei,QUBR_2024_0465,TCB-08360,11-2025,,,,,,,,,,,,,,,,,,,,,,,,,,,
SH-Q6317,brandegeei,QUBR_2024_0464,TCB-08361,11-2025,,,,,,,,,,,,,,,,,,,,,,,,,,,
SH-Q6318,brandegeei,QUBR_2024_0215,TCB-08363,11-2025,,,,,,,,,,,,,,,,,,,,,,,,,,,
SH-Q6319,brandegeei,QUBR_2024_0214,TCB-08364,11-2025,,,,,,,,,,,,,,,,,,,,,,,,,,,
SH-Q6320,brandegeei,QUBR_2024_0213,TCB-08365,11-2025,,,,,,,,,,,,,,,,,,,,,,,,,,,
SH-Q6321,brandegeei,QUBR_2024_0212,TCB-08366,11-2025,,,,,,,,,,,,,,,,,,,,,,,,,,,
SH-Q6322,brandegeei,QUBR_2024_0211,TCB-08367,11-2025,,,,,,,,,,,,,,,,,,,,,,,,,,,
SH-Q6323,brandegeei,QUBR_2024_0216,TCB-08368,11-2025,,,,,,,,,,,,,,,,,,,,,,,,,,,
SH-Q6324,brandegeei,QUBR_2024_0463,TCB-08369,11-2025,,,,,,,,,,,,,,,,,,,,,,,,,,,
SH-Q6325,brandegeei,QUBR_2024_0462,TCB-08370,11-2025,,,,,,,,,,,,,,,,,,,,,,,,,,,
SH-Q6326,brandegeei,QUBR_2024_0461,TCB-08371,11-2025,,,,,,,,,,,,,,,,,,,,,,,,,,,
SH-Q6327,brandegeei,QUBR_2024_0460,TCB-08372,11-2025,2026_06_xx - QUBR - Tissue cutting - SH-Q_6327 - SH-Q_6344,,,,,,,,,,,,,,,,,,,,,,,,,,
SH-Q6328,brandegeei,QUBR_2024_0459,TCB-08373,11-2025,,,,,,,,,,,,,,,,,,,,,,,,,,,
SH-Q6329,brandegeei,QUBR_2024_0468,TCB-08374,11-2025,,,,,,,,,,,,,,,,,,,,,,,,,,,
SH-Q6330,brandegeei,QUBR_2024_0111,TCB-08375,11-2025,,,,,,,,,,,,,,,,,,,,,,,,,,,
SH-Q6331,brandegeei,QUBR_2024_0096,TCB-08376,11-2025,,,,,,,,,,,,,,,,,,,,,,,,,,,
SH-Q6332,brandegeei,QUBR_2024_0094,TCB-08377,11-2025,,,,,,,,,,,,,,,,,,,,,,,,,,,
SH-Q6333,brandegeei,QUBR_2024_0092,TCB-08378,11-2025,,,,,,,,,,,,,,,,,,,,,,,,,,,
SH-Q6334,brandegeei,QUBR_2024_0089,TCB-08379,11-2025,,,,,,,,,,,,,,,,,,,,,,,,,,,
SH-Q6335,brandegeei,QUBR_2024_0085,TCB-08380,11-2025,,,,,,,,,,,,,,,,,,,,,,,,,,,
SH-Q6336,brandegeei,QUBR_2024_0083,TCB-08381,11-2025,,,,,,,,,,,,,,,,,,,,,,,,,,,
SH-Q6337,brandegeei,QUBR_2024_0081,TCB-08382,11-2025,,,,,,,,,,,,,,,,,,,,,,,,,,,
SH-Q6338,brandegeei,QUBR_2024_0079,TCB-08383,11-2025,,,,,,,,,,,,,,,,,,,,,,,,,,,
SH-Q6339,brandegeei,QUBR_2024_0076,TCB-08384,11-2025,,,,,,,,,,,,,,,,,,,,,,,,,,,
SH-Q6340,brandegeei,QUBR_2024_0075,TCB-08385,11-2025,,,,,,,,,,,,,,,,,,,,,,,,,,,
SH-Q6341,brandegeei,QUBR_2024_0077,TCB-08386,11-2025,,,,,,,,,,,,,,,,,,,,,,,,,,,
SH-Q6342,brandegeei,QUBR_2024_0074,TCB-08387,11-2025,,,,,,,,,,,,,,,,,,,,,,,,,,,
SH-Q6343,brandegeei,QUBR_2024_0072,TCB-08389,11-2025,,,,,,,,,,,,,,,,,,,,,,,,,,,
SH-Q6344,brandegeei,QUBR_2024_0071,TCB-08390,11-2025,,,,,,,,,,,,,,,,,,,,,,,,,,,
SH-Q6345,brandegeei,QUBR_2024_0068,TCB-08391,11-2025,2026_06_xx - QUBR - Tissue cutting - SH-Q_6345 - SH-Q_6362,,,,,,,,,,,,,,,,,,,,,,,,,,
SH-Q6346,brandegeei,QUBR_2024_0069,TCB-08392,11-2025,,,,,,,,,,,,,,,,,,,,,,,,,,,
SH-Q6347,brandegeei,QUBR_2024_0108,TCB-08393,11-2025,,,,,,,,,,,,,,,,,,,,,,,,,,,
SH-Q6348,brandegeei,QUBR_2024_0103,TCB-08394,11-2025,,,,,,,,,,,,,,,,,,,,,,,,,,,
SH-Q6349,brandegeei,QUBR_2024_0102,TCB-08395,11-2025,,,,,,,,,,,,,,,,,,,,,,,,,,,
SH-Q6350,brandegeei,QUBR_2024_0107,TCB-08396,11-2025,,,,,,,,,,,,,,,,,,,,,,,,,,,
SH-Q6351,brandegeei,QUBR_2024_0104,TCB-08397,11-2025,,,,,,,,,,,,,,,,,,,,,,,,,,,
SH-Q6352,brandegeei,QUBR_2024_0098,TCB-08398,11-2025,,,,,,,,,,,,,,,,,,,,,,,,,,,
SH-Q6353,brandegeei,QUBR_2024_0187,TCB-08399,11-2025,,,,,,,,,,,,,,,,,,,,,,,,,,,
SH-Q6354,brandegeei,QUBR_2024_0186,TCB-08400,11-2025,,,,,,,,,,,,,,,,,,,,,,,,,,,
SH-Q6355,brandegeei,QUBR_2024_0189,TCB-08401,11-2025,,,,,,,,,,,,,,,,,,,,,,,,,,,
SH-Q6356,brandegeei,QUBR_2024_0193,TCB-08403,11-2025,,,,,,,,,,,,,,,,,,,,,,,,,,,
SH-Q6357,brandegeei,QUBR_2024_0432,TCB-07791,11-2025,,,,,,,,,,,,,,,,,,,,,,,,,,,
SH-Q6358,brandegeei,QUBR_2024_0419,TCB-07792,11-2025,,,,,,,,,,,,,,,,,,,,,,,,,,,
SH-Q6359,brandegeei,QUBR_2024_0407,TCB-07828,11-2025,,,,,,,,,,,,,,,,,,,,,,,,,,,
SH-Q6360,brandegeei,QUBR_2024_0402,TCB-07833,11-2025,,,,,,,,,,,,,,,,,,,,,,,,,,,
SH-Q6361,brandegeei,QUBR_2024_0158,TCB-07875,11-2025,,,,,,,,,,,,,,,,,,,,,,,,,,,
SH-Q6362,brandegeei,QUBR_2024_0119,TCB-07922,11-2025,,,,,,,,,,,,,,,,,,,,,,,,,,,
SH-Q6363,brandegeei,QUBR_2024_0741,TCB-07926,11-2025,2026_06_xx - QUBR - Tissue cutting - SH-Q_6363 - SH-Q_6380,,,,,,,,,,,,,,,,,,,,,,,,,,
SH-Q6364,brandegeei,QUBR_2024_0727,TCB-07933,11-2025,,,,,,,,,,,,,,,,,,,,,,,,,,,
SH-Q6365,brandegeei,QUBR_2024_0724,TCB-07939,11-2025,,,,,,,,,,,,,,,,,,,,,,,,,,,
SH-Q6366,brandegeei,QUBR_2024_0066,TCB-08044,11-2025,,,,,,,,,,,,,,,,,,,,,,,,,,,
SH-Q6367,brandegeei,QUBR_2024_0061,TCB-08045,11-2025,,,,,,,,,,,,,,,,,,,,,,,,,,,
SH-Q6368,brandegeei,QUBR_2024_0053,TCB-08048,11-2025,,,,,,,,,,,,,,,,,,,,,,,,,,,
SH-Q6369,brandegeei,QUBR_2024_0691,TCB-08132,11-2025,,,,,,,,,,,,,,,,,,,,,,,,,,,
SH-Q6370,brandegeei,QUBR_2024_0696,TCB-08148,11-2025,,,,,,,,,,,,,,,,,,,,,,,,,,,
SH-Q6371,brandegeei,QUBR_2024_0695,TCB-08153,11-2025,,,,,,,,,,,,,,,,,,,,,,,,,,,
SH-Q6372,brandegeei,QUBR_2024_0400,TCB-08220,11-2025,,,,,,,,,,,,,,,,,,,,,,,,,,,
SH-Q6373,brandegeei,QUBR_2024_0396,TCB-08225,11-2025,,,,,,,,,,,,,,,,,,,,,,,,,,,
SH-Q6374,brandegeei,QUBR_2024_0385,TCB-08241,11-2025,,,,,,,,,,,,,,,,,,,,,,,,,,,
SH-Q6375,brandegeei,QUBR_2024_0368,TCB-08252,11-2025,,,,,,,,,,,,,,,,,,,,,,,,,,,
SH-Q6376,brandegeei,QUBR_2024_0350,TCB-08270,11-2025,,,,,,,,,,,,,,,,,,,,,,,,,,,
SH-Q6377,brandegeei,QUBR_2024_0341,TCB-08279,11-2025,,,,,,,,,,,,,,,,,,,,,,,,,,,
SH-Q6378,brandegeei,QUBR_2024_0340,TCB-08280,11-2025,,,,,,,,,,,,,,,,,,,,,,,,,,,
SH-Q6379,brandegeei,QUBR_2024_0337,TCB-08284,11-2025,,,,,,,,,,,,,,,,,,,,,,,,,,,
SH-Q6380,brandegeei,QUBR_2024_0331,TCB-08289,11-2025,,,,,,,,,,,,,,,,,,,,,,,,,,,
SH-Q6381,brandegeei,QUBR_2024_0325,TCB-08294,11-2025,2026_05_xx - QUBR - Tissue cutting - SH-Q_6381 - SH-Q_6388,,,,,,,,,,,,,,,,,,,,,,,,,,
SH-Q6382,brandegeei,QUBR_2024_0319,TCB-08301,11-2025,,,,,,,,,,,,,,,,,,,,,,,,,,,
SH-Q6383,brandegeei,QUBR_2024_0309,TCB-08311,11-2025,,,,,,,,,,,,,,,,,,,,,,,,,,,
SH-Q6384,brandegeei,QUBR_2024_0221,TCB-08336,11-2025,,,,,,,,,,,,,,,,,,,,,,,,,,,
SH-Q6385,brandegeei,QUBR_2024_0217,TCB-08362,11-2025,,,,,,,,,,,,,,,,,,,,,,,,,,,
SH-Q6386,brandegeei,QUBR_2024_0194,TCB-08402,11-2025,,,,,,,,,,,,,,,,,,,,,,,,,,,
SH-Q6387,brandegeei,QUBR_2024_0192,TCB-08404,11-2025,,,,,,,,,,,,,,,,,,,,,,,,,,,
SH-Q6388,brandegeei,QUBR_2024_0191,TCB-08405,11-2025,,,,,,,,,,,,,,,,,,,,,,,,,,,
SH-Q6389,brandegeei,QUBR_2024_0188,TCB-08407,11-2025,2026_06_xx - QUBR - Tissue cutting - SH-Q_6389 - SH-Q_6404,,,,,,,,,,,,,,,,,,,,,,,,,,
SH-Q6390,brandegeei,QUBR_2024_0195,TCB-08408,11-2025,,,,,,,,,,,,,,,,,,,,,,,,,,,
SH-Q6391,brandegeei,QUBR_2024_0196,TCB-08409,11-2025,,,,,,,,,,,,,,,,,,,,,,,,,,,
SH-Q6392,brandegeei,QUBR_2024_0200,TCB-08410,11-2025,,,,,,,,,,,,,,,,,,,,,,,,,,,
SH-Q6393,brandegeei,QUBR_2024_0197,TCB-08411,11-2025,,,,,,,,,,,,,,,,,,,,,,,,,,,
SH-Q6394,brandegeei,QUBR_2024_0198,TCB-08412,11-2025,,,,,,,,,,,,,,,,,,,,,,,,,,,
SH-Q6395,brandegeei,QUBR_2024_0202,TCB-08413,11-2025,,,,,,,,,,,,,,,,,,,,,,,,,,,
SH-Q6396,brandegeei,QUBR_2024_0550,TCB-08416,11-2025,,,,,,,,,,,,,,,,,,,,,,,,,,,
SH-Q6397,brandegeei,QUBR_2024_0549,TCB-08417,11-2025,,,,,,,,,,,,,,,,,,,,,,,,,,,
SH-Q6398,brandegeei,QUBR_2024_0545,TCB-08421,11-2025,,,,,,,,,,,,,,,,,,,,,,,,,,,
SH-Q6399,brandegeei,QUBR_2024_0544,TCB-08422,11-2025,,,,,,,,,,,,,,,,,,,,,,,,,,,
SH-Q6400,brandegeei,QUBR_2024_0543,TCB-08423,11-2025,,,,,,,,,,,,,,,,,,,,,,,,,,,
SH-Q6401,brandegeei,QUBR_2024_0563,TCB-08427,11-2025,,,,,,,,,,,,,,,,,,,,,,,,,,,
SH-Q6402,brandegeei,QUBR_2024_0561,TCB-08429,11-2025,,,,,,,,,,,,,,,,,,,,,,,,,,,
SH-Q6403,brandegeei,QUBR_2024_0560,TCB-08430,11-2025,,,,,,,,,,,,,,,,,,,,,,,,,,,
SH-Q6404,brandegeei,QUBR_2024_0559,TCB-08431,11-2025,,,,,,,,,,,,,,,,,,,,,,,,,,,
SH-Q6405,brandegeei,QUBR_2024_0558,TCB-08432,11-2025,2026_06_xx - QUBR - Tissue cutting - SH-Q_6405 - SH-Q_6428,,,,,,,,,,,,,,,,,,,,,,,,,,
SH-Q6406,brandegeei,QUBR_2024_0557,TCB-08433,11-2025,,,,,,,,,,,,,,,,,,,,,,,,,,,
SH-Q6407,brandegeei,QUBR_2024_0556,TCB-08434,11-2025,,,,,,,,,,,,,,,,,,,,,,,,,,,
SH-Q6408,brandegeei,QUBR_2024_0555,TCB-08435,11-2025,,,,,,,,,,,,,,,,,,,,,,,,,,,
SH-Q6409,brandegeei,QUBR_2024_0554,TCB-08436,11-2025,,,,,,,,,,,,,,,,,,,,,,,,,,,
SH-Q6410,brandegeei,QUBR_2024_0542,TCB-08438,11-2025,,,,,,,,,,,,,,,,,,,,,,,,,,,
SH-Q6411,brandegeei,QUBR_2024_0541,TCB-08439,11-2025,,,,,,,,,,,,,,,,,,,,,,,,,,,
SH-Q6412,brandegeei,QUBR_2024_0540,TCB-08440,11-2025,,,,,,,,,,,,,,,,,,,,,,,,,,,
SH-Q6413,brandegeei,QUBR_2024_0539,TCB-08441,11-2025,,,,,,,,,,,,,,,,,,,,,,,,,,,
SH-Q6414,brandegeei,QUBR_2024_0537,TCB-08443,11-2025,,,,,,,,,,,,,,,,,,,,,,,,,,,
SH-Q6415,brandegeei,QUBR_2024_0536,TCB-08444,11-2025,,,,,,,,,,,,,,,,,,,,,,,,,,,
SH-Q6416,brandegeei,QUBR_2024_0535,TCB-08445,11-2025,,,,,,,,,,,,,,,,,,,,,,,,,,,
SH-Q6417,brandegeei,QUBR_2024_0533,TCB-08447,11-2025,,,,,,,,,,,,,,,,,,,,,,,,,,,
SH-Q6418,brandegeei,QUBR_2024_0532,TCB-08448,11-2025,,,,,,,,,,,,,,,,,,,,,,,,,,,
SH-Q6419,brandegeei,QUBR_2024_0531,TCB-08449,11-2025,,,,,,,,,,,,,,,,,,,,,,,,,,,
SH-Q6420,brandegeei,QUBR_2024_0530,TCB-08450,11-2025,,,,,,,,,,,,,,,,,,,,,,,,,,,
SH-Q6421,brandegeei,QUBR_2024_0529,TCB-08451,11-2025,,,,,,,,,,,,,,,,,,,,,,,,,,,
SH-Q6422,brandegeei,QUBR_2024_0528,TCB-08452,11-2025,,,,,,,,,,,,,,,,,,,,,,,,,,,
SH-Q6423,brandegeei,QUBR_2024_0526,TCB-08454,11-2025,,,,,,,,,,,,,,,,,,,,,,,,,,,
SH-Q6424,brandegeei,QUBR_2024_0525,TCB-08455,11-2025,,,,,,,,,,,,,,,,,,,,,,,,,,,
SH-Q6425,brandegeei,QUBR_2024_0523,TCB-08457,11-2025,,,,,,,,,,,,,,,,,,,,,,,,,,,
SH-Q6426,brandegeei,QUBR_2024_0522,TCB-08458,11-2025,,,,,,,,,,,,,,,,,,,,,,,,,,,
SH-Q6427,brandegeei,QUBR_2024_0521,TCB-08459,11-2025,,,,,,,,,,,,,,,,,,,,,,,,,,,
SH-Q6428,brandegeei,QUBR_2024_0519,TCB-08461,11-2025,,,,,,,,,,,,,,,,,,,,,,,,,,,
SH-Q6429,brandegeei,QUBR_2024_0518,TCB-08462,11-2025,2026_06_xx - QUBR - Tissue cutting - SH-Q_6429 - SH-Q_6452,,,,,,,,,,,,,,,,,,,,,,,,,,
SH-Q6430,brandegeei,QUBR_2024_0516,TCB-08464,11-2025,,,,,,,,,,,,,,,,,,,,,,,,,,,
SH-Q6431,brandegeei,QUBR_2024_0515,TCB-08465,11-2025,,,,,,,,,,,,,,,,,,,,,,,,,,,
SH-Q6432,brandegeei,QUBR_2024_0514,TCB-08466,11-2025,,,,,,,,,,,,,,,,,,,,,,,,,,,
SH-Q6433,brandegeei,QUBR_2024_0513,TCB-08467,11-2025,,,,,,,,,,,,,,,,,,,,,,,,,,,
SH-Q6434,brandegeei,QUBR_2024_0508,TCB-08472,11-2025,,,,,,,,,,,,,,,,,,,,,,,,,,,
SH-Q6435,brandegeei,QUBR_2024_0506,TCB-08474,11-2025,,,,,,,,,,,,,,,,,,,,,,,,,,,
SH-Q6436,brandegeei,QUBR_2024_0504,TCB-08476,11-2025,,,,,,,,,,,,,,,,,,,,,,,,,,,
SH-Q6437,brandegeei,QUBR_2024_0503,TCB-08477,11-2025,,,,,,,,,,,,,,,,,,,,,,,,,,,
SH-Q6438,brandegeei,QUBR_2024_0501,TCB-08479,11-2025,,,,,,,,,,,,,,,,,,,,,,,,,,,
SH-Q6439,brandegeei,QUBR_2024_0204,TCB-08480,11-2025,,,,,,,,,,,,,,,,,,,,,,,,,,,
SH-Q6440,brandegeei,QUBR_2024_0203,TCB-08481,11-2025,,,,,,,,,,,,,,,,,,,,,,,,,,,
SH-Q6441,brandegeei,QUBR_2024_0199,TCB-08483,11-2025,,,,,,,,,,,,,,,,,,,,,,,,,,,
SH-Q6442,brandegeei,QUBR_2024_0654,TCB-08485,11-2025,,,,,,,,,,,,,,,,,,,,,,,,,,,
SH-Q6443,brandegeei,QUBR_2024_0653,TCB-08486,11-2025,,,,,,,,,,,,,,,,,,,,,,,,,,,
SH-Q6444,brandegeei,QUBR_2024_0652,TCB-08487,11-2025,,,,,,,,,,,,,,,,,,,,,,,,,,,
SH-Q6445,brandegeei,QUBR_2024_0651,TCB-08488,11-2025,,,,,,,,,,,,,,,,,,,,,,,,,,,
SH-Q6446,brandegeei,QUBR_2024_0650,TCB-08489,11-2025,,,,,,,,,,,,,,,,,,,,,,,,,,,
SH-Q6447,brandegeei,QUBR_2024_0649,TCB-08491,11-2025,,,,,,,,,,,,,,,,,,,,,,,,,,,
SH-Q6448,brandegeei,QUBR_2024_0648,TCB-08492,11-2025,,,,,,,,,,,,,,,,,,,,,,,,,,,
SH-Q6449,brandegeei,QUBR_2024_0647,TCB-08493,11-2025,,,,,,,,,,,,,,,,,,,,,,,,,,,
SH-Q6450,brandegeei,QUBR_2024_0646,TCB-08494,11-2025,,,,,,,,,,,,,,,,,,,,,,,,,,,
SH-Q6451,brandegeei,QUBR_2024_0644,TCB-08496,11-2025,,,,,,,,,,,,,,,,,,,,,,,,,,,
SH-Q6452,brandegeei,QUBR_2024_0643,TCB-08497,11-2025,,,,,,,,,,,,,,,,,,,,,,,,,,,
SH-Q6453,brandegeei,QUBR_2024_0642,TCB-08498,11-2025,2026_06_xx - QUBR - Tissue cutting - SH-Q_6453 - SH-Q_6476,,,,,,,,,,,,,,,,,,,,,,,,,,
SH-Q6454,brandegeei,QUBR_2024_0641,TCB-08499,11-2025,,,,,,,,,,,,,,,,,,,,,,,,,,,
SH-Q6455,brandegeei,QUBR_2024_0640,TCB-08500,11-2025,,,,,,,,,,,,,,,,,,,,,,,,,,,
SH-Q6456,brandegeei,QUBR_2024_0639,TCB-08501,11-2025,,,,,,,,,,,,,,,,,,,,,,,,,,,
SH-Q6457,brandegeei,QUBR_2024_0638,TCB-08502,11-2025,,,,,,,,,,,,,,,,,,,,,,,,,,,
SH-Q6458,brandegeei,QUBR_2024_0637,TCB-08503,11-2025,,,,,,,,,,,,,,,,,,,,,,,,,,,
SH-Q6459,brandegeei,QUBR_2024_0636,TCB-08504,11-2025,,,,,,,,,,,,,,,,,,,,,,,,,,,
SH-Q6460,brandegeei,QUBR_2024_0633,TCB-08507,11-2025,,,,,,,,,,,,,,,,,,,,,,,,,,,
SH-Q6461,brandegeei,QUBR_2024_0632,TCB-08508,11-2025,,,,,,,,,,,,,,,,,,,,,,,,,,,
SH-Q6462,brandegeei,QUBR_2024_0629,TCB-08511,11-2025,,,,,,,,,,,,,,,,,,,,,,,,,,,
SH-Q6463,brandegeei,QUBR_2024_0628,TCB-08512,11-2025,,,,,,,,,,,,,,,,,,,,,,,,,,,
SH-Q6464,brandegeei,QUBR_2024_0626,TCB-08514,11-2025,,,,,,,,,,,,,,,,,,,,,,,,,,,
SH-Q6465,brandegeei,QUBR_2024_0624,TCB-08515,11-2025,,,,,,,,,,,,,,,,,,,,,,,,,,,
SH-Q6466,brandegeei,QUBR_2024_0623,TCB-08516,11-2025,,,,,,,,,,,,,,,,,,,,,,,,,,,
SH-Q6467,brandegeei,QUBR_2024_0622,TCB-08517,11-2025,,,,,,,,,,,,,,,,,,,,,,,,,,,
SH-Q6468,brandegeei,QUBR_2024_0621,TCB-08518,11-2025,,,,,,,,,,,,,,,,,,,,,,,,,,,
SH-Q6469,brandegeei,QUBR_2024_0620,TCB-08519,11-2025,,,,,,,,,,,,,,,,,,,,,,,,,,,
SH-Q6470,brandegeei,QUBR_2024_0619,TCB-08520,11-2025,,,,,,,,,,,,,,,,,,,,,,,,,,,
SH-Q6471,brandegeei,QUBR_2024_0618,TCB-08521,11-2025,,,,,,,,,,,,,,,,,,,,,,,,,,,
SH-Q6472,brandegeei,QUBR_2024_0617,TCB-08522,11-2025,,,,,,,,,,,,,,,,,,,,,,,,,,,
SH-Q6473,brandegeei,QUBR_2024_0616,TCB-08523,11-2025,,,,,,,,,,,,,,,,,,,,,,,,,,,
SH-Q6474,brandegeei,QUBR_2024_0614,TCB-08525,11-2025,,,,,,,,,,,,,,,,,,,,,,,,,,,
SH-Q6475,brandegeei,QUBR_2024_0611,TCB-08528,11-2025,,,,,,,,,,,,,,,,,,,,,,,,,,,
SH-Q6476,brandegeei,QUBR_2024_0608,TCB-08531,11-2025,,,,,,,,,,,,,,,,,,,,,,,,,,,
SH-Q6477,brandegeei,QUBR_2024_0607,TCB-08532,11-2025,2026_06_xx - QUBR - Tissue cutting - SH-Q_6477 - SH-Q_6500,,,,,,,,,,,,,,,,,,,,,,,,,,
SH-Q6478,brandegeei,QUBR_2024_0605,TCB-08534,11-2025,,,,,,,,,,,,,,,,,,,,,,,,,,,
SH-Q6479,brandegeei,QUBR_2024_0602,TCB-08537,11-2025,,,,,,,,,,,,,,,,,,,,,,,,,,,
SH-Q6480,brandegeei,QUBR_2024_0601,TCB-08538,11-2025,,,,,,,,,,,,,,,,,,,,,,,,,,,
SH-Q6481,brandegeei,QUBR_2024_0600,TCB-08539,11-2025,,,,,,,,,,,,,,,,,,,,,,,,,,,
SH-Q6482,brandegeei,QUBR_2024_0599,TCB-08540,11-2025,,,,,,,,,,,,,,,,,,,,,,,,,,,
SH-Q6483,brandegeei,QUBR_2024_0598,TCB-08541,11-2025,,,,,,,,,,,,,,,,,,,,,,,,,,,
SH-Q6484,brandegeei,QUBR_2024_0595,TCB-08544,11-2025,,,,,,,,,,,,,,,,,,,,,,,,,,,
SH-Q6485,brandegeei,QUBR_2024_0594,TCB-08545,11-2025,,,,,,,,,,,,,,,,,,,,,,,,,,,
SH-Q6486,brandegeei,QUBR_2024_0592,TCB-08547,11-2025,,,,,,,,,,,,,,,,,,,,,,,,,,,
SH-Q6487,brandegeei,QUBR_2024_0591,TCB-08548,11-2025,,,,,,,,,,,,,,,,,,,,,,,,,,,
SH-Q6488,brandegeei,QUBR_2024_0590,TCB-08549,11-2025,,,,,,,,,,,,,,,,,,,,,,,,,,,
SH-Q6489,brandegeei,QUBR_2024_0589,TCB-08550,11-2025,,,,,,,,,,,,,,,,,,,,,,,,,,,
SH-Q6490,brandegeei,QUBR_2024_0587,TCB-08552,11-2025,,,,,,,,,,,,,,,,,,,,,,,,,,,
SH-Q6491,brandegeei,QUBR_2024_0586,TCB-08553,11-2025,,,,,,,,,,,,,,,,,,,,,,,,,,,
SH-Q6492,brandegeei,QUBR_2024_0585,TCB-08554,11-2025,,,,,,,,,,,,,,,,,,,,,,,,,,,
SH-Q6493,brandegeei,QUBR_2024_0584,TCB-08555,11-2025,,,,,,,,,,,,,,,,,,,,,,,,,,,
SH-Q6494,brandegeei,QUBR_2024_0581,TCB-08558,11-2025,,,,,,,,,,,,,,,,,,,,,,,,,,,
SH-Q6495,brandegeei,QUBR_2024_0579,TCB-08560,11-2025,,,,,,,,,,,,,,,,,,,,,,,,,,,
SH-Q6496,brandegeei,QUBR_2024_0577,TCB-08562,11-2025,,,,,,,,,,,,,,,,,,,,,,,,,,,
SH-Q6497,brandegeei,QUBR_2024_0576,TCB-08563,11-2025,,,,,,,,,,,,,,,,,,,,,,,,,,,
SH-Q6498,brandegeei,QUBR_2024_0575,TCB-08564,11-2025,,,,,,,,,,,,,,,,,,,,,,,,,,,
SH-Q6499,brandegeei,QUBR_2024_0574,TCB-08565,11-2025,,,,,,,,,,,,,,,,,,,,,,,,,,,
SH-Q6500,brandegeei,QUBR_2024_0572,TCB-08567,11-2025,,,,,,,,,,,,,,,,,,,,,,,,,,,
SH-Q6501,brandegeei,QUBR_2024_0571,TCB-08568,11-2025,,,,,,,,,,,,,,,,,,,,,,,,,,,
SH-Q6502,brandegeei,QUBR_2024_0570,TCB-08569,11-2025,,,,,,,,,,,,,,,,,,,,,,,,,,,
SH-Q6503,brandegeei,QUBR_2024_0569,TCB-08570,11-2025,,,,,,,,,,,,,,,,,,,,,,,,,,,
SH-Q6504,brandegeei,QUBR_2024_0568,TCB-08571,11-2025,,,,,,,,,,,,,,,,,,,,,,,,,,,
SH-Q6505,brandegeei,QUBR_2024_0567,TCB-08572,11-2025,,,,,,,,,,,,,,,,,,,,,,,,,,,
SH-Q6506,brandegeei,,,,,,,,,,,,,,,,,,,,,,,,,,,,,,
SH-Q6507,brandegeei,,,,,,,,,,,,,,,,,,,,,,,,,,,,,,
SH-Q6508,brandegeei,,,,,,,,,,,,,,,,,,,,,,,,,,,,,,
SH-Q6509,brandegeei,,,,,,,,,,,,,,,,,,,,,,,,,,,,,,
SH-Q6510,brandegeei,,,,,,,,,,,,,,,,,,,,,,,,,,,,,,
SH-Q6511,brandegeei,,,,,,,,,,,,,,,,,,,,,,,,,,,,,,
SH-Q6512,brandegeei,,,,,,,,,,,,,,,,,,,,,,,,,,,,,,
SH-Q6513,brandegeei,,,,,,,,,,,,,,,,,,,,,,,,,,,,,,
SH-Q6514,brandegeei,,,,,,,,,,,,,,,,,,,,,,,,,,,,,,
SH-Q6515,brandegeei,,,,,,,,,,,,,,,,,,,,,,,,,,,,,,
SH-Q6516,brandegeei,,,,,,,,,,,,,,,,,,,,,,,,,,,,,,
SH-Q6517,brandegeei,,,,,,,,,,,,,,,,,,,,,,,,,,,,,,
SH-Q6518,brandegeei,,,,,,,,,,,,,,,,,,,,,,,,,,,,,,
SH-Q6519,brandegeei,,,,,,,,,,,,,,,,,,,,,,,,,,,,,,
SH-Q6520,brandegeei,,,,,,,,,,,,,,,,,,,,,,,,,,,,,,
SH-Q6521,brandegeei,,,,,,,,,,,,,,,,,,,,,,,,,,,,,,
SH-Q6522,brandegeei,,,,,,,,,,,,,,,,,,,,,,,,,,,,,,
SH-Q6523,brandegeei,,,,,,,,,,,,,,,,,,,,,,,,,,,,,,
SH-Q6524,brandegeei,,,,,,,,,,,,,,,,,,,,,,,,,,,,,,
SH-Q6525,brandegeei,,,,,,,,,,,,,,,,,,,,,,,,,,,,,,
SH-Q6526,brandegeei,,,,,,,,,,,,,,,,,,,,,,,,,,,,,,
SH-Q6527,brandegeei,,,,,,,,,,,,,,,,,,,,,,,,,,,,,,
SH-Q6528,brandegeei,,,,,,,,,,,,,,,,,,,,,,,,,,,,,,
SH-Q6529,brandegeei,,,,,,,,,,,,,,,,,,,,,,,,,,,,,,
SH-Q6530,brandegeei,,,,,,,,,,,,,,,,,,,,,,,,,,,,,,
SH-Q6531,brandegeei,,,,,,,,,,,,,,,,,,,,,,,,,,,,,,
SH-Q6532,brandegeei,,,,,,,,,,,,,,,,,,,,,,,,,,,,,,
SH-Q6533,brandegeei,,,,,,,,,,,,,,,,,,,,,,,,,,,,,,
SH-Q6534,brandegeei,,,,,,,,,,,,,,,,,,,,,,,,,,,,,,
SH-Q6535,brandegeei,,,,,,,,,,,,,,,,,,,,,,,,,,,,,,
SH-Q6536,brandegeei,,,,,,,,,,,,,,,,,,,,,,,,,,,,,,